fM,fPt
2.4669197,2.5569894
2.2321596,2.5846019
2.3241503,2.5735295
2.1146283,2.6393828
2.4638655,2.5128477
2.3868258,2.5326824
2.1554859,2.6834807
2.1221883,2.6775687
2.150177,2.5869486
2.3646362,2.563296
2.2684767,2.682878
2.1108503,2.5765538
2.2526927,2.576053
2.112747,2.6374488
2.1293101,2.588168
2.1672196,2.5771573
2.3198953,2.549615
2.3400862,2.5727339
2.1381838,2.5498824
2.224928,2.572172
2.163526,2.6884623
2.2845635,2.575071
2.155807,2.5625532
2.1020591,2.626752
2.4404278,2.6855974
2.2397773,2.5130491
2.3084888,2.664182
2.1163666,2.612293
2.4342318,2.632438
2.2489798,2.5228214
2.377827,2.5394604
2.118057,2.571897
2.4165177,2.5092535
2.1844788,2.571478
2.1948235,2.6476212
2.101763,2.555282
2.4569368,2.6494732
2.158136,2.5647037
2.2622468,2.6252792
2.2343528,2.5089629
2.1476529,2.6132984
2.1637113,2.5296733
2.49082,2.5941606
2.4387658,2.5941606
2.4936259,2.6474943
2.2819333,2.6931057
2.1414196,2.6993315
2.244937,2.6555238
2.1153486,2.6076698
2.1793296,2.5480223
2.2572875,2.6644773
2.1088126,2.5682867
2.2680562,2.6921706
2.4853477,2.5392985
2.1330202,2.5385823
2.2465563,2.5384831
2.343395,2.5951447
2.165759,2.5382247
2.220119,2.5781636
2.1475368,2.642233
2.1348078,2.6097963
2.2961826,2.666138
2.1334534,2.5333138
2.2669106,2.6840982
2.3208396,2.5494046
2.246129,2.648356
2.2796555,2.6013684
2.2187552,2.5229957
2.192142,2.5506647
2.1705077,2.525963
2.1587527,2.6008043
2.1997561,2.5986454
2.2575107,2.6994991
2.178421,2.630866
2.1511228,2.6654036
2.241689,2.6931405
2.1506236,2.6436899
2.1355877,2.5260785
2.154597,2.6832933
2.279241,2.6984627
2.370142,2.6147716
2.2965837,2.5928369
2.1354675,2.5042799
2.2813787,2.5707276
2.3563266,2.6058216
2.2988951,2.623783
2.142601,2.5100758
2.2872927,2.648904
2.248016,2.6701448
2.3135602,2.5057347
2.3215244,2.6801367
2.4719615,2.561343
2.1163244,2.5484788
2.2267113,2.6554914
2.2027857,2.528644
2.1150331,2.6834943
2.2117264,2.5334737
2.51853,2.6338446
2.5243382,2.554763
2.3472989,2.635933
2.2465224,2.610932
2.5401707,2.5441244
2.285752,2.6722732
2.34498,2.5498927
2.2934802,2.5978215
2.4089515,2.683767
2.1495605,2.6475267
2.425083,2.5118134
2.242888,2.5031652
2.113356,2.5662017
2.5120418,2.5342548
2.5050223,2.5098958
2.5247493,2.6735356
2.2760966,2.661849
2.2773995,2.6907318
2.1080735,2.606879
2.1785774,2.6662943
2.3269975,2.545183
2.219706,2.5095096
2.3415132,2.6356397
2.2932284,2.501285
2.1415727,2.5748842
2.1187153,2.5141225
2.1946318,2.5144336
2.380504,2.5852172
2.2212832,2.634842
2.2408204,2.6607218
2.2250226,2.5319843
2.1489053,2.6410208
2.1653419,2.6321297
2.3486085,2.642671
2.180529,2.5047567
2.1582036,2.6583407
2.3544624,2.5698214
2.1312273,2.6586373
2.3218164,2.6206818
2.3851266,2.5568132
2.1099446,2.6712909
2.1895716,2.5655901
2.1276727,2.6725335
2.111813,2.674865
2.1392152,2.6391606
2.1055982,2.5396862
2.117803,2.6656764
2.168545,2.6539013
2.2444258,2.6443968
2.140434,2.6936443
2.2059202,2.6114953
2.109482,2.5660594
2.3488595,2.5136654
2.2208366,2.5879629
2.4708092,2.6850731
2.2027824,2.5245204
2.2062497,2.6520767
2.223989,2.6786067
2.157648,2.6210363
2.1858606,2.6535242
2.1084619,2.5030055
2.2318249,2.505312
2.1883333,2.628498
2.1863852,2.6522274
2.33292,2.68142
2.2939734,2.6118581
2.1209645,2.578812
2.1927955,2.5336053
2.3495958,2.529979
2.1674013,2.6343703
2.3562107,2.640841
2.509023,2.6703415
2.1106746,2.6478746
2.3627326,2.5063457
2.228772,2.5049653
2.2393258,2.6515625
2.1530862,2.608331
2.2783935,2.666563
2.2148335,2.5428429
2.1479394,2.536565
2.395373,2.6809058
2.3465543,2.5198693
2.4160986,2.6803772
2.2947881,2.6319788
2.1667116,2.6598167
2.2775164,2.5869234
2.273324,2.5770957
2.1347356,2.6669402
2.2383232,2.500226
2.3206797,2.6337008
2.2604527,2.5396047
2.1239512,2.6301675
2.3098316,2.6845737
2.2269485,2.5881984
2.2067304,2.6269069
2.234165,2.6542375
2.1016011,2.550907
2.178771,2.6952913
2.1423757,2.5250266
2.2859173,2.520406
2.1217327,2.5243185
2.1770997,2.587109
2.105193,2.609002
2.2752032,2.5297604
2.1732235,2.6901274
2.3187385,2.5730278
2.2189674,2.5015116
2.2308476,2.6541038
2.1506176,2.5780873
2.1025453,2.5213113
2.2222216,2.5734618
2.1924531,2.610845
2.112491,2.612531
2.3027632,2.6856148
2.3538816,2.6862419
2.2491367,2.5487173
2.1191065,2.6160884
2.1088452,2.6308663
2.1530914,2.6953933
2.2333255,2.5185463
2.3662608,2.5832891
2.1603675,2.565667
2.289797,2.6294875
2.189802,2.6787627
2.3093822,2.62131
2.2018986,2.6986847
2.2100186,2.5363252
2.2203352,2.6832762
2.1007369,2.5593526
2.2340508,2.5231059
2.4848697,2.6176133
2.4499264,2.5813825
2.3153775,2.5415332
2.37887,2.670424
2.4303644,2.6617978
2.4574263,2.6244407
2.382821,2.6045904
2.1884878,2.5031798
2.4852467,2.6306832
2.104265,2.6764834
2.1295364,2.6095002
2.1873434,2.5828824
2.1187959,2.517071
2.2383523,2.633346
2.3532221,2.574994
2.3178449,2.5639997
2.465928,2.501063
2.1134663,2.5105126
2.241849,2.653818
2.2204187,2.5944078
2.1452298,2.6432788
2.2660956,2.5812526
2.1378777,2.6117802
2.2558057,2.6635997
2.1461813,2.581173
2.322966,2.6434004
2.4453435,2.6172538
2.1925194,2.6723769
2.1162367,2.6830065
2.3511715,2.5700376
2.4214451,2.5563853
2.3540652,2.5211287
2.1302583,2.5893242
2.1517386,2.5699599
2.2822342,2.636764
2.1361923,2.6833
2.4436827,2.6663034
2.4802153,2.6954134
2.129694,2.6756852
2.456332,2.5424974
2.438935,2.6338112
2.14086,2.613362
2.1692863,2.6073568
2.1643884,2.6618004
2.1777654,2.6996052
2.3943799,2.6406634
2.2029994,2.6178138
2.3972871,2.5081027
2.1421773,2.5000618
2.3019385,2.6160638
2.2827585,2.6631782
2.3110435,2.511117
2.4738564,2.516374
2.4431574,2.510881
2.3925133,2.6343641
2.1600928,2.5845723
2.2251246,2.6020803
2.3761094,2.6658096
2.1505558,2.532312
2.360709,2.646638
2.1881492,2.5374377
2.3096642,2.5853398
2.4110289,2.5814435
2.2443564,2.535284
2.1867166,2.646566
2.174403,2.5339696
2.2384439,2.550739
2.1243327,2.5113928
2.3303142,2.6260095
2.181857,2.655717
2.1908367,2.54393
2.1063104,2.592208
2.1688743,2.540669
2.3528378,2.6573918
2.340734,2.6178942
2.301474,2.607125
2.2597444,2.567526
2.293622,2.634953
2.1484241,2.6215265
2.1231518,2.6905825
2.2423713,2.5009146
2.1581426,2.5942962
2.531823,2.5734892
2.1700585,2.6683452
2.1176589,2.6102211
2.1544847,2.5920758
2.1771955,2.6547415
2.407534,2.5228934
2.2629437,2.6510751
2.411483,2.554112
2.122665,2.6574757
2.1219864,2.6667647
2.2334654,2.58062
2.2613997,2.6421099
2.110338,2.6829214
2.1231568,2.6682696
2.368239,2.533243
2.1093006,2.5471306
2.2773168,2.6924536
2.4779801,2.5912526
2.3274448,2.5659559
2.1382902,2.528288
2.293797,2.550722
2.21496,2.6280074
2.498497,2.5891805
2.1345208,2.542459
2.1057467,2.596004
2.1071076,2.5093412
2.1155136,2.6940465
2.1096976,2.6170619
2.255979,2.50752
2.144693,2.5323098
2.1220608,2.5103567
2.155752,2.6697707
2.3546994,2.6560977
2.3595378,2.6993458
2.1017346,2.6091228
2.4491704,2.5231667
2.1634688,2.5035672
2.138434,2.6308138
2.2440844,2.5621636
2.1250522,2.6338148
2.3472571,2.5674984
2.1953266,2.6013274
2.1063464,2.506544
2.49795,2.6580842
2.3998966,2.6626832
2.1978724,2.6241162
2.3487115,2.633867
2.1980917,2.6214154
2.1802585,2.6189644
2.2474465,2.548036
2.2648358,2.5668814
2.3635054,2.53352
2.2858582,2.5961268
2.2692053,2.567194
2.1474407,2.5981438
2.431428,2.5006413
2.3628783,2.657122
2.3311658,2.6788194
2.2879624,2.6590297
2.2732053,2.5335917
2.230645,2.5036457
2.159758,2.5749867
2.197595,2.5678213
2.3027492,2.5152862
2.3020325,2.6764123
2.1273477,2.6087363
2.101248,2.619022
2.2052917,2.5741248
2.2648025,2.6169486
2.1211426,2.559357
2.191426,2.5187
2.177883,2.6058424
2.5212002,2.6781409
2.1917315,2.504599
2.2525437,2.531889
2.2038202,2.6642065
2.238579,2.5333264
2.1471703,2.672582
2.4173918,2.5735855
2.133055,2.5920055
2.2644367,2.5313969
2.4005034,2.6292698
2.3039184,2.6673977
2.1014488,2.683086
2.5141487,2.638931
2.1413732,2.6260629
2.293945,2.55468
2.1097226,2.6073768
2.218374,2.6362355
2.129316,2.6950471
2.4581978,2.5748234
2.2116184,2.510257
2.326312,2.5931938
2.3795543,2.5735652
2.2272394,2.6186533
2.335246,2.55311
2.1425617,2.6264274
2.2401314,2.5143816
2.1340058,2.62253
2.1266022,2.5162265
2.214156,2.5154302
2.2708702,2.6493354
2.5023863,2.651233
2.250576,2.648548
2.1472497,2.695269
2.3012235,2.5253232
2.2733202,2.5415835
2.2753105,2.6179063
2.2700481,2.6873689
2.2590425,2.6941013
2.3118052,2.638148
2.463924,2.6519358
2.2042851,2.5940382
2.3690128,2.5162604
2.2195146,2.6490352
2.3575556,2.6339045
2.1024861,2.6963146
2.231422,2.5265927
2.176672,2.624204
2.104117,2.6869082
2.3806825,2.5297534
2.221875,2.5104406
2.2492952,2.602202
2.348276,2.6828272
2.1683376,2.691591
2.1805117,2.6379702
2.232121,2.5158572
2.3265598,2.6808612
2.4889717,2.5471592
2.3383157,2.5440066
2.121761,2.5143125
2.2264922,2.5117269
2.1374593,2.5912945
2.1851614,2.528795
2.310155,2.550701
2.304281,2.642002
2.2578523,2.528153
2.3287911,2.6588414
2.4439027,2.591948
2.1654904,2.678695
2.258223,2.6186373
2.1124241,2.6413422
2.316484,2.5755084
2.342594,2.5688322
2.2520545,2.5304072
2.320838,2.6117833
2.1535017,2.5808754
2.352907,2.6350284
2.1198354,2.5453074
2.149304,2.6654112
2.2883344,2.5898244
2.3293605,2.6943982
2.1668062,2.5416112
2.1996226,2.6231394
2.106887,2.6368184
2.1924982,2.6818335
2.2391489,2.6570385
2.206594,2.5214913
2.1088154,2.5253253
2.1942775,2.6523101
2.2390616,2.6583285
2.3206449,2.6146255
2.1115475,2.6046622
2.1336827,2.651532
2.180651,2.583798
2.2260497,2.5118933
2.3398726,2.6005085
2.2571974,2.5621414
2.107448,2.6273048
2.4172695,2.6701174
2.3491383,2.54084
2.3581026,2.530738
2.1186578,2.6006975
2.5330117,2.5019062
2.2587445,2.6105063
2.1240957,2.5360959
2.202346,2.6355317
2.2314732,2.5286486
2.4720755,2.586487
2.1504424,2.6118317
2.219773,2.648837
2.1952991,2.69065
2.1999483,2.6083055
2.1179967,2.651121
2.1644888,2.67679
2.4573884,2.5720284
2.1836984,2.5599601
2.1927428,2.5890129
2.1010587,2.6785989
2.1097355,2.5747952
2.1566858,2.5190306
2.151773,2.5800235
2.1866977,2.5577917
2.1007793,2.538629
2.1052902,2.5688832
2.4708543,2.6147888
2.1346602,2.6615818
2.2316864,2.541867
2.1662552,2.6698647
2.431921,2.6399484
2.207511,2.620613
2.1197498,2.6398685
2.4562547,2.5104802
2.15604,2.6624851
2.2656908,2.5759325
2.1019435,2.5261648
2.1505766,2.510659
2.396662,2.6228848
2.1295986,2.5399203
2.2932498,2.696261
2.2534077,2.697072
2.2712681,2.646096
2.259037,2.532461
2.1313977,2.5123434
2.1827872,2.5729032
2.1596956,2.5949917
2.2347507,2.6692777
2.5242677,2.541685
2.5411334,2.5200098
2.3725624,2.5353491
2.5009568,2.559938
2.2818606,2.5571241
2.2571921,2.6436386
2.1077607,2.5394979
2.188073,2.698288
2.2904065,2.5762844
2.1950169,2.5683403
2.343354,2.5878727
2.4876835,2.508853
2.1035788,2.6813107
2.2082655,2.5681026
2.1479883,2.5523155
2.4206693,2.5156913
2.2235749,2.5586514
2.5325007,2.5722802
2.276223,2.5266201
2.216743,2.5821822
2.1439924,2.538178
2.5343611,2.5961354
2.175901,2.689037
2.211324,2.553845
2.2213817,2.5015166
2.1456559,2.581349
2.3518472,2.6700573
2.210294,2.520421
2.167262,2.596345
2.496115,2.5864627
2.109035,2.598536
2.1606157,2.6054199
2.4258044,2.5413754
2.295732,2.6630218
2.1521556,2.537373
2.2543602,2.6203823
2.1524572,2.5666468
2.1263466,2.5070186
2.3957224,2.5505857
2.283744,2.5503054
2.3178203,2.5464544
2.2527156,2.673787
2.3008642,2.5899186
2.1909456,2.5222285
2.2402122,2.5288963
2.264956,2.662351
2.1577826,2.5892947
2.1422844,2.549062
2.107207,2.6148858
2.3013203,2.5695202
2.1210618,2.5054846
2.1188955,2.5723069
2.237293,2.5090165
2.22735,2.699658
2.2251499,2.6413348
2.3173804,2.691507
2.254994,2.5690076
2.1655965,2.5605385
2.385163,2.578833
2.3556767,2.5857842
2.2786787,2.5446618
2.1145632,2.682053
2.2251527,2.5350244
2.4778283,2.6207113
2.2697802,2.6620054
2.3227015,2.5616682
2.1607344,2.5800261
2.4049835,2.5407693
2.291439,2.5905752
2.277146,2.504939
2.3122509,2.5211465
2.2590837,2.5616899
2.305707,2.6182039
2.1670976,2.6350932
2.2330208,2.51549
2.1491857,2.5448008
2.389244,2.524343
2.2897575,2.6423807
2.1343684,2.64802
2.1380801,2.51452
2.1043546,2.5702722
2.1040266,2.6419654
2.104804,2.6762125
2.1803439,2.5152347
2.1949174,2.6023645
2.200302,2.5163798
2.5341213,2.6986563
2.2889795,2.6793494
2.2872014,2.6600306
2.4595463,2.5320516
2.2004898,2.5754273
2.1704369,2.5617647
2.1845236,2.6033869
2.159769,2.6743095
2.1139677,2.6011112
2.163295,2.6467228
2.215085,2.6803653
2.1536584,2.5719423
2.2974508,2.5199523
2.1143339,2.553733
2.5348923,2.693893
2.1657999,2.5785367
2.3372512,2.575618
2.2853227,2.669128
2.173571,2.5140724
2.2599902,2.6244946
2.1891277,2.532248
2.1934223,2.5585887
2.2541165,2.6226218
2.3649504,2.64797
2.43167,2.6904087
2.348436,2.6784658
2.3571181,2.5598762
2.1105635,2.534363
2.533952,2.6195917
2.3945906,2.6323667
2.5165005,2.678628
2.1911418,2.682979
2.1865826,2.5718114
2.1066778,2.5607526
2.102478,2.6901946
2.1764927,2.6544893
2.2326336,2.502893
2.101372,2.5233998
2.272838,2.5598602
2.136429,2.5821145
2.2333786,2.695577
2.147381,2.6326518
2.2202666,2.5318792
2.4430583,2.5349061
2.1151857,2.5811224
2.2818618,2.6069727
2.2648456,2.5431995
2.3987784,2.6711092
2.1181135,2.5285244
2.2320604,2.6552505
2.176868,2.5254745
2.3664188,2.5359564
2.1675959,2.6706786
2.3898404,2.5913603
2.1382942,2.6424832
2.1164105,2.6031964
2.1876256,2.6961398
2.1169984,2.6786997
2.1465487,2.5645194
2.225686,2.5328367
2.5499737,2.544869
2.258511,2.5663846
2.3152752,2.576028
2.270014,2.654493
2.1102116,2.6421654
2.1966884,2.624515
2.2051487,2.551821
2.1955245,2.6739137
2.2796252,2.5585527
2.2215621,2.652858
2.2074418,2.6526003
2.288057,2.5939405
2.1913912,2.5748723
2.447305,2.6241102
2.150926,2.5330105
2.2700512,2.6064255
2.4385655,2.6905718
2.1314352,2.5021756
2.3542845,2.5254412
2.3117685,2.5585036
2.4405966,2.6470602
2.4454575,2.609191
2.1601145,2.5688667
2.272067,2.5761182
2.1148622,2.6841605
2.2023115,2.5738425
2.5166094,2.6519992
2.150033,2.5037248
2.1709979,2.6993654
2.439161,2.5892859
2.231021,2.56233
2.1132529,2.575177
2.2110746,2.6633816
2.157913,2.550103
2.1241488,2.585447
2.1184776,2.613262
2.358292,2.5744746
2.1207685,2.517801
2.1692157,2.5620942
2.160514,2.5293934
2.28664,2.507107
2.3206282,2.6698606
2.1817756,2.528896
2.1244862,2.5304465
2.1491349,2.563205
2.4929135,2.6821928
2.226711,2.508257
2.3392577,2.6920712
2.1485243,2.5026584
2.1619694,2.6134334
2.2020893,2.6580412
2.1352017,2.58128
2.2903008,2.6143131
2.4488804,2.6331663
2.3264012,2.5020254
2.225059,2.5448318
2.2097602,2.562017
2.3682547,2.6293592
2.241918,2.5907223
2.285932,2.6541111
2.1639364,2.6528287
2.1527417,2.678305
2.2337723,2.6369433
2.1974733,2.6641064
2.2724383,2.5686939
2.216797,2.694655
2.104259,2.5114946
2.2520993,2.605933
2.4023876,2.6362553
2.12724,2.6789393
2.1528127,2.5296347
2.2420304,2.6566114
2.3371136,2.6030574
2.105721,2.5752115
2.1184793,2.6787932
2.3388264,2.5440016
2.2777736,2.5574498
2.289142,2.6672127
2.241391,2.5917704
2.3714201,2.5540957
2.2800057,2.6977425
2.2229655,2.585168
2.176576,2.5783784
2.206381,2.5529501
2.3198144,2.5606005
2.1531324,2.6823604
2.2148592,2.5128777
2.4837654,2.5794742
2.2759354,2.522601
2.3059268,2.5333486
2.1742113,2.5158029
2.1342185,2.5789037
2.3641908,2.6464033
2.1352935,2.5297024
2.2520413,2.6471062
2.212534,2.690944
2.198993,2.5026383
2.1559565,2.548352
2.1832085,2.5086143
2.3456666,2.6348774
2.1110501,2.5222287
2.3516889,2.6588657
2.1848319,2.5491657
2.1758678,2.6523092
2.189216,2.547629
2.3647034,2.5496848
2.2767973,2.6882942
2.4818423,2.561511
2.3017268,2.6838415
2.2681377,2.630785
2.1931522,2.6080112
2.3795044,2.5471435
2.157266,2.6075737
2.2807949,2.598004
2.4227355,2.6933846
2.2785506,2.6247323
2.4604485,2.5606458
2.3714044,2.6887674
2.1924527,2.5880737
2.3513885,2.5140553
2.2015226,2.5814352
2.173461,2.6869519
2.2782793,2.6095927
2.3153796,2.602055
2.2115781,2.6584985
2.263204,2.628322
2.2113862,2.5431278
2.2489467,2.5875456
2.1421645,2.6043954
2.1700983,2.5886514
2.5281954,2.5510468
2.2693655,2.6927953
2.2498267,2.5730405
2.467033,2.65157
2.345219,2.5385208
2.129921,2.5177257
2.3050966,2.5957975
2.3327947,2.5941565
2.15089,2.5422254
2.208856,2.596089
2.1127787,2.6837003
2.1977735,2.6487226
2.3838108,2.597988
2.1207843,2.5006337
2.2099383,2.674496
2.1930518,2.6106992
2.2920792,2.6217055
2.1010804,2.6514008
2.124461,2.588832
2.1538303,2.5130112
2.2473176,2.525653
2.2125945,2.6348836
2.2630174,2.607079
2.1003478,2.6286917
2.270039,2.5869608
2.4514024,2.5548353
2.2674758,2.5845127
2.2311013,2.5799007
2.1697128,2.5348108
2.271039,2.552585
2.3399723,2.598231
2.1385708,2.5480862
2.4355283,2.5506415
2.3152578,2.5832226
2.1182685,2.5094068
2.3986862,2.5583797
2.3910754,2.5964541
2.3115387,2.6067336
2.1724627,2.5035543
2.1936383,2.5582843
2.122029,2.5491607
2.1103694,2.6427045
2.2543476,2.6352403
2.4916568,2.5171385
2.183451,2.5753462
2.1226807,2.6496542
2.1113262,2.5904677
2.1348898,2.5076718
2.3521411,2.5025816
2.381123,2.6865234
2.2893724,2.6622372
2.520337,2.5303898
2.1100378,2.633547
2.1682444,2.5342362
2.3126745,2.6404917
2.2730906,2.6061928
2.2969692,2.5078392
2.15835,2.6486468
2.209425,2.5605574
2.2108002,2.5214152
2.5428455,2.6703334
2.343555,2.5279336
2.1372247,2.6021106
2.1020613,2.5641644
2.1183639,2.6358912
2.1884775,2.539822
2.14362,2.508486
2.1683044,2.5869994
2.1696188,2.6661832
2.2115183,2.6590426
2.366987,2.5526001
2.1790318,2.501339
2.4190433,2.5752223
2.352827,2.599743
2.2342036,2.527465
2.4813855,2.6105962
2.3181782,2.5801814
2.2934957,2.6336825
2.1964023,2.6010797
2.3746812,2.5231497
2.2500417,2.5625634
2.495316,2.541796
2.259887,2.5133166
2.1591434,2.627633
2.3531508,2.575748
2.2890325,2.5181723
2.3342783,2.606192
2.1917813,2.5485363
2.1888006,2.6155138
2.1725652,2.674569
2.1370115,2.6040502
2.1022918,2.6328712
2.534829,2.6196554
2.2612684,2.5562255
2.3183696,2.624124
2.1194153,2.5600467
2.2896497,2.6716666
2.1935663,2.679447
2.1129413,2.6556323
2.516781,2.5357924
2.1763484,2.6102705
2.1149437,2.6821904
2.357144,2.547084
2.499213,2.5581698
2.319743,2.5521548
2.2545235,2.6189506
2.1396976,2.6284027
2.3878312,2.5985224
2.1522563,2.6346831
2.288926,2.6233687
2.259313,2.6810856
2.347751,2.6159558
2.1802888,2.5815744
2.2705607,2.5840297
2.1108766,2.544806
2.1013682,2.5333433
2.1458023,2.6227722
2.2366989,2.6512802
2.1293433,2.57855
2.4518614,2.6092947
2.1705685,2.547757
2.3668892,2.6078084
2.1052668,2.6823893
2.1002932,2.5071561
2.4138956,2.501266
2.3407772,2.5532665
2.1020827,2.5389273
2.194477,2.524992
2.1487322,2.6452916
2.1262918,2.5877712
2.1149764,2.5736406
2.2392943,2.643014
2.186902,2.6958125
2.5315056,2.640195
2.1724508,2.5364757
2.1170294,2.53571
2.2083583,2.5279016
2.234441,2.547941
2.4804766,2.635696
2.3690073,2.5509865
2.4941723,2.5245438
2.140353,2.615056
2.1015115,2.653802
2.153533,2.6942449
2.4834557,2.6006305
2.531385,2.5436983
2.1334453,2.5709245
2.1685596,2.5521061
2.132732,2.6211872
2.5139952,2.665846
2.4410605,2.6553028
2.144492,2.6135721
2.135238,2.5172384
2.1024575,2.5448692
2.406709,2.6458948
2.1313014,2.5194209
2.2379708,2.6746638
2.1629884,2.605634
2.2721467,2.599489
2.4314768,2.555645
2.4391737,2.572664
2.127811,2.6724927
2.3760636,2.5100389
2.1009731,2.5316074
2.1233664,2.6614242
2.2739644,2.585236
2.1651316,2.5481894
2.3392823,2.5611374
2.4153824,2.5221124
2.1879811,2.5798557
2.1502512,2.523034
2.217713,2.6165283
2.3261256,2.5523603
2.126385,2.6423101
2.353708,2.6750102
2.2230122,2.6655498
2.266701,2.6400113
2.1342719,2.5834093
2.102653,2.6609745
2.1891747,2.6278427
2.291745,2.6135287
2.1276598,2.569204
2.1476204,2.551812
2.1041517,2.5821059
2.1936193,2.6338224
2.2456992,2.5704157
2.3558214,2.531713
2.4808497,2.629992
2.127577,2.6065166
2.1163788,2.641988
2.352562,2.5631301
2.1240842,2.6814203
2.3429856,2.5315292
2.10104,2.5979226
2.1093614,2.5179844
2.1143079,2.503046
2.2997546,2.5676923
2.4637835,2.5508018
2.204983,2.531045
2.3762739,2.5371637
2.1712556,2.538103
2.4501164,2.6059139
2.2025185,2.5717964
2.1277575,2.6777334
2.1290169,2.547721
2.1562247,2.6123452
2.4551916,2.6949368
2.1280677,2.534602
2.3103476,2.6297
2.2746255,2.5607805
2.2156684,2.6872268
2.1120167,2.6435347
2.2136426,2.5124407
2.365506,2.5647047
2.124345,2.5027993
2.2688718,2.5534065
2.1010609,2.5008628
2.3589253,2.6306448
2.2734,2.5234587
2.2815676,2.5864997
2.270127,2.6662612
2.2026095,2.5906491
2.1083777,2.520521
2.246992,2.504317
2.330421,2.5658095
2.3833892,2.5281792
2.3049068,2.534956
2.4352808,2.5980322
2.443561,2.666732
2.3520916,2.6737692
2.2407875,2.5618262
2.418859,2.5184734
2.2859926,2.678832
2.4873548,2.5498767
2.2221823,2.6994221
2.2341201,2.646437
2.2452927,2.5968513
2.167508,2.6379843
2.219255,2.5115945
2.1113563,2.5637357
2.1755316,2.566079
2.1359127,2.560607
2.1038477,2.637521
2.4896352,2.5208874
2.1748006,2.5149012
2.2800772,2.69517
2.1101084,2.6241982
2.2164898,2.662421
2.308575,2.5648422
2.378769,2.6285875
2.2513387,2.6738534
2.1046116,2.6040664
2.181527,2.6927583
2.225593,2.509803
2.293697,2.5398986
2.190304,2.619652
2.228699,2.694275
2.1399963,2.6641116
2.1857579,2.659255
2.1930282,2.6042361
2.4515026,2.6274905
2.173415,2.6534507
2.478982,2.551537
2.5422845,2.5703783
2.1281965,2.6805167
2.1760457,2.5639677
2.2442465,2.653227
2.3451827,2.6464043
2.5395687,2.5707035
2.435805,2.6170099
2.138393,2.664481
2.1086497,2.6500456
2.1891077,2.6755157
2.331102,2.6466212
2.3556721,2.5541556
2.1241698,2.5518346
2.1000488,2.5255566
2.3420177,2.5043247
2.1484551,2.5899594
2.5464344,2.5431173
2.2396567,2.57162
2.1798272,2.6620142
2.1220262,2.6197183
2.1127858,2.6669917
2.1046674,2.5106173
2.2149336,2.5923724
2.110245,2.5965848
2.1709027,2.5069313
2.1601796,2.543554
2.1177301,2.5955443
2.1497188,2.5287883
2.285666,2.5566862
2.1169848,2.6058123
2.1320467,2.5053449
2.1870263,2.5011895
2.1777763,2.5427463
2.1037586,2.6237402
2.216566,2.6545477
2.2161925,2.5879939
2.1489644,2.545223
2.1011784,2.5944834
2.1391604,2.5243318
2.279281,2.5487158
2.4475007,2.5301917
2.3004549,2.5041428
2.231189,2.554838
2.1671803,2.6507084
2.3066757,2.5173419
2.354291,2.6726294
2.114321,2.592879
2.1483538,2.6364713
2.5101354,2.698594
2.2420835,2.554265
2.1279678,2.6898677
2.2528477,2.519177
2.2071834,2.5946715
2.451714,2.6641984
2.2349322,2.6744316
2.270281,2.6497996
2.1622686,2.639375
2.1237428,2.6448023
2.213842,2.6503463
2.1723382,2.6114054
2.4480999,2.5818222
2.4208515,2.676276
2.429754,2.6402278
2.5102577,2.5641878
2.3755488,2.631353
2.166367,2.6042957
2.2442915,2.50472
2.3306267,2.5222404
2.1404707,2.5929437
2.1547062,2.540879
2.506563,2.5612097
2.2222567,2.6993155
2.232765,2.6578515
2.1546562,2.5475254
2.3948832,2.5319564
2.2101846,2.5582867
2.1537392,2.5086875
2.459357,2.6107814
2.1699643,2.6381097
2.1049967,2.5682857
2.250475,2.6397438
2.37239,2.6979477
2.3790755,2.6212919
2.1391737,2.6589892
2.253382,2.6638868
2.3904004,2.531641
2.2455647,2.635368
2.1861327,2.630521
2.3400555,2.575938
2.1095903,2.6781044
2.4940362,2.6024055
2.1559865,2.5572777
2.139085,2.5576522
2.259091,2.512992
2.1735764,2.6144493
2.4575984,2.5802019
2.410898,2.5092456
2.3154252,2.5085404
2.1038642,2.5340478
2.1116173,2.666634
2.2052257,2.6800354
2.3928564,2.6682355
2.2770488,2.6147666
2.1364605,2.57457
2.1805358,2.6383317
2.109537,2.650238
2.201548,2.5142543
2.141823,2.5351784
2.106611,2.5919557
2.1901245,2.5236294
2.144205,2.5089684
2.3399396,2.6922715
2.1000888,2.6039505
2.1981845,2.6854808
2.3212626,2.5066311
2.2596219,2.6166012
2.1335483,2.521428
2.1495292,2.6806862
2.179303,2.6485672
2.465261,2.6685693
2.1727629,2.5530956
2.239595,2.6130984
2.2924824,2.5351553
2.3308988,2.6610203
2.2835455,2.5401807
2.1775324,2.5755508
2.232829,2.6432612
2.1473691,2.673523
2.1044445,2.6337967
2.2623744,2.6204946
2.3956742,2.5997734
2.1316152,2.6277237
2.299067,2.6398864
2.3773592,2.5531483
2.2499228,2.600957
2.4595103,2.558858
2.1353447,2.626321
2.103967,2.5575855
2.1300802,2.6739047
2.178063,2.6692111
2.2565622,2.554313
2.240494,2.515689
2.100291,2.5840237
2.2198703,2.6209807
2.3225875,2.5329983
2.2008374,2.6943374
2.2187593,2.5547452
2.1601114,2.5730653
2.2225995,2.519168
2.2740493,2.5269856
2.1862485,2.509321
2.204675,2.5189471
2.140409,2.5174778
2.3843305,2.5137072
2.2879555,2.5424526
2.1697614,2.532102
2.2180126,2.5856009
2.2655387,2.6572802
2.2579436,2.6999123
2.385824,2.533612
2.1655154,2.6252093
2.200774,2.541525
2.2868958,2.6780062
2.1775331,2.5078428
2.192733,2.552716
2.4561343,2.5926023
2.1911104,2.5258844
2.3193288,2.5682938
2.2183774,2.615585
2.4718735,2.514263
2.2413366,2.508832
2.4985912,2.6837656
2.1200106,2.6951687
2.1602836,2.556855
2.1590173,2.6237836
2.334265,2.66131
2.152531,2.541607
2.1139793,2.566418
2.4420018,2.6959343
2.1102164,2.5853422
2.2958744,2.585398
2.2586665,2.5143595
2.1121438,2.5579414
2.3052154,2.5511632
2.228209,2.5383
2.180998,2.5357006
2.3039396,2.6290007
2.3008485,2.6974893
2.2351797,2.5749695
2.2138503,2.5130637
2.1119833,2.599651
2.246166,2.6595738
2.350861,2.5377734
2.1173882,2.6190794
2.3404603,2.6132123
2.2685215,2.6985917
2.123709,2.5862901
2.136661,2.6921568
2.255285,2.5241442
2.137066,2.6271818
2.2948873,2.6288726
2.1115768,2.6869552
2.339992,2.65952
2.1078773,2.5369916
2.131218,2.6728048
2.3073692,2.5911736
2.3734143,2.5162175
2.2430646,2.6099398
2.3331785,2.5711975
2.1031764,2.6763382
2.241269,2.5985324
2.3125694,2.5782402
2.2104127,2.511715
2.326769,2.6952145
2.30431,2.5676126
2.29439,2.520296
2.1047285,2.5545042
2.478833,2.5486648
2.363098,2.668895
2.364942,2.5796638
2.1005347,2.6856163
2.3140028,2.6437235
2.1983738,2.6501396
2.189506,2.5408704
2.2101834,2.5095615
2.2756848,2.626076
2.2643087,2.6874654
2.2490509,2.6104128
2.3319123,2.5264218
2.1586518,2.5734234
2.4480035,2.5057566
2.4465938,2.6378062
2.3455076,2.549967
2.1578543,2.5309408
2.1490843,2.5349154
2.240423,2.6935072
2.3520381,2.501566
2.2525077,2.5395958
2.2978137,2.515805
2.1025054,2.5358953
2.126863,2.5923102
2.3865864,2.5199418
2.2289498,2.6023717
2.1303504,2.6186087
2.1866527,2.5858352
2.2474332,2.6943383
2.3572414,2.6395087
2.3428855,2.6361945
2.2705505,2.5602276
2.3615408,2.5275462
2.260719,2.5124967
2.2854471,2.5925143
2.308876,2.55237
2.330868,2.6087813
2.2148042,2.6093664
2.1059418,2.6393926
2.2054908,2.693456
2.336089,2.614873
2.4988053,2.676771
2.1174316,2.65454
2.1114092,2.5890112
2.2887576,2.6739333
2.201607,2.6725345
2.464158,2.5038192
2.2169733,2.5484157
2.148383,2.6353946
2.1177056,2.6318753
2.236586,2.5513594
2.3856666,2.5687666
2.4322069,2.625146
2.1740117,2.6789186
2.4744608,2.5630653
2.3949354,2.5835018
2.536391,2.518403
2.3771944,2.5132582
2.137894,2.6437135
2.2379556,2.6268144
2.4762106,2.5840425
2.165042,2.662425
2.3292737,2.688123
2.1947503,2.6780558
2.2710793,2.579759
2.2821307,2.5397189
2.2502012,2.5478256
2.1882143,2.5831482
2.1675026,2.6544034
2.3018615,2.6891274
2.314295,2.5174954
2.4325929,2.6991966
2.3859375,2.5481238
2.2436802,2.682424
2.253715,2.5564504
2.1425464,2.6394844
2.1644742,2.5402365
2.12574,2.5431416
2.2159235,2.5455291
2.3219526,2.6503136
2.1702733,2.577091
2.3509417,2.5055852
2.1080961,2.63851
2.1695821,2.5615726
2.236717,2.6720061
2.4996803,2.6872368
2.1046264,2.532375
2.1892807,2.5211356
2.173162,2.5635593
2.2899737,2.684919
2.190743,2.501453
2.421668,2.6125903
2.5440152,2.628147
2.1947932,2.5502675
2.4372926,2.645431
2.131795,2.5131261
2.3254702,2.6146991
2.2547774,2.504112
2.1467497,2.6384819
2.2257302,2.5535662
2.3762429,2.5016694
2.2610216,2.5410662
2.2017076,2.5463302
2.2503285,2.532337
2.247497,2.5158975
2.297756,2.6504154
2.1799994,2.5362794
2.2216873,2.69329
2.125012,2.6206326
2.2726927,2.5784333
2.1887197,2.5553496
2.276249,2.5222375
2.2517662,2.658455
2.2265635,2.5328453
2.168494,2.597853
2.1768882,2.6864955
2.1469395,2.6872492
2.3981395,2.682742
2.1393387,2.5348501
2.126817,2.627112
2.1367269,2.634116
2.2565103,2.5772693
2.352501,2.5823512
2.2002952,2.6094472
2.1180396,2.6727371
2.1152463,2.6197412
2.190411,2.6842096
2.225076,2.6551907
2.1966763,2.5705578
2.1407835,2.5987988
2.31475,2.5627928
2.1015182,2.5831418
2.292597,2.5792174
2.3901222,2.540391
2.1757004,2.6251354
2.2206104,2.5443444
2.1518638,2.6609795
2.5419092,2.6968093
2.4077747,2.5658514
2.1762686,2.6332278
2.170401,2.578799
2.1069875,2.511999
2.1523232,2.5381339
2.4210966,2.5326178
2.210458,2.521366
2.1291544,2.660178
2.124625,2.6106167
2.1673322,2.5996604
2.3971343,2.6338985
2.1569526,2.6758213
2.3710573,2.522702
2.130316,2.644604
2.192579,2.6710832
2.1891687,2.504813
2.1930652,2.506769
2.1147745,2.6766388
2.3749175,2.599866
2.448377,2.571217
2.1955478,2.6355882
2.142833,2.6646674
2.1491742,2.6037927
2.1370926,2.5361366
2.105838,2.6724155
2.301781,2.5527744
2.2732897,2.5661392
2.1754344,2.6302445
2.1369727,2.5640004
2.1209257,2.534204
2.1049342,2.531801
2.1411693,2.5158167
2.131997,2.659972
2.2980695,2.6198952
2.3931336,2.6981256
2.5188882,2.6738591
2.2927554,2.5097115
2.189324,2.6484199
2.100602,2.617112
2.3885689,2.6372867
2.1784997,2.665397
2.329136,2.6357424
2.1350234,2.662751
2.4483135,2.638212
2.419924,2.627177
2.399974,2.5852518
2.3602319,2.6283221
2.1040015,2.5562189
2.5166256,2.597433
2.2379444,2.6762686
2.2461526,2.5240903
2.1756516,2.5443935
2.2215827,2.5766973
2.1352253,2.5760918
2.2108824,2.6433907
2.1465359,2.5505183
2.1635003,2.540803
2.1603966,2.5585496
2.2764146,2.551801
2.4438767,2.6684678
2.2749145,2.5527966
2.3106894,2.5472581
2.264498,2.662888
2.394651,2.5436468
2.2758784,2.5065591
2.5138738,2.5409226
2.150122,2.5238948
2.2108629,2.6313548
2.125835,2.6975956
2.4447103,2.541143
2.2372415,2.6437657
2.2259154,2.5157917
2.2790697,2.5441325
2.1891892,2.5272932
2.2186089,2.5790622
2.21293,2.608594
2.1137989,2.5483048
2.2391195,2.683415
2.2039204,2.6211176
2.2056775,2.6268497
2.173535,2.5286145
2.1616504,2.5220377
2.111084,2.6106765
2.113938,2.59956
2.2237103,2.5386055
2.243112,2.5556972
2.3289042,2.6823514
2.516331,2.6902742
2.1489592,2.6803515
2.2730985,2.6517637
2.5227106,2.5673976
2.2527618,2.5308237
2.1413727,2.5465326
2.1454072,2.6224716
2.2166314,2.6489508
2.4043026,2.543942
2.398789,2.5683746
2.1326518,2.586706
2.1283717,2.5672977
2.1593862,2.5421102
2.1081638,2.540465
2.3182073,2.6036065
2.2836347,2.5119538
2.1080384,2.5880687
2.1212218,2.535218
2.1493618,2.6500483
2.1225464,2.536167
2.1098084,2.6772773
2.1386793,2.554499
2.2220302,2.5501406
2.475421,2.6451557
2.1018078,2.557067
2.100715,2.6258519
2.1053867,2.6944485
2.3055499,2.5022385
2.385267,2.6135573
2.3980412,2.6839054
2.1225576,2.5044122
2.1748374,2.6211302
2.1594856,2.5940905
2.2446954,2.5796068
2.2757287,2.615161
2.2165563,2.5422437
2.1760964,2.535923
2.1721597,2.6943514
2.1003602,2.6280131
2.1506455,2.6766534
2.3311207,2.6091824
2.126017,2.6052513
2.1903398,2.6438684
2.1280441,2.6623995
2.3794744,2.6961236
2.1527448,2.5378861
2.2390516,2.5911074
2.1519268,2.631877
2.3066373,2.5026054
2.1067598,2.6650586
2.128159,2.690245
2.2496564,2.684089
2.1366355,2.5188239
2.1826963,2.6504416
2.3995314,2.6858847
2.2114973,2.5102437
2.185261,2.5989017
2.287512,2.6483445
2.1744497,2.6013687
2.2559226,2.5814385
2.3140624,2.5033374
2.2918077,2.678503
2.1196253,2.620682
2.1968806,2.679282
2.1049452,2.672053
2.2782838,2.5552442
2.2748535,2.5636032
2.4916108,2.6938317
2.202091,2.6748898
2.1512644,2.5809906
2.2013116,2.6648061
2.3503814,2.5092323
2.1221697,2.667674
2.2040913,2.5096467
2.186798,2.6442819
2.2679026,2.617143
2.1288383,2.6187901
2.5048354,2.6307578
2.1286404,2.661869
2.2447653,2.6058474
2.2058754,2.5035641
2.105723,2.679159
2.2486873,2.5394251
2.263966,2.6583033
2.447174,2.5046217
2.175591,2.6450942
2.1299272,2.647855
2.1170723,2.6233687
2.1529586,2.5498083
2.359043,2.6151118
2.1159868,2.620602
2.4167001,2.613361
2.1438527,2.6593297
2.207358,2.6860764
2.2448566,2.657005
2.375712,2.567271
2.1943376,2.6405616
2.138884,2.5200467
2.2800221,2.5360851
2.2076797,2.5151138
2.2154865,2.5589507
2.5040855,2.5418034
2.1287582,2.6778243
2.2849011,2.5501578
2.2401922,2.6735466
2.3359973,2.5940292
2.247112,2.6135056
2.3042133,2.5069802
2.1382782,2.559818
2.1159961,2.5856137
2.246875,2.5938613
2.2971342,2.519073
2.1056485,2.5927436
2.21219,2.5718846
2.127747,2.511104
2.1757936,2.6059287
2.3330054,2.689925
2.2213454,2.5229192
2.1147923,2.5829442
2.3122723,2.6502407
2.2631288,2.5348482
2.2880285,2.684051
2.223277,2.5943382
2.249474,2.6451037
2.101052,2.6933606
2.1687632,2.584818
2.1662507,2.6510742
2.213468,2.626841
2.2246203,2.5052006
2.12897,2.6890604
2.238062,2.5626998
2.214232,2.528765
2.2313926,2.5379663
2.1215656,2.6630242
2.245874,2.5578637
2.3007162,2.636199
2.2523427,2.6095338
2.4505694,2.6749275
2.2331004,2.5717196
2.3805423,2.53701
2.2027764,2.63912
2.2610135,2.5635502
2.4473171,2.6734428
2.1593845,2.5016267
2.2861888,2.506902
2.1416483,2.5749485
2.3840928,2.644252
2.1200032,2.5105517
2.2269158,2.5284474
2.2898962,2.5652902
2.135699,2.5908427
2.2367384,2.6851485
2.3187494,2.50185
2.3275216,2.6479404
2.342912,2.5539827
2.3783112,2.581082
2.1981106,2.5145466
2.5006685,2.6454291
2.1110742,2.685701
2.2188935,2.602248
2.187026,2.5191324
2.1384597,2.5418537
2.3216045,2.5807827
2.171707,2.5145664
2.2640846,2.6466494
2.5294518,2.6061137
2.229185,2.6549413
2.1444464,2.637932
2.1458158,2.5578218
2.137169,2.50296
2.422677,2.6040485
2.1136296,2.5329387
2.2405746,2.5674605
2.2902143,2.5181327
2.1933804,2.6094036
2.2087502,2.6959803
2.4401958,2.5051904
2.3732107,2.6456308
2.1161714,2.5880797
2.3009367,2.6353786
2.2677038,2.5471513
2.285806,2.6188688
2.1562421,2.5099616
2.1209922,2.6913838
2.4056203,2.6954777
2.466198,2.620908
2.3418012,2.5979838
2.1159198,2.6199567
2.1051104,2.5474207
2.3995657,2.6251707
2.1409454,2.5029202
2.1849236,2.5070572
2.361738,2.510257
2.1598241,2.697923
2.263858,2.5451574
2.2771683,2.6328375
2.1422384,2.5144231
2.4468863,2.6078396
2.182928,2.5461757
2.4182441,2.5240555
2.415453,2.567407
2.1359153,2.5971904
2.1860204,2.570084
2.2027996,2.5756385
2.3358574,2.6132479
2.2609935,2.6902704
2.3181028,2.5799222
2.197126,2.6122053
2.152555,2.6013
2.1070182,2.5076795
2.2154002,2.6442745
2.133935,2.624118
2.2820506,2.5561874
2.3546648,2.5596437
2.4358268,2.6209455
2.3032024,2.6032143
2.3096392,2.678789
2.2954319,2.6075964
2.302786,2.5161133
2.1304457,2.655873
2.1044302,2.6256342
2.2802377,2.5433528
2.1427565,2.530542
2.5280018,2.6796474
2.252253,2.5307503
2.3634756,2.5625174
2.2072384,2.5597045
2.2874799,2.6671338
2.107885,2.6730886
2.1072428,2.5845668
2.4457066,2.625069
2.258218,2.568594
2.272741,2.5379384
2.4021125,2.6317174
2.101078,2.6564238
2.24626,2.6056123
2.1315227,2.6065543
2.3453448,2.684759
2.2321067,2.652119
2.3693118,2.563078
2.3746119,2.6181765
2.104818,2.6141284
2.110045,2.6611152
2.107789,2.5062044
2.4049501,2.5439312
2.1663072,2.650081
2.3102417,2.5404706
2.205329,2.6874728
2.4497504,2.6336758
2.1274471,2.6219852
2.1644733,2.5075336
2.1071155,2.5528607
2.136668,2.5879633
2.1231172,2.6941645
2.382163,2.5422351
2.1251621,2.5124233
2.13312,2.5698538
2.152939,2.5950289
2.3679707,2.5700514
2.1153297,2.5585966
2.3679717,2.5703976
2.1358848,2.548082
2.181172,2.6827939
2.1596386,2.5190597
2.2348115,2.6869905
2.1525562,2.5659947
2.2875175,2.6994517
2.1225886,2.593632
2.3568878,2.6282516
2.29251,2.6101134
2.3422186,2.680749
2.2178426,2.6772692
2.193054,2.5730565
2.2406628,2.5257657
2.1634529,2.5908682
2.2680023,2.6024952
2.2526147,2.613798
2.434613,2.574709
2.1409369,2.670066
2.1823924,2.5034373
2.249406,2.6106002
2.109233,2.5863607
2.2329848,2.684732
2.2877924,2.634208
2.1196613,2.6544576
2.1674533,2.602565
2.4664738,2.6773717
2.4207714,2.5931082
2.3655715,2.6384223
2.4349077,2.559167
2.3523595,2.6516893
2.485861,2.6028757
2.1043916,2.6280115
2.254664,2.5423284
2.2414298,2.6284416
2.199349,2.5808697
2.2648263,2.5345685
2.102467,2.6053977
2.5098202,2.637723
2.43859,2.5072448
2.105379,2.6491838
2.2824612,2.6443164
2.1375115,2.586573
2.2362354,2.6718688
2.110788,2.614455
2.21012,2.5580697
2.543534,2.6568563
2.1252756,2.5532546
2.1011474,2.6705782
2.3017066,2.5096583
2.325614,2.6813061
2.3483903,2.6511755
2.1453385,2.6559262
2.1841264,2.5401347
2.1365466,2.6841984
2.1401868,2.5351849
2.1021008,2.6840394
2.2158792,2.5755346
2.5100706,2.5882068
2.12405,2.6825473
2.1285496,2.662403
2.1424243,2.610124
2.3910983,2.6379843
2.2318823,2.5495956
2.1802225,2.5168421
2.491197,2.6324978
2.1826673,2.6045792
2.1603632,2.5112262
2.1427402,2.5118954
2.1346245,2.6470425
2.4190936,2.6205797
2.2159119,2.6567926
2.2072961,2.536426
2.1070068,2.577572
2.3539746,2.641659
2.2855425,2.6311164
2.3060615,2.6138127
2.3764966,2.6281874
2.1250234,2.5654306
2.160538,2.6649368
2.1222656,2.5832171
2.1114354,2.5384402
2.3020139,2.5438018
2.1544132,2.5178869
2.1470032,2.6600833
2.1488945,2.5184152
2.1633847,2.6171198
2.1760533,2.6848845
2.282301,2.6732
2.1064336,2.690859
2.2180657,2.5768514
2.5092428,2.509251
2.1568854,2.6462374
2.1246016,2.676836
2.441106,2.5163798
2.348849,2.5829265
2.1748278,2.6080775
2.2551646,2.6956108
2.1891108,2.5543878
2.1779284,2.6497967
2.2401433,2.595314
2.309346,2.5796123
2.2638905,2.5576348
2.1235452,2.6170888
2.2628186,2.698735
2.103746,2.5781877
2.1176891,2.5139253
2.265321,2.5687406
2.173589,2.5579307
2.125904,2.5436833
2.2697291,2.5789802
2.15336,2.6635597
2.206166,2.5095983
2.4889128,2.5997775
2.22602,2.6134934
2.1696599,2.5821695
2.1875505,2.5840366
2.2347634,2.5970268
2.2441723,2.6047728
2.1195657,2.5556674
2.191462,2.5284681
2.2813022,2.5446522
2.1522868,2.5127954
2.2972376,2.5395954
2.3019447,2.654739
2.2925122,2.5900996
2.3867903,2.6261613
2.1697419,2.6298904
2.1406453,2.5250096
2.3781836,2.6396065
2.1425848,2.6191318
2.1026337,2.5577304
2.111599,2.5992668
2.4567733,2.6643102
2.1738267,2.575
2.1224196,2.6185553
2.107464,2.5613022
2.4595168,2.5257027
2.4264636,2.6001952
2.1595647,2.644037
2.1260812,2.5723767
2.50773,2.5652628
2.2293048,2.5317512
2.2695749,2.5409284
2.3687744,2.505766
2.124501,2.5360594
2.1490045,2.5844023
2.2625663,2.661656
2.1805406,2.659946
2.5477011,2.5677054
2.4465468,2.5891352
2.1848989,2.5219347
2.1414468,2.5986266
2.1490533,2.64845
2.151145,2.5182867
2.1432374,2.5915332
2.4992883,2.5256917
2.1438286,2.5540802
2.101443,2.6164289
2.357463,2.5517042
2.2750714,2.529638
2.2636492,2.619656
2.345343,2.6427321
2.3385513,2.693567
2.2133846,2.531182
2.2267141,2.6773305
2.174575,2.5857198
2.2916307,2.6878057
2.3009832,2.5605106
2.111249,2.5372381
2.1941721,2.5529768
2.2682629,2.6377993
2.211633,2.6448677
2.4738853,2.5467837
2.4910295,2.675887
2.10128,2.622677
2.443787,2.6816466
2.1391923,2.6314518
2.4252884,2.6870787
2.1208558,2.6395154
2.3865533,2.5511315
2.2964907,2.6030824
2.1098433,2.6756086
2.2144048,2.5709698
2.355066,2.5845904
2.2563825,2.5682666
2.1801858,2.5839055
2.1716044,2.628257
2.245706,2.6332023
2.1847816,2.6547856
2.1843266,2.5562372
2.1493697,2.6857874
2.3616467,2.5810323
2.3773549,2.6954215
2.3730469,2.6567383
2.2781796,2.641857
2.1705053,2.587169
2.2211928,2.530102
2.1836789,2.6318092
2.1053894,2.559488
2.2027879,2.6625838
2.5048785,2.6665623
2.2373958,2.5775473
2.1019282,2.5574715
2.4851596,2.5766015
2.1477914,2.6376622
2.3887172,2.584069
2.316596,2.5536
2.2638144,2.6595428
2.299878,2.5205755
2.4436433,2.6152387
2.1399167,2.5188074
2.1939363,2.6556394
2.413485,2.5862284
2.504477,2.6375685
2.1642506,2.5652049
2.3630471,2.626107
2.2577722,2.6419048
2.216441,2.5270448
2.1459205,2.5531769
2.2234097,2.6162455
2.144301,2.6814358
2.1243482,2.5612748
2.1264753,2.5234458
2.1674225,2.5299869
2.1972566,2.5872202
2.1113777,2.5512967
2.3753037,2.5491
2.3289986,2.5373728
2.1076202,2.6869166
2.1550815,2.6115048
2.3880463,2.6479373
2.247204,2.522346
2.1815333,2.6072984
2.1389983,2.573142
2.1854131,2.511082
2.3377655,2.5833352
2.1031816,2.5301623
2.1903825,2.6744087
2.1486397,2.584397
2.3603482,2.5967765
2.3632467,2.6079404
2.253668,2.5127342
2.2567544,2.5303664
2.1547873,2.5593553
2.2178028,2.659743
2.251354,2.678471
2.2918344,2.590524
2.474572,2.6685522
2.1316485,2.5975888
2.1925704,2.5620494
2.2658167,2.5307784
2.2009344,2.6198027
2.2851481,2.6245468
2.4094934,2.5541637
2.3967705,2.5245903
2.2438133,2.595462
2.1006393,2.6198907
2.1650586,2.5986464
2.1130514,2.5236897
2.1233103,2.6717448
2.1469893,2.617914
2.1726854,2.6596522
2.1407096,2.6454723
2.4317408,2.5274377
2.243936,2.5049434
2.5132146,2.565297
2.1751037,2.696745
2.3505485,2.6043062
2.1231587,2.500391
2.4924,2.6707823
2.314402,2.5989568
2.1125472,2.6684875
2.2484305,2.500201
2.3750129,2.5303667
2.1518118,2.5297582
2.197829,2.690436
2.3588727,2.601459
2.2684355,2.547629
2.1472695,2.5680494
2.133988,2.5682366
2.1756785,2.5105333
2.3682685,2.6650178
2.215221,2.5291536
2.1759038,2.5701935
2.3297708,2.5124617
2.2852032,2.5246437
2.125757,2.6005576
2.102229,2.6328194
2.2027137,2.5836563
2.2250018,2.5915132
2.1215239,2.6353133
2.1867514,2.5028791
2.1376781,2.5811465
2.1568024,2.6765146
2.1189997,2.5020916
2.1072474,2.6098409
2.2643826,2.5191302
2.4059439,2.5222936
2.1481125,2.583682
2.1873858,2.5718417
2.2812433,2.6170127
2.3544173,2.6345868
2.360377,2.5103734
2.1283932,2.6832845
2.165178,2.5076172
2.119851,2.5869505
2.4625018,2.5575392
2.2286265,2.597194
2.4120524,2.6372797
2.2509646,2.6291056
2.229385,2.6382444
2.1061745,2.5345879
2.2088525,2.636729
2.120195,2.568893
2.1846945,2.6644325
2.1612372,2.534454
2.35114,2.6698787
2.1843483,2.5781426
2.258956,2.5795658
2.4752362,2.5485055
2.2470236,2.5783958
2.1851337,2.6892602
2.176614,2.6872184
2.2023706,2.628753
2.2020924,2.5015519
2.103023,2.5701847
2.220929,2.694591
2.44469,2.5551488
2.137713,2.6364074
2.1655986,2.6114674
2.1028795,2.636149
2.4343388,2.5014617
2.3436515,2.5404646
2.2709637,2.5008402
2.522832,2.6454856
2.3795173,2.5150604
2.1220887,2.6610832
2.2284768,2.5448127
2.1146371,2.521999
2.2697139,2.5318997
2.1533237,2.6467204
2.222249,2.6159868
2.2758672,2.587606
2.1389546,2.6111844
2.4274688,2.672606
2.4014263,2.6887095
2.272874,2.646546
2.2108197,2.5916896
2.3567698,2.5557058
2.1989806,2.6868355
2.1844425,2.5962641
2.3942783,2.5754309
2.1299565,2.6566167
2.1503367,2.5920806
2.5048378,2.6026113
2.2033308,2.6613672
2.5416415,2.5309367
2.1381779,2.5588644
2.176023,2.6824846
2.3181105,2.5442722
2.1962,2.556655
2.3811126,2.5296016
2.2486398,2.673205
2.5244584,2.631817
2.1097999,2.6299496
2.1573322,2.5978527
2.2189143,2.5681155
2.350032,2.6367831
2.2859828,2.6024923
2.2536614,2.6142726
2.5217073,2.6639056
2.2962053,2.6565297
2.26526,2.686974
2.5158584,2.5696433
2.1793375,2.532555
2.4767926,2.6860924
2.1247628,2.5319016
2.3685668,2.5125108
2.3211238,2.5997133
2.1392303,2.5033107
2.3416965,2.5127015
2.2080667,2.6403382
2.2977397,2.537638
2.294968,2.5209064
2.2190194,2.6582973
2.5370398,2.5255046
2.315275,2.6531982
2.2980022,2.5206902
2.1933928,2.5623538
2.304884,2.5716574
2.318214,2.5551596
2.533104,2.5985835
2.391915,2.5214758
2.1162903,2.6115005
2.117501,2.5654879
2.1548598,2.6081274
2.3534632,2.6889863
2.3390245,2.5581815
2.1769369,2.6478105
2.2271032,2.6405406
2.3885705,2.6355367
2.1388342,2.5605192
2.1224878,2.6973903
2.312766,2.6922796
2.168338,2.5804825
2.1492257,2.5105736
2.4246151,2.5865178
2.248032,2.5238292
2.145851,2.6888132
2.1487708,2.6081655
2.1531823,2.6973424
2.2515564,2.6311564
2.2658648,2.5444648
2.1382194,2.6781883
2.1033807,2.5826845
2.2529962,2.5557597
2.1517797,2.507407
2.1744325,2.6010108
2.1924586,2.5171723
2.36321,2.5867264
2.2446427,2.581086
2.1650605,2.5201416
2.3133583,2.671223
2.134815,2.6250076
2.4768553,2.6128085
2.3137949,2.5739262
2.22575,2.529637
2.1435382,2.6634898
2.1607652,2.5639825
2.307683,2.5052698
2.2034497,2.5254729
2.12496,2.5039227
2.135627,2.5783863
2.300535,2.6735961
2.425942,2.583573
2.1669648,2.6179821
2.3153872,2.5615337
2.2993634,2.6305168
2.1755154,2.5123518
2.1092708,2.634503
2.2658632,2.636949
2.4581668,2.574046
2.1386952,2.684819
2.3382256,2.528008
2.3114915,2.6109166
2.1104927,2.5048368
2.116942,2.5908136
2.2969992,2.64945
2.125512,2.6328554
2.3186712,2.6361773
2.378662,2.5448034
2.1874259,2.699485
2.4574103,2.607491
2.187193,2.5009148
2.5293987,2.6678772
2.308994,2.6928551
2.1070776,2.6604774
2.207292,2.6432743
2.1686192,2.6491942
2.157644,2.5877821
2.1510918,2.5135977
2.107993,2.6796424
2.32921,2.5372636
2.2531502,2.6859858
2.1883006,2.6072161
2.211164,2.637042
2.2432878,2.6454585
2.4756162,2.6758897
2.1518314,2.6939733
2.215672,2.51078
2.2896068,2.6584487
2.188375,2.5756137
2.493515,2.5878048
2.1307497,2.6492481
2.108929,2.5850203
2.1135893,2.6336517
2.322643,2.685981
2.3081784,2.5135682
2.1091871,2.6055279
2.183204,2.594875
2.3511631,2.6103268
2.3474355,2.6057403
2.407121,2.5633395
2.302134,2.6777222
2.1591315,2.5932825
2.2627592,2.6714222
2.479039,2.6580718
2.1507168,2.6079617
2.2506232,2.5613291
2.1713033,2.530281
2.4946637,2.6852355
2.3476644,2.6061046
2.462681,2.6160507
2.2610283,2.5243473
2.1211941,2.579232
2.4569583,2.5371416
2.4402342,2.6799002
2.2470648,2.5366855
2.2675345,2.6615179
2.192129,2.5682294
2.250498,2.6800528
2.3337965,2.5476413
2.5317106,2.514996
2.3877914,2.5851803
2.2357633,2.5793335
2.3382752,2.6244013
2.2704878,2.639667
2.3312693,2.5831237
2.2806227,2.6064153
2.1707745,2.6327493
2.445256,2.6279476
2.1388755,2.6439915
2.4957905,2.5905945
2.4342687,2.5514297
2.3149152,2.6033022
2.108278,2.5117168
2.2404015,2.6384585
2.2939906,2.6906862
2.2706387,2.5170186
2.1940114,2.673755
2.141478,2.5938363
2.1720173,2.5324893
2.101579,2.6223629
2.1185772,2.6197672
2.1635594,2.683286
2.2229106,2.5891745
2.3953447,2.6817768
2.3166924,2.6651952
2.3906295,2.507146
2.1094782,2.5694718
2.2341318,2.577255
2.377213,2.5014577
2.2722623,2.5259905
2.135183,2.6636772
2.1639564,2.5407283
2.3767674,2.6535392
2.1118355,2.6672344
2.2341933,2.6861286
2.3626366,2.5734262
2.1477747,2.6047695
2.463674,2.6643558
2.3109498,2.5761616
2.2409678,2.6241043
2.156321,2.5959651
2.123497,2.571326
2.2598853,2.514135
2.5283833,2.603156
2.3412738,2.6070838
2.3603728,2.6857934
2.4525814,2.5058112
2.192931,2.619921
2.42159,2.5254803
2.133317,2.5251422
2.1338336,2.523413
2.3423545,2.5707757
2.2764838,2.501671
2.280642,2.5016873
2.1611845,2.6779628
2.3779962,2.6842759
2.151102,2.5929823
2.5026803,2.602816
2.2611468,2.523551
2.3503852,2.5088828
2.342386,2.590947
2.2901156,2.6204855
2.2047713,2.6507006
2.2614691,2.6550858
2.2345774,2.64535
2.122678,2.5074334
2.1731796,2.69433
2.291142,2.6027822
2.4459426,2.6631513
2.2530506,2.6892762
2.1432087,2.512131
2.156189,2.6687226
2.2403977,2.678947
2.519005,2.5416133
2.2129931,2.6123579
2.1594696,2.5332723
2.3644168,2.6197374
2.3696108,2.5870955
2.138355,2.6850698
2.2988214,2.5371609
2.4893916,2.5337775
2.357372,2.5665457
2.5028102,2.6702015
2.3017898,2.570202
2.1184864,2.5859525
2.1886442,2.6380777
2.254204,2.6122558
2.3328762,2.6131241
2.1525917,2.5343962
2.2101414,2.6900918
2.254069,2.5105
2.2043772,2.5693822
2.344167,2.5697536
2.1201086,2.5685284
2.1734865,2.5459878
2.1573246,2.6824632
2.345758,2.501809
2.3940518,2.581408
2.185519,2.5956652
2.1940145,2.6141233
2.1486595,2.5421772
2.237811,2.6323712
2.222616,2.5024605
2.275986,2.5123131
2.2943206,2.6773272
2.223422,2.672606
2.4266202,2.6263027
2.2714326,2.5215662
2.2242346,2.6835747
2.2464364,2.5771646
2.2492921,2.526135
2.154852,2.5090103
2.2405286,2.5079439
2.2293954,2.6460545
2.1704834,2.6441443
2.2528768,2.5160975
2.1985283,2.627114
2.2862968,2.5061715
2.1395712,2.6373184
2.1877358,2.6224036
2.4100716,2.5683162
2.4453762,2.5974848
2.1802602,2.5076904
2.4517653,2.5144153
2.1199667,2.590213
2.4050245,2.5524218
2.3150804,2.5428956
2.1995125,2.6271923
2.2165434,2.6636333
2.2017093,2.5392158
2.1388736,2.6657782
2.524694,2.6241627
2.4693074,2.5073166
2.4367895,2.50085
2.2171905,2.6985657
2.2812738,2.5787
2.3412647,2.6320822
2.3860042,2.5078528
2.2511668,2.643793
2.3502882,2.5214078
2.2757602,2.5439217
2.3665326,2.6638176
2.3678365,2.5967596
2.1255405,2.6459723
2.2362142,2.5510633
2.3935952,2.5791035
2.2854953,2.534551
2.1180398,2.5174067
2.472203,2.6612277
2.359652,2.5752487
2.4627478,2.680897
2.166988,2.5433524
2.2934732,2.640497
2.1424856,2.5192833
2.176228,2.6704283
2.4712791,2.645914
2.3029804,2.6213257
2.17314,2.6582072
2.528508,2.551549
2.117872,2.6771946
2.399711,2.6283097
2.2253504,2.594038
2.1216547,2.682023
2.1989253,2.6964884
2.302843,2.5203788
2.3869915,2.6995995
2.2766445,2.6067135
2.1015203,2.6183674
2.3356452,2.5808482
2.1134362,2.5052423
2.30686,2.549601
2.18334,2.5290737
2.1147926,2.6871932
2.2199037,2.5084486
2.4067295,2.664445
2.2282438,2.534676
2.1120596,2.5575836
2.2534022,2.6532214
2.2248468,2.6377096
2.140291,2.5321996
2.148919,2.6437943
2.1354935,2.607147
2.2115479,2.5206802
2.3911574,2.6246138
2.457486,2.6293147
2.2349265,2.5178773
2.280473,2.5304155
2.1162112,2.6529162
2.476865,2.6149492
2.2165673,2.5707474
2.2445195,2.5884228
2.5018623,2.633288
2.375069,2.508964
2.4543211,2.534913
2.1445959,2.683743
2.1716964,2.6081672
2.3511724,2.6773129
2.2790363,2.549015
2.4243107,2.6703482
2.1044304,2.5046704
2.2285028,2.6925511
2.2457814,2.6228487
2.1024725,2.6718943
2.1081505,2.5792925
2.2044303,2.6695538
2.2246459,2.5075183
2.1706002,2.5831325
2.4135637,2.6867948
2.473471,2.6948333
2.148682,2.5845253
2.1376076,2.589811
2.2147036,2.621678
2.140582,2.6954954
2.2430606,2.6262262
2.502799,2.605166
2.3085501,2.560341
2.3101864,2.5048053
2.2378252,2.5839496
2.122386,2.657255
2.1063037,2.576164
2.1552775,2.6037383
2.2641237,2.6768143
2.1133132,2.6336565
2.141261,2.5368156
2.15463,2.568428
2.1257968,2.515187
2.2882266,2.6263483
2.2743585,2.5193264
2.2044003,2.6586995
2.2117968,2.6896815
2.1746817,2.6918738
2.2144616,2.6295848
2.4961104,2.6283467
2.1373227,2.602891
2.2442584,2.5615468
2.3414183,2.6006474
2.1068459,2.5039897
2.2574039,2.5059547
2.322457,2.6235206
2.2068512,2.640079
2.2658284,2.5244899
2.3392866,2.605328
2.4354973,2.668227
2.2678187,2.537098
2.3300395,2.619267
2.1177156,2.5509946
2.1532264,2.6124878
2.3657095,2.5313509
2.2593207,2.5654716
2.4274712,2.5251212
2.1648457,2.659597
2.4026592,2.5804005
2.2484236,2.5094788
2.3483303,2.6643858
2.3479202,2.5112982
2.189977,2.5296376
2.2269187,2.687449
2.173339,2.6879272
2.144933,2.5549
2.126322,2.544442
2.1690097,2.672245
2.2000618,2.5816336
2.501999,2.5743327
2.2048857,2.6474953
2.2360528,2.673695
2.1866763,2.6844883
2.2767093,2.6846895
2.4599266,2.6964478
2.15602,2.6758115
2.2028916,2.6611922
2.1140862,2.503925
2.1287334,2.5466244
2.284126,2.55571
2.3996258,2.5955758
2.199317,2.6806643
2.1970873,2.517681
2.146916,2.6640894
2.3312337,2.626559
2.1251216,2.630609
2.278329,2.6536787
2.2904923,2.6339102
2.1092815,2.539281
2.112794,2.699171
2.1935346,2.5462983
2.2962637,2.6740804
2.4489882,2.5139928
2.4441864,2.5094557
2.1732037,2.5973558
2.189292,2.5659611
2.1472254,2.6116083
2.1446164,2.5952902
2.2272005,2.5968122
2.1483366,2.5483785
2.1119587,2.6175861
2.1889758,2.6857576
2.1165733,2.647067
2.2476385,2.666864
2.310827,2.524053
2.1986687,2.5606468
2.1069114,2.6248808
2.2752285,2.5692875
2.3176854,2.6532366
2.2173488,2.5180151
2.1305203,2.5237432
2.2474916,2.5839834
2.1003604,2.5168808
2.1042304,2.511566
2.1441271,2.507457
2.244053,2.521167
2.1737666,2.5107415
2.326525,2.6728532
2.101199,2.5892096
2.2671156,2.612906
2.1400418,2.563552
2.198669,2.5958424
2.1022785,2.6337879
2.1744049,2.6399639
2.5181315,2.670443
2.1064427,2.5831869
2.2702265,2.5982146
2.143609,2.69663
2.4317384,2.519389
2.171793,2.5257003
2.2071328,2.5901859
2.2559128,2.5482328
2.1705778,2.5923626
2.1262357,2.6693215
2.4999835,2.5737584
2.5283751,2.5888045
2.2798858,2.5086932
2.1932163,2.6990361
2.2966094,2.6832197
2.512396,2.532383
2.2033014,2.5380626
2.1999416,2.5173006
2.3127854,2.5760233
2.20009,2.5640793
2.1022089,2.547687
2.3117619,2.577951
2.1642056,2.57412
2.290499,2.6947722
2.1417148,2.5006135
2.35574,2.5442872
2.1908176,2.6406636
2.2097573,2.621236
2.4571881,2.5893183
2.2279718,2.5506392
2.1009018,2.679317
2.3897393,2.6212866
2.1450856,2.5205142
2.4749503,2.627614
2.2503614,2.5437803
2.3025265,2.6040604
2.1544514,2.5812657
2.3505578,2.6593688
2.394543,2.5108585
2.1796045,2.6622748
2.2488964,2.5736701
2.1931524,2.646947
2.1680121,2.5323005
2.2351844,2.6092396
2.2765636,2.5418382
2.1631246,2.5615592
2.2796414,2.5793688
2.454349,2.5635011
2.3447907,2.616266
2.2455273,2.696243
2.527732,2.510362
2.4836714,2.510362
2.3602724,2.5650673
2.1668024,2.6073997
2.301703,2.6593823
2.149872,2.635782
2.2644913,2.5125208
2.2261667,2.6969512
2.2719002,2.6250947
2.481712,2.5470421
2.108826,2.6559079
2.116668,2.6848967
2.1120996,2.579961
2.107899,2.6308541
2.3137465,2.617804
2.5427823,2.5303738
2.127016,2.5397313
2.1534815,2.681315
2.1118426,2.5243666
2.1106453,2.6469755
2.4599223,2.661007
2.195491,2.5069766
2.107993,2.6363754
2.2968678,2.5234783
2.1043959,2.6259043
2.324488,2.538943
2.2865443,2.6826813
2.1944427,2.66005
2.367543,2.6928759
2.2454453,2.5289729
2.1328285,2.598426
2.2482378,2.5207903
2.2574587,2.5291827
2.3192496,2.5825655
2.1425724,2.6766698
2.3920715,2.568679
2.265837,2.6971374
2.49765,2.5251546
2.273246,2.5629005
2.137286,2.6878703
2.1697981,2.5980372
2.1514027,2.5792215
2.357477,2.5732648
2.1021562,2.5731924
2.400464,2.6576834
2.1765788,2.6019597
2.1959498,2.5341446
2.19724,2.5928452
2.174246,2.5327356
2.1501074,2.574985
2.5107782,2.6604745
2.1677139,2.6505883
2.1185129,2.6020465
2.3493807,2.5779626
2.403151,2.5465329
2.337948,2.590591
2.111317,2.6769185
2.1735945,2.6120584
2.133551,2.5232537
2.1181638,2.55179
2.216899,2.5802202
2.1895125,2.558104
2.264167,2.6993475
2.2425814,2.589087
2.468959,2.5623624
2.2553594,2.6023939
2.286982,2.6233718
2.1952999,2.6355574
2.2460287,2.50133
2.1124208,2.605722
2.1845255,2.5896084
2.1819823,2.5549614
2.1786733,2.5920231
2.3773992,2.507596
2.1256123,2.5997093
2.107473,2.6283624
2.3197196,2.556803
2.1771133,2.5012324
2.111515,2.6765609
2.1145816,2.608617
2.2150507,2.5318518
2.1018636,2.535583
2.4040122,2.6218328
2.1292813,2.6333685
2.305969,2.6430016
2.3377945,2.6003897
2.1011753,2.5374973
2.2577605,2.6315558
2.1054058,2.6188333
2.3074474,2.6895742
2.1439686,2.651551
2.1399646,2.652729
2.1744773,2.6291966
2.1604595,2.5031216
2.2752175,2.529302
2.41337,2.618254
2.3133342,2.5339727
2.3186285,2.698518
2.2211788,2.5376687
2.2635558,2.6795511
2.1847389,2.5512817
2.2783585,2.599416
2.2730522,2.5661364
2.3591518,2.6546636
2.180333,2.628142
2.2780554,2.624086
2.2657995,2.6672504
2.4728124,2.5818295
2.203791,2.5787578
2.1402805,2.6252053
2.1584516,2.660918
2.2010791,2.5006976
2.1982963,2.588458
2.2280815,2.52516
2.1741436,2.6305912
2.2716508,2.6849008
2.2095826,2.6802607
2.3723903,2.6509643
2.2640092,2.5517962
2.4408746,2.6186092
2.115394,2.5288308
2.3394167,2.5032072
2.5142791,2.5761883
2.1428103,2.5789413
2.388757,2.6550918
2.300152,2.555382
2.21772,2.5039818
2.5197685,2.610487
2.239278,2.5954828
2.3175783,2.6193712
2.3151028,2.5815005
2.1478953,2.6453545
2.2242537,2.658714
2.1858442,2.6736536
2.25152,2.6277988
2.2464476,2.5754905
2.1923993,2.6681948
2.2714763,2.6523423
2.2100232,2.6628914
2.1341834,2.5997005
2.1368043,2.6244082
2.1229694,2.522185
2.4748795,2.5772982
2.434497,2.5903113
2.181133,2.507235
2.2565427,2.6331723
2.263453,2.6167693
2.3304126,2.6334639
2.313704,2.6458142
2.4955401,2.6163757
2.4720185,2.637043
2.2202847,2.597961
2.1376238,2.567089
2.12846,2.6698914
2.217751,2.6047616
2.155899,2.6035488
2.141213,2.6681538
2.1520972,2.6856923
2.4137025,2.560386
2.4541175,2.5342026
2.2872446,2.536157
2.2244346,2.5103889
2.3026428,2.6271737
2.3583493,2.543845
2.1148586,2.536252
2.158402,2.5594108
2.2117968,2.5683928
2.3403199,2.6892438
2.3620963,2.5686371
2.492223,2.6602173
2.1185226,2.6809967
2.3459344,2.618295
2.2191336,2.5625243
2.3847766,2.6051846
2.1512952,2.5729318
2.3076708,2.6491418
2.168758,2.5988026
2.2142646,2.5116665
2.1486368,2.6100757
2.3882697,2.527478
2.1246433,2.5288858
2.3882523,2.582688
2.2898166,2.6526673
2.1283479,2.6727054
2.2563236,2.699235
2.28368,2.5426583
2.3091035,2.657457
2.4970255,2.5969567
2.4826803,2.6561186
2.467962,2.6082227
2.3358042,2.5733774
2.1578314,2.6887999
2.363396,2.5948896
2.1484807,2.6365247
2.1501703,2.557416
2.1728344,2.5662358
2.2600927,2.5413973
2.1982863,2.6261666
2.3226051,2.54271
2.1453955,2.6290338
2.126752,2.6255705
2.358304,2.6691034
2.1240566,2.6386101
2.1947775,2.5202105
2.2758212,2.5571437
2.3391395,2.5707643
2.2963545,2.5597591
2.4646819,2.6934328
2.1121922,2.5250876
2.1138432,2.5450296
2.2621877,2.54531
2.1774507,2.6255314
2.3382645,2.5076377
2.3471808,2.619385
2.2025836,2.6009016
2.2501445,2.548728
2.3054667,2.5358078
2.3235328,2.5666811
2.2511272,2.559342
2.515625,2.5941935
2.1215796,2.559103
2.12333,2.505478
2.1317391,2.6403265
2.2943397,2.6717963
2.2168362,2.6303668
2.1268065,2.616059
2.2339187,2.64834
2.1563609,2.6720147
2.1922789,2.5811422
2.517627,2.584456
2.10591,2.589905
2.2074003,2.6841652
2.361836,2.6059635
2.4659572,2.5116827
2.1287947,2.6051042
2.1309266,2.5533247
2.2416122,2.6130397
2.2115371,2.5699058
2.1776025,2.5674744
2.1527433,2.6233976
2.4648292,2.5453994
2.1121662,2.511171
2.4472327,2.5759096
2.126406,2.5396314
2.1753776,2.6983604
2.149635,2.5371864
2.3207445,2.6345334
2.1895013,2.5725534
2.4106636,2.6735268
2.310656,2.5989375
2.539023,2.5704978
2.1423252,2.5447557
2.3307183,2.5833914
2.3949232,2.6126375
2.189783,2.6166358
2.1419666,2.5425484
2.1075377,2.6230264
2.1994185,2.5726752
2.1264112,2.6747155
2.240185,2.6715753
2.2269833,2.6116595
2.42608,2.610298
2.1348233,2.534809
2.1553252,2.6825066
2.3040535,2.562257
2.1624358,2.5953233
2.135234,2.5687494
2.2203867,2.5432804
2.1076078,2.6325738
2.1504114,2.5476537
2.1718106,2.5249677
2.4075823,2.5185897
2.530586,2.6947536
2.2891684,2.6405401
2.240342,2.6513948
2.2644255,2.5178561
2.2138686,2.687181
2.2215219,2.5617387
2.3008842,2.5967026
2.3705387,2.5143516
2.416265,2.6760178
2.1924791,2.575022
2.545637,2.6061196
2.2020185,2.6196966
2.5445783,2.6986966
2.1003606,2.6042573
2.103191,2.6003125
2.1708088,2.528563
2.1376069,2.552589
2.1095817,2.5070317
2.2747538,2.6818902
2.4736996,2.5521023
2.1352463,2.6498845
2.1197379,2.608677
2.3416305,2.5001473
2.2998912,2.6363814
2.1360478,2.5998874
2.2368205,2.5347319
2.2686932,2.5624156
2.1763794,2.541885
2.155681,2.609791
2.2193944,2.6014104
2.5268617,2.671528
2.1021905,2.6397014
2.1858566,2.5065274
2.1697872,2.615766
2.1380706,2.5412915
2.1657312,2.583319
2.3695154,2.5821955
2.3656206,2.5076604
2.1759422,2.618011
2.3107595,2.5400841
2.134183,2.501293
2.3329945,2.5124512
2.203465,2.6437945
2.4611359,2.6810372
2.1896355,2.5742733
2.2285328,2.5566645
2.4131677,2.6202326
2.1975806,2.6353025
2.3080223,2.6340296
2.2205467,2.5859663
2.3093681,2.526599
2.364693,2.6841161
2.3544915,2.5089965
2.5349936,2.5672603
2.2543569,2.687015
2.1205835,2.6354768
2.2374928,2.6051211
2.338939,2.6077888
2.291377,2.6178546
2.2289798,2.6427197
2.2109756,2.561975
2.1993423,2.6748016
2.3229485,2.6784892
2.3141253,2.5969017
2.1383107,2.669865
2.1941495,2.538772
2.2625225,2.6649764
2.288686,2.5737257
2.2115245,2.6123433
2.2219663,2.6935186
2.1946166,2.5745983
2.4558592,2.5109901
2.1361103,2.6088815
2.1006045,2.5825849
2.366826,2.5877702
2.1975844,2.6476243
2.522599,2.5641756
2.201436,2.5207498
2.3271735,2.5267491
2.1091003,2.57097
2.2489974,2.6735382
2.2883885,2.6980534
2.1073892,2.5324576
2.1224475,2.5719202
2.288714,2.6629095
2.1116853,2.52185
2.1288662,2.579082
2.182271,2.599206
2.2432678,2.6349552
2.5260463,2.5082948
2.126791,2.5852852
2.3588922,2.6524706
2.426031,2.5076702
2.109032,2.6330113
2.349838,2.5548332
2.3408582,2.6023495
2.1088398,2.6855145
2.1710172,2.6762521
2.5472968,2.6982472
2.311853,2.547106
2.2801826,2.6864579
2.1266024,2.6414404
2.1768765,2.6137912
2.2628083,2.6604803
2.3131506,2.63293
2.2472198,2.6256645
2.1191766,2.6202538
2.5463796,2.646416
2.2693396,2.6907125
2.1702428,2.5110476
2.2911775,2.6333697
2.113442,2.6527681
2.163868,2.554953
2.1088965,2.6723056
2.358889,2.6990423
2.2846115,2.6358418
2.2773046,2.6074843
2.4857554,2.5829341
2.240227,2.5674634
2.1735682,2.6230707
2.1995323,2.5597007
2.1133132,2.669864
2.186948,2.605616
2.1166089,2.5333796
2.420551,2.5077698
2.1210248,2.5701547
2.3349264,2.5931876
2.1046755,2.5765812
2.2175713,2.5997963
2.2227528,2.5594313
2.170462,2.6363242
2.228583,2.5128553
2.1335094,2.5695524
2.1997876,2.5774746
2.2184954,2.5913863
2.3262892,2.5705233
2.2502625,2.5970082
2.3074195,2.530302
2.106238,2.65957
2.2228284,2.667239
2.4244585,2.5914998
2.1475215,2.50544
2.1185255,2.6213384
2.122156,2.563074
2.1317322,2.5401938
2.239985,2.596758
2.186636,2.5759556
2.51315,2.5038903
2.3797545,2.527351
2.249519,2.567057
2.2358985,2.6816514
2.3696966,2.6160626
2.2603672,2.511446
2.248315,2.6012397
2.4492087,2.5404747
2.2282493,2.596424
2.1065068,2.55028
2.1261587,2.6511075
2.5388927,2.546145
2.4385571,2.5587575
2.1150305,2.5115633
2.1427112,2.6472645
2.2465553,2.5848358
2.2470255,2.5385978
2.1503475,2.6482568
2.120483,2.5828505
2.131363,2.529422
2.1076066,2.6179852
2.112318,2.6878238
2.2390573,2.5707984
2.2127504,2.5083435
2.1585505,2.6888213
2.4407265,2.534194
2.237032,2.521514
2.136841,2.5114
2.3316255,2.5828109
2.2637405,2.512592
2.1275609,2.5862477
2.1067781,2.5359168
2.4844315,2.5590844
2.1182666,2.6159358
2.2291229,2.5006204
2.297011,2.5535998
2.134728,2.5154011
2.1431742,2.598488
2.371054,2.5499191
2.1085215,2.5543492
2.3506792,2.5880964
2.2012,2.5330288
2.233657,2.5521932
2.2110312,2.6475742
2.2588847,2.6201472
2.1236424,2.5148408
2.376766,2.5695987
2.29108,2.565825
2.4757411,2.5519965
2.3353832,2.5270643
2.2463815,2.5460043
2.132928,2.6426027
2.136899,2.5637481
2.150546,2.676748
2.3116899,2.6081667
2.1479,2.62013
2.1870694,2.5182817
2.5247114,2.6529603
2.3510976,2.6420197
2.5370069,2.5214467
2.3073895,2.5907962
2.1411679,2.6534505
2.3622339,2.637137
2.5060039,2.621408
2.2021236,2.5146146
2.2358065,2.5439727
2.2431664,2.5802102
2.203023,2.585523
2.1539612,2.6098158
2.2271924,2.5709517
2.12894,2.6607666
2.281663,2.5394058
2.1486871,2.5755322
2.300284,2.5658948
2.1910517,2.559081
2.2301188,2.681258
2.1555495,2.514881
2.197289,2.652951
2.1825352,2.6435926
2.27917,2.6412213
2.1207037,2.5992172
2.1279309,2.65705
2.1257484,2.6997273
2.1332316,2.6713572
2.1282506,2.6855917
2.2503536,2.5666418
2.4178329,2.6569648
2.252215,2.5600758
2.1396587,2.6248822
2.150285,2.5968165
2.1546812,2.6967862
2.184004,2.526823
2.1058803,2.5099852
2.1577983,2.6446366
2.1643374,2.5307307
2.2540886,2.6586726
2.1052277,2.6493282
2.1242428,2.5298145
2.135691,2.6658568
2.429139,2.5690124
2.157427,2.6472626
2.1918082,2.651743
2.2064104,2.5288517
2.2374542,2.699555
2.1058898,2.59053
2.1516783,2.6427104
2.1483843,2.548413
2.1278007,2.689957
2.2969272,2.5339274
2.3673034,2.6695502
2.2185366,2.5114737
2.230874,2.6951993
2.210316,2.5856287
2.3138657,2.6007938
2.178531,2.58371
2.1273837,2.5364907
2.1233056,2.6162803
2.1718206,2.6054626
2.35568,2.5841863
2.1487336,2.5446784
2.129747,2.5671513
2.4257662,2.5799668
2.2608902,2.6832573
2.1980395,2.559533
2.2903454,2.587756
2.3531137,2.6192758
2.3144152,2.5324502
2.1117573,2.5310247
2.2430475,2.5974522
2.3619888,2.53758
2.2733185,2.501564
2.3728306,2.6554034
2.4502144,2.6913805
2.2884464,2.6290333
2.233329,2.6417775
2.3351104,2.6042547
2.135569,2.552747
2.1974788,2.645856
2.293303,2.518486
2.1995354,2.5427234
2.4205372,2.6694927
2.1274195,2.630687
2.1012168,2.590214
2.3493226,2.6691265
2.4300313,2.5341287
2.317429,2.5319984
2.3813052,2.5403838
2.178773,2.6823506
2.1273768,2.6272025
2.1785514,2.671014
2.3086085,2.5120146
2.2138655,2.5294704
2.2105038,2.505141
2.374428,2.5342906
2.12934,2.672763
2.2669585,2.5748334
2.1390882,2.6318686
2.251296,2.6412303
2.4366949,2.599799
2.41947,2.5295153
2.2089324,2.6730917
2.3527527,2.6564434
2.2680614,2.5963218
2.3054335,2.6059275
2.1872272,2.6864438
2.2190516,2.5933304
2.4861262,2.67116
2.1542406,2.6527984
2.5036995,2.5917673
2.1883159,2.6737227
2.1688004,2.5905948
2.2139058,2.636362
2.1880949,2.6362648
2.516219,2.575446
2.2240584,2.5297399
2.2883472,2.5109777
2.2817354,2.6074202
2.357161,2.6659422
2.1846561,2.6323605
2.3010798,2.5546103
2.5077202,2.6133516
2.255252,2.5618804
2.2136924,2.614731
2.2624855,2.6467528
2.2948477,2.6948004
2.180981,2.678569
2.2290118,2.686511
2.1897898,2.571477
2.1280234,2.5065742
2.3467946,2.6942022
2.1606283,2.5629923
2.2566147,2.5819528
2.2078578,2.631515
2.2705238,2.5685754
2.2446852,2.5371263
2.1089718,2.5105133
2.1000724,2.6559474
2.1364233,2.5152843
2.2833385,2.6720006
2.2342854,2.55218
2.134436,2.6408882
2.1073618,2.6440825
2.2483256,2.5263252
2.2794278,2.5908334
2.229956,2.6235602
2.2363093,2.6256046
2.513141,2.6228676
2.112647,2.5139644
2.3599453,2.6206434
2.406504,2.5825107
2.2866614,2.6730132
2.17079,2.5216525
2.1224732,2.5508776
2.2434974,2.662107
2.4647996,2.5213566
2.148915,2.5491788
2.2316916,2.5979264
2.2717555,2.505386
2.164995,2.5516093
2.1006072,2.6496696
2.4136937,2.5362332
2.151053,2.641264
2.2805793,2.5958335
2.1347132,2.5344427
2.1331437,2.609031
2.2800314,2.5814328
2.1724546,2.6338916
2.524063,2.557491
2.2169697,2.5227087
2.1757166,2.5838594
2.114877,2.5845675
2.3017004,2.6778007
2.2396502,2.6346955
2.3226726,2.6591299
2.147406,2.5320554
2.104297,2.5422575
2.335487,2.5654805
2.229073,2.6167824
2.2516506,2.5357144
2.1848137,2.588175
2.2272139,2.6166759
2.483212,2.6730049
2.2130527,2.6658852
2.2053654,2.5175881
2.398179,2.54642
2.2437303,2.6734483
2.149677,2.6989813
2.3061836,2.5757093
2.5485382,2.5977888
2.2733154,2.6779845
2.2355313,2.6249032
2.1880796,2.6320548
2.1663456,2.656528
2.1490223,2.627289
2.253283,2.5821989
2.2637029,2.5332375
2.28283,2.6667726
2.1787763,2.6172721
2.120491,2.505915
2.1387322,2.652777
2.1974194,2.5301008
2.2178128,2.567034
2.1231437,2.6168072
2.136483,2.6443944
2.1336582,2.5438294
2.380107,2.6756165
2.2710485,2.522752
2.100491,2.500959
2.131641,2.6977777
2.2297983,2.5068223
2.3632176,2.648989
2.134878,2.5622628
2.1312425,2.610577
2.3224254,2.555193
2.4224653,2.5534508
2.2078404,2.5365899
2.2081172,2.5464163
2.2337766,2.6350343
2.1024425,2.6468322
2.1480598,2.5888503
2.3111212,2.5504167
2.140093,2.6973953
2.1008246,2.6538947
2.2715876,2.5260737
2.231309,2.5248766
2.1521873,2.6415248
2.1372406,2.5979767
2.2034924,2.6533582
2.3068101,2.652606
2.1269875,2.6445258
2.164514,2.5680337
2.5164435,2.604781
2.3827066,2.6044257
2.1192343,2.516897
2.1671007,2.6683218
2.2016199,2.5093255
2.2549984,2.5836883
2.452695,2.5728576
2.1197278,2.5333889
2.2648232,2.5867896
2.1758547,2.6915154
2.4851124,2.6873941
2.1794367,2.5873404
2.185543,2.685962
2.101382,2.660942
2.1046638,2.6436546
2.2197337,2.6579974
2.2254722,2.5299764
2.2277184,2.5917616
2.2335763,2.6883948
2.172925,2.6356716
2.2048044,2.5466356
2.1375113,2.5872922
2.2726934,2.5565474
2.1963692,2.6381238
2.1127412,2.5283504
2.1291077,2.5621605
2.122173,2.624277
2.1199148,2.5175335
2.103174,2.5380147
2.1255124,2.6230102
2.2454844,2.5957384
2.4889224,2.6014142
2.224105,2.6461446
2.13895,2.6765554
2.3787599,2.553917
2.162327,2.6803825
2.288945,2.5422869
2.33163,2.6238196
2.2092144,2.6363082
2.1196785,2.6612458
2.1138346,2.5125046
2.2327883,2.5144832
2.4006972,2.6530151
2.1818998,2.5539174
2.4090955,2.5702984
2.228026,2.5075572
2.1773899,2.5186348
2.2877357,2.5633845
2.249436,2.5936441
2.205927,2.6600282
2.2025788,2.531111
2.4937775,2.6908898
2.393491,2.647559
2.1708019,2.501303
2.1990383,2.6171517
2.114768,2.5963893
2.2252564,2.5079072
2.341479,2.5379481
2.4914587,2.5687523
2.2287467,2.5073907
2.3529072,2.5708308
2.2899287,2.6327722
2.396597,2.5821605
2.4033015,2.5873237
2.251207,2.562464
2.2498655,2.5194592
2.2121098,2.609009
2.1538177,2.6322763
2.4836583,2.6158776
2.1881726,2.5271013
2.3076134,2.6850653
2.1804793,2.6468756
2.197542,2.6505795
2.294634,2.6933346
2.4730115,2.5145342
2.1348076,2.6905632
2.3712883,2.581086
2.1169062,2.6051388
2.1349971,2.6722324
2.2745907,2.584371
2.195803,2.6589031
2.289328,2.5377572
2.115893,2.5069654
2.1695843,2.689216
2.2158628,2.6889513
2.1223662,2.5823557
2.155573,2.5997548
2.193137,2.5597968
2.1152604,2.5643616
2.2903166,2.6830103
2.1321695,2.5206103
2.2670412,2.5351374
2.159577,2.565148
2.5265334,2.678362
2.5166473,2.6612222
2.1077213,2.574236
2.2830377,2.6881173
2.4717195,2.578851
2.302464,2.5347364
2.4201605,2.6173968
2.1303062,2.682099
2.3303914,2.5606208
2.3293564,2.612949
2.219075,2.5000193
2.1039677,2.5897365
2.2072606,2.5395813
2.1830823,2.5797253
2.3201158,2.59318
2.32278,2.613319
2.1013536,2.6193402
2.1301458,2.5437627
2.4634497,2.500233
2.4494898,2.5513735
2.2669988,2.5602326
2.2714138,2.6454484
2.1140165,2.6444614
2.289939,2.5641565
2.134168,2.57441
2.1497774,2.6184473
2.3715641,2.688629
2.1213207,2.6444983
2.2970989,2.5360072
2.4885843,2.645486
2.1858048,2.5372717
2.1693344,2.5454464
2.2446067,2.6185536
2.215465,2.55096
2.4004636,2.519887
2.1248174,2.5050936
2.102631,2.602769
2.3054843,2.6204793
2.1064224,2.5416553
2.1293478,2.673415
2.2560518,2.638794
2.3129957,2.6398978
2.1532915,2.6758685
2.3391843,2.6083272
2.1158853,2.5063145
2.1654592,2.6947796
2.3190587,2.6659174
2.2378056,2.664613
2.5191386,2.512213
2.2038238,2.519255
2.2864513,2.5349376
2.2850132,2.5308144
2.5245194,2.5906677
2.3167105,2.544924
2.333777,2.650946
2.1739473,2.5029929
2.1503382,2.568191
2.27509,2.631254
2.4080791,2.6433814
2.138999,2.536998
2.4243364,2.5280516
2.2456324,2.5666559
2.3854616,2.6739326
2.3242674,2.6925895
2.1748202,2.518596
2.3031974,2.517652
2.1039512,2.5701132
2.4687557,2.6354423
2.3155632,2.6995707
2.4107993,2.5035431
2.100457,2.5280745
2.2680821,2.649345
2.1053672,2.5063963
2.4210339,2.6227608
2.1396704,2.5194914
2.5232782,2.51323
2.2057967,2.6439848
2.191331,2.583436
2.1879313,2.68494
2.3464866,2.5992124
2.2643769,2.6567903
2.1397479,2.5897431
2.2352517,2.5299387
2.4839518,2.5927188
2.2776647,2.5709846
2.3250673,2.692802
2.1257455,2.5050588
2.4689422,2.5377953
2.3810158,2.620657
2.116094,2.6671839
2.3035178,2.6672008
2.2905526,2.5296059
2.2381818,2.6890328
2.1327913,2.6788933
2.1045604,2.5076413
2.1918278,2.5857913
2.188053,2.680485
2.186302,2.6475058
2.1930356,2.594913
2.4806623,2.5237877
2.3107266,2.6410742
2.1458993,2.6993594
2.1962132,2.633919
2.1601162,2.653604
2.4440556,2.637347
2.3573492,2.539311
2.3085523,2.649698
2.239618,2.5077026
2.151635,2.5281265
2.25463,2.580194
2.4446065,2.6515121
2.233496,2.673691
2.1114926,2.615104
2.2731984,2.6290908
2.3057907,2.6501234
2.1900256,2.6367295
2.156083,2.5496721
2.156783,2.672163
2.2511969,2.6122484
2.3148468,2.6351361
2.174593,2.5674567
2.466359,2.671142
2.120277,2.6690018
2.1400292,2.506902
2.5202515,2.553945
2.358136,2.5741646
2.443024,2.635143
2.1099598,2.511266
2.1127832,2.5669324
2.299979,2.5425544
2.1769211,2.5574727
2.1925914,2.6767292
2.4027522,2.5259392
2.1282656,2.6002119
2.2468643,2.667294
2.5204248,2.511983
2.359331,2.6207874
2.1195474,2.5474856
2.2615013,2.5350313
2.117481,2.5029523
2.1048052,2.5484684
2.4993296,2.511714
2.2357404,2.5896692
2.190003,2.5382395
2.3599873,2.5677795
2.4299753,2.5814023
2.4267945,2.681526
2.416203,2.6933525
2.174846,2.5088234
2.2133057,2.6968865
2.5118062,2.5706449
2.3892672,2.6914358
2.3177574,2.5911963
2.111619,2.508841
2.3803947,2.582344
2.4434555,2.5387604
2.1577153,2.6830134
2.1048641,2.698501
2.4640768,2.5023472
2.3646443,2.5363302
2.3840623,2.6254747
2.1160784,2.5913339
2.3797157,2.5225906
2.2224743,2.663798
2.1260984,2.6213548
2.4276354,2.6676238
2.5247364,2.530276
2.2458634,2.5529673
2.1734526,2.6707742
2.1584003,2.558315
2.2814522,2.5590599
2.2644157,2.5281363
2.36561,2.6294422
2.132871,2.5333169
2.1657505,2.514278
2.434763,2.6935759
2.1307297,2.5065343
2.106865,2.540528
2.3317564,2.519726
2.1203425,2.5359297
2.1833956,2.5598686
2.2514505,2.5580747
2.3364334,2.6191826
2.2449148,2.5930898
2.4978201,2.6400306
2.3243303,2.5097535
2.1265948,2.5650363
2.1089852,2.6604922
2.11258,2.541647
2.28332,2.6778066
2.1873078,2.5218801
2.130938,2.699393
2.4242613,2.5114179
2.1967683,2.6898139
2.1393347,2.629795
2.231741,2.6341352
2.2295997,2.5219533
2.2267992,2.67383
2.1848826,2.6625237
2.146769,2.5834322
2.2374616,2.652199
2.1401472,2.6139169
2.1251338,2.578612
2.1281095,2.590476
2.427503,2.6198983
2.1356053,2.5175462
2.261683,2.5013063
2.1103237,2.6563601
2.4033954,2.5619638
2.1141582,2.684247
2.1126947,2.6510003
2.1993108,2.6542127
2.5280151,2.5039577
2.3711946,2.632159
2.2036,2.532622
2.3739529,2.6675096
2.152897,2.685116
2.4248638,2.5847363
2.2465596,2.6810086
2.3930366,2.622291
2.1182415,2.5265026
2.5253263,2.6588213
2.1061726,2.5841706
2.183628,2.532358
2.449252,2.6218545
2.325215,2.6237407
2.141701,2.534657
2.4403248,2.5417686
2.2822876,2.698805
2.2297983,2.608054
2.2104363,2.610571
2.1079397,2.6150005
2.3487556,2.6675994
2.2403378,2.5411463
2.2811759,2.607602
2.1433709,2.5392675
2.1580377,2.5877137
2.201499,2.5071259
2.1456716,2.5410588
2.227015,2.6321776
2.194405,2.5428946
2.2791095,2.5740209
2.3358653,2.6240678
2.2425601,2.6660278
2.2034538,2.5236244
2.2364566,2.6965778
2.112994,2.5477762
2.4746969,2.6766143
2.1059709,2.581394
2.3440232,2.571188
2.1323924,2.530827
2.307242,2.6819513
2.213602,2.5891926
2.1144435,2.5312307
2.2199957,2.6083298
2.1190805,2.520429
2.1356883,2.555323
2.4852939,2.5308504
2.1230836,2.5325935
2.3848867,2.610549
2.1478784,2.5867252
2.1100662,2.552855
2.1621778,2.501191
2.287996,2.634353
2.1897793,2.554063
2.4559705,2.5737622
2.2795894,2.6643906
2.2052033,2.6769812
2.3155518,2.5779464
2.4927773,2.6207666
2.3185756,2.5582263
2.1626878,2.6250515
2.232505,2.6050968
2.1437602,2.5911403
2.132262,2.5890048
2.2892127,2.6049755
2.4391532,2.5524557
2.2669191,2.6242614
2.167023,2.6933496
2.2441528,2.6294937
2.1862988,2.5349185
2.3323507,2.6329916
2.5244777,2.603096
2.1765833,2.506931
2.1812727,2.582627
2.1544352,2.5769982
2.2991867,2.5564268
2.1877158,2.574124
2.194666,2.5965352
2.1410184,2.6548512
2.300947,2.5263848
2.3528972,2.516552
2.1806233,2.5633187
2.115393,2.6756017
2.1153293,2.5493677
2.1979606,2.5609534
2.1499515,2.5475152
2.1053498,2.6485426
2.1218321,2.5130043
2.2788029,2.5710769
2.5446763,2.6180902
2.245668,2.6972942
2.5389361,2.602307
2.5321434,2.6513228
2.2158933,2.593448
2.408789,2.5139332
2.1971319,2.6435997
2.283178,2.5519924
2.235689,2.5922909
2.2805262,2.6908512
2.242761,2.6053395
2.12032,2.6676936
2.4767401,2.6268578
2.2047403,2.5469644
2.1830513,2.6707294
2.3058648,2.5629828
2.2482991,2.5907266
2.3211586,2.5266423
2.2722273,2.5220568
2.1705801,2.6181757
2.1328645,2.6248078
2.200544,2.5637076
2.1206207,2.614402
2.4663475,2.649098
2.230903,2.5429766
2.1781082,2.5898354
2.3054945,2.6213849
2.1367056,2.6842036
2.155361,2.623178
2.3278623,2.6344674
2.1007168,2.592468
2.134763,2.6297631
2.1112185,2.6360846
2.5226784,2.5722106
2.342558,2.6938958
2.1994064,2.5968876
2.3791738,2.5318835
2.1044106,2.5426493
2.104636,2.6601572
2.2373173,2.5293007
2.2134874,2.5160367
2.2049444,2.623174
2.30903,2.5019906
2.1392307,2.5460293
2.339049,2.676194
2.1536329,2.6339898
2.156204,2.658519
2.185778,2.529236
2.1578355,2.6906
2.1694148,2.522521
2.3210428,2.6612298
2.204201,2.5760932
2.1818552,2.6925735
2.2908864,2.5039325
2.3615043,2.524868
2.1264117,2.5773253
2.203187,2.5863729
2.293886,2.6875188
2.2597485,2.5505614
2.2334113,2.6831253
2.2652364,2.515595
2.3780885,2.666181
2.2417092,2.5295222
2.268298,2.6777687
2.2355332,2.6345205
2.3414176,2.6888893
2.303249,2.6752045
2.1156921,2.5530646
2.4428058,2.5449872
2.1001585,2.555226
2.5368857,2.6316607
2.1498206,2.5174081
2.1512187,2.626094
2.1160705,2.668424
2.2189007,2.5724401
2.348016,2.680782
2.2870705,2.6725655
2.3128662,2.6281996
2.476219,2.5799875
2.1981423,2.5222096
2.3148174,2.5386672
2.1986237,2.68178
2.1323767,2.6191595
2.1368706,2.6562912
2.2404,2.5727031
2.3452497,2.5053806
2.1291363,2.5296037
2.454066,2.5596833
2.1272876,2.6119428
2.1693072,2.6906495
2.2248302,2.5691574
2.2547865,2.675558
2.141792,2.68698
2.1745286,2.5325735
2.3926725,2.5319803
2.2432072,2.630848
2.1679995,2.537845
2.24231,2.6131682
2.2495737,2.6355681
2.2332275,2.609868
2.2133532,2.6460953
2.1257749,2.5273983
2.337204,2.5751884
2.1284466,2.6410475
2.1323469,2.553814
2.225536,2.5443716
2.3640473,2.52518
2.3053222,2.6283047
2.5014095,2.5068312
2.174163,2.5405936
2.1788042,2.5286639
2.4145718,2.6498768
2.2710638,2.6256506
2.2763987,2.6901653
2.231307,2.6179323
2.224139,2.6495109
2.260788,2.611721
2.1788423,2.5843213
2.3835423,2.6332977
2.5346177,2.6948233
2.1720095,2.5616665
2.1516397,2.5640655
2.377675,2.5263352
2.2875552,2.5226908
2.1494045,2.591637
2.1550748,2.5306888
2.4189072,2.5006876
2.378441,2.6180964
2.149442,2.5955467
2.2264493,2.5950906
2.254909,2.569932
2.2320437,2.6666799
2.364177,2.6900349
2.3851385,2.5676548
2.4349227,2.6190236
2.1912289,2.544162
2.2348168,2.630946
2.4775343,2.553212
2.325876,2.680266
2.1485193,2.6932569
2.1493313,2.5758624
2.2403548,2.5978959
2.3892446,2.573035
2.157885,2.6598635
2.1142466,2.5523353
2.2783067,2.5522597
2.1789515,2.6202042
2.1207762,2.5779266
2.2815132,2.5360217
2.1129081,2.5433378
2.103621,2.5035818
2.1095498,2.5304189
2.1319847,2.537449
2.5315444,2.518906
2.3652399,2.56309
2.2699473,2.5089986
2.1779563,2.6750154
2.398041,2.5436544
2.107184,2.6032214
2.3487115,2.69314
2.331825,2.5261366
2.2648447,2.680117
2.2729366,2.5859575
2.2566411,2.6012344
2.3428154,2.53027
2.2593014,2.5789201
2.2197394,2.6313188
2.1611564,2.675467
2.1818066,2.691156
2.1823967,2.5466695
2.2383902,2.6211867
2.1795068,2.600091
2.3704333,2.6942043
2.3126688,2.6439028
2.1891105,2.669006
2.1446888,2.685425
2.1576898,2.6390436
2.1767452,2.6309917
2.444818,2.5478563
2.4226618,2.6477346
2.3682814,2.6084187
2.2494514,2.544812
2.354206,2.606644
2.3612394,2.6085143
2.4907293,2.65016
2.1451101,2.566056
2.122664,2.513277
2.156445,2.5803752
2.170507,2.6199906
2.1539,2.6019943
2.155346,2.5156734
2.308809,2.619714
2.2659721,2.5140026
2.1008515,2.5907423
2.454215,2.5445733
2.1933334,2.6014285
2.3050363,2.6696298
2.241603,2.5759275
2.3699157,2.6834767
2.1573484,2.6412601
2.1099465,2.5098023
2.3935883,2.621483
2.2688372,2.557082
2.133054,2.5837235
2.137917,2.519262
2.4181943,2.604036
2.116366,2.6266685
2.1454144,2.5148966
2.1643753,2.6965652
2.5438688,2.6362925
2.1849623,2.6104348
2.1550386,2.6361818
2.2480545,2.5686305
2.251181,2.6362543
2.1321466,2.6720214
2.3043456,2.6336894
2.256849,2.53463
2.2171767,2.5665429
2.2122126,2.5774748
2.1669755,2.6203353
2.2726018,2.6153767
2.1255686,2.530938
2.3366177,2.6607244
2.3078675,2.5362666
2.5444849,2.554106
2.182917,2.6935303
2.136646,2.6932232
2.2105908,2.589434
2.132329,2.6081092
2.1471286,2.5962124
2.1126091,2.5777617
2.4830604,2.5946414
2.1457672,2.5464325
2.146958,2.516056
2.1116133,2.586509
2.1847591,2.577665
2.3780086,2.5270748
2.3568249,2.685436
2.2740333,2.5117235
2.167476,2.6550453
2.219081,2.5195606
2.168401,2.624704
2.1113858,2.5866601
2.141165,2.615012
2.2366486,2.6373143
2.4547539,2.5747685
2.1653974,2.575895
2.3184195,2.6827362
2.3836656,2.6780639
2.1909552,2.551745
2.2961268,2.6988685
2.4551814,2.5618443
2.4149187,2.5647798
2.163171,2.5612314
2.1397634,2.5639791
2.1063087,2.692264
2.24644,2.673154
2.2855704,2.6983883
2.143409,2.644048
2.3598843,2.6319838
2.1336763,2.6376822
2.3863459,2.585778
2.1306796,2.536092
2.4506505,2.5002446
2.1081228,2.5123117
2.1373832,2.600639
2.294782,2.5239706
2.116204,2.6648445
2.1049855,2.5118833
2.168583,2.6614025
2.1686015,2.5395246
2.2251692,2.6374078
2.4713678,2.5113223
2.1476347,2.535296
2.3286493,2.5049407
2.2722032,2.6458724
2.1202173,2.53097
2.1679447,2.6563318
2.1663134,2.640208
2.1363945,2.5949104
2.3648355,2.5145028
2.2595913,2.5148377
2.2176483,2.6205008
2.2248874,2.639342
2.4939513,2.623088
2.1708596,2.5707684
2.2567418,2.5021207
2.114733,2.5430663
2.1355548,2.6280394
2.2423337,2.6909537
2.2448504,2.6238816
2.1536224,2.648636
2.101439,2.5827174
2.4980874,2.662556
2.2809403,2.5088568
2.1538439,2.6851785
2.1347313,2.6708798
2.2279432,2.5065289
2.2079737,2.6141217
2.1473587,2.6244485
2.1585877,2.5351841
2.3267832,2.5245152
2.2549367,2.6448946
2.3272989,2.5131547
2.1884992,2.593242
2.3377419,2.6342497
2.152109,2.597011
2.4413617,2.5394652
2.2476714,2.6253836
2.4018734,2.5082133
2.3514452,2.561305
2.136508,2.573879
2.1371543,2.671775
2.246511,2.5955205
2.2823431,2.516638
2.210556,2.6351497
2.3063056,2.6882567
2.1284134,2.624908
2.1648285,2.587597
2.2963393,2.5681744
2.1189342,2.5259945
2.215883,2.5192738
2.4023612,2.5662005
2.4591088,2.609503
2.2154603,2.5942364
2.151552,2.5572422
2.4017606,2.5071077
2.2964036,2.5858836
2.233521,2.591744
2.2066398,2.6286976
2.3004427,2.6301937
2.121942,2.621357
2.2587504,2.504413
2.2326267,2.5753577
2.1562815,2.5416255
2.1256316,2.683264
2.1099246,2.6044545
2.313769,2.551185
2.118229,2.527447
2.3811858,2.6382964
2.1937861,2.5715396
2.2699745,2.67982
2.1004786,2.6619492
2.1402705,2.6879587
2.2810476,2.5210826
2.2920153,2.5338287
2.2929676,2.5931394
2.1075542,2.6693985
2.31116,2.5254116
2.293946,2.6582353
2.3406062,2.5205197
2.1105347,2.6307075
2.193344,2.686057
2.1136029,2.5849984
2.1546445,2.5234194
2.4715319,2.503893
2.2537751,2.5074153
2.141351,2.665052
2.2945216,2.6873686
2.1123025,2.672891
2.3424618,2.6121035
2.1580513,2.531665
2.2704012,2.579633
2.4163516,2.6115785
2.1064525,2.5247386
2.1754627,2.6185043
2.1692038,2.6187844
2.1373227,2.5679777
2.150291,2.6442876
2.1506505,2.6911435
2.105697,2.6196458
2.3941627,2.6383007
2.209583,2.6043448
2.181741,2.6679416
2.1324837,2.585603
2.2782357,2.5109782
2.1904266,2.6039267
2.3342135,2.6803215
2.3911376,2.5110793
2.4532685,2.577805
2.1334705,2.5378323
2.120409,2.649315
2.1573875,2.5807915
2.196428,2.618046
2.1956375,2.6218145
2.463823,2.509379
2.3259954,2.6932642
2.2914047,2.5761294
2.3049839,2.5993235
2.1283185,2.687207
2.240083,2.5482368
2.2662826,2.6574206
2.3042784,2.572662
2.2177174,2.639782
2.2379718,2.6806533
2.1306505,2.639307
2.2868314,2.541691
2.1969914,2.5132983
2.1884148,2.5614302
2.330479,2.6275942
2.1542473,2.5369058
2.1958754,2.5630546
2.1313667,2.6189034
2.2159836,2.5864394
2.3019977,2.6635673
2.426863,2.6720836
2.2483828,2.5442681
2.2615457,2.5266519
2.20735,2.616727
2.3629155,2.6059818
2.15757,2.654026
2.2760007,2.643101
2.3933036,2.6792872
2.1617768,2.5718758
2.1227808,2.5606015
2.3779218,2.6184435
2.4363625,2.672167
2.2356963,2.5234275
2.3070152,2.5469832
2.1201766,2.622461
2.521944,2.6290092
2.4456859,2.5698285
2.1723304,2.6064138
2.2635965,2.590608
2.1493876,2.623189
2.2326984,2.6613667
2.258067,2.5724123
2.1328526,2.6507301
2.1897736,2.5015938
2.1752646,2.688158
2.1938827,2.5253217
2.1419258,2.6461487
2.1480155,2.5415208
2.1953728,2.5503798
2.2907574,2.6193268
2.1125333,2.596582
2.5000236,2.6311555
2.1293383,2.6325428
2.1327717,2.5702949
2.2909486,2.5873287
2.138245,2.6499813
2.320899,2.5327427
2.1172686,2.6594641
2.4428346,2.673575
2.4236863,2.5260131
2.2974908,2.546008
2.203743,2.5905707
2.1614037,2.6728745
2.1948953,2.6739964
2.260731,2.5740628
2.451136,2.547895
2.1969771,2.6697125
2.3472366,2.5773094
2.23954,2.516651
2.2954838,2.5041103
2.122563,2.570065
2.370292,2.5812178
2.2117338,2.6659873
2.1346626,2.54942
2.134133,2.6385362
2.4705992,2.6157439
2.3451378,2.6188447
2.1416342,2.6722581
2.1011598,2.6036513
2.1526875,2.5817573
2.2774518,2.6818652
2.1795034,2.6137955
2.196357,2.6822639
2.1759472,2.5333345
2.2479599,2.516519
2.1842988,2.6469462
2.2821815,2.598416
2.1676989,2.6152222
2.360229,2.540129
2.1722865,2.699956
2.1812637,2.6489289
2.1442943,2.6176074
2.2697327,2.6088083
2.4887314,2.618312
2.2797651,2.6694424
2.136353,2.5995607
2.20775,2.511446
2.1086226,2.5363646
2.133301,2.6048138
2.1832452,2.6146257
2.4131045,2.623093
2.14237,2.6303477
2.1903348,2.6956673
2.1317322,2.5340204
2.2126584,2.6591647
2.1939514,2.6550105
2.1337202,2.5358427
2.4014664,2.5943964
2.1600208,2.645392
2.2734632,2.5333662
2.282724,2.5960834
2.2336824,2.5905988
2.2798889,2.5336883
2.3411858,2.5440955
2.129713,2.660271
2.1689699,2.6373591
2.1647906,2.5799074
2.154416,2.6548653
2.1355672,2.5256603
2.2855294,2.5205848
2.310374,2.5589921
2.1173952,2.6882703
2.3163264,2.625495
2.3798687,2.558927
2.1314933,2.6940417
2.3554618,2.5938637
2.1276655,2.59219
2.235891,2.623176
2.2766206,2.6463997
2.104138,2.5287614
2.3933783,2.587835
2.3563182,2.5373452
2.101413,2.5968647
2.5137172,2.5287375
2.1203206,2.6457827
2.2637184,2.6770086
2.2157264,2.6021688
2.2382634,2.6771166
2.1859226,2.6718185
2.2003963,2.5656939
2.1178617,2.5705345
2.1383386,2.6641102
2.1878562,2.612432
2.1264853,2.5769358
2.3157632,2.6437652
2.1869764,2.6378825
2.2603824,2.6369855
2.182729,2.5740387
2.153741,2.6102893
2.1212943,2.6273289
2.13924,2.601707
2.196023,2.6130493
2.297418,2.6567976
2.1486795,2.5722427
2.4004338,2.6378415
2.217839,2.5192986
2.2679887,2.6628332
2.1119876,2.6374636
2.311585,2.6790943
2.277975,2.5313823
2.208552,2.6172748
2.122243,2.5499113
2.1357734,2.5786676
2.2600582,2.6458933
2.225587,2.578017
2.1754239,2.5140853
2.1221535,2.6523607
2.1114104,2.5565188
2.4927816,2.573554
2.3342915,2.5756643
2.1267047,2.5342362
2.3862157,2.6019516
2.549344,2.525359
2.1845975,2.6509604
2.1696703,2.5028093
2.4557686,2.6104171
2.1454597,2.5323226
2.416407,2.5612347
2.1099632,2.552942
2.4883616,2.6777506
2.1719162,2.57762
2.1061218,2.599617
2.3243175,2.649089
2.2923772,2.5228267
2.1068103,2.6523614
2.546157,2.572122
2.3941898,2.5163596
2.5113082,2.5153744
2.5077674,2.508405
2.2364576,2.685504
2.282629,2.6034834
2.123411,2.530121
2.264249,2.6967375
2.126673,2.502712
2.365724,2.6400144
2.1524966,2.6889958
2.4047,2.6420257
2.1741614,2.6117997
2.1758952,2.6278038
2.1695778,2.5986617
2.110471,2.6239345
2.1377685,2.6934276
2.185297,2.5187347
2.1449788,2.6976945
2.3487353,2.5697813
2.141066,2.6901095
2.1179154,2.679739
2.3529987,2.5562584
2.4672515,2.5669703
2.306607,2.68403
2.1256566,2.5886874
2.1890042,2.533798
2.3053346,2.6643493
2.1036375,2.5912068
2.4735034,2.5543294
2.120479,2.5450943
2.2191114,2.5067563
2.2164903,2.5518675
2.1873264,2.5001822
2.1856918,2.633038
2.3591058,2.6842215
2.4548242,2.5588408
2.1577208,2.6546519
2.2254257,2.6348858
2.190367,2.5609443
2.1292827,2.58114
2.1315358,2.568271
2.1158109,2.686237
2.2763329,2.6526406
2.2891612,2.6845727
2.2560103,2.598856
2.2192876,2.5271173
2.1587539,2.5409439
2.3834174,2.5399976
2.4073994,2.6808095
2.107144,2.52285
2.2876306,2.54525
2.2335026,2.5775566
2.3288329,2.6685066
2.1153817,2.6373334
2.1919959,2.6554742
2.1364605,2.5788198
2.2967954,2.5174804
2.2659655,2.6821814
2.2071145,2.6201758
2.1643329,2.6029253
2.2080812,2.5380666
2.1633575,2.578832
2.2156339,2.530078
2.1037238,2.5069454
2.1234975,2.6349657
2.3218467,2.6775684
2.1029458,2.676151
2.1452563,2.5260108
2.2361746,2.679318
2.257689,2.5469725
2.1410599,2.5175238
2.1738012,2.5931942
2.2132797,2.535225
2.481745,2.526798
2.1270623,2.6212673
2.179806,2.56652
2.286891,2.6902363
2.4038904,2.6594813
2.2924185,2.6589718
2.1800506,2.596907
2.254615,2.5747204
2.173372,2.5673497
2.4517012,2.5958064
2.189006,2.6086378
2.4298599,2.5604742
2.1201987,2.5035896
2.4018137,2.617239
2.367378,2.6173642
2.320614,2.564289
2.134594,2.6592283
2.1991117,2.5767796
2.1555738,2.604054
2.24649,2.6532612
2.2322857,2.5988162
2.378104,2.5081816
2.1037357,2.6868958
2.5474792,2.579409
2.4207911,2.6543076
2.547255,2.5797138
2.3503947,2.5259073
2.241002,2.5006359
2.1353707,2.5291884
2.11253,2.6124804
2.1387625,2.5190496
2.351881,2.6442044
2.2003407,2.684543
2.1803377,2.500492
2.24933,2.513363
2.1719644,2.6750908
2.4355195,2.6637685
2.1508973,2.5134969
2.1868424,2.6458852
2.4095027,2.5432005
2.3243656,2.6735406
2.2855587,2.5336893
2.1260364,2.5726714
2.2346504,2.532502
2.250987,2.63084
2.1194882,2.627509
2.1888773,2.5896864
2.2691643,2.5678947
2.3267365,2.6023118
2.3088312,2.5949159
2.3252535,2.5054607
2.131383,2.6229815
2.352963,2.6179507
2.1143384,2.698708
2.2630734,2.6083326
2.3054826,2.660869
2.1119354,2.547726
2.1330404,2.5028393
2.15269,2.636816
2.1667054,2.694368
2.3132436,2.5808406
2.4783542,2.642899
2.2063916,2.6126444
2.304081,2.6277184
2.1412115,2.555598
2.1343586,2.5954463
2.2840822,2.6736262
2.2322235,2.5873814
2.2402675,2.5465372
2.3069923,2.5468051
2.1850224,2.633454
2.363919,2.614679
2.1251116,2.6955013
2.1598346,2.5359893
2.1383536,2.6995718
2.4040642,2.5443416
2.1910794,2.6334293
2.1557434,2.5563886
2.100845,2.590945
2.2466857,2.5164788
2.4060674,2.5055737
2.162931,2.5447652
2.5386384,2.6268923
2.1661518,2.5569377
2.1634796,2.6438665
2.1147947,2.6650078
2.2789192,2.5845637
2.5041373,2.6097264
2.4610043,2.673709
2.1818275,2.6326604
2.1087606,2.691036
2.1404216,2.5032911
2.1409595,2.5520332
2.1717012,2.5232677
2.116229,2.6129205
2.2125306,2.5210118
2.26902,2.6599324
2.1218793,2.5331984
2.2374551,2.6467361
2.1406443,2.6678925
2.166503,2.5803478
2.1328058,2.6822097
2.1377954,2.6345353
2.479418,2.5313356
2.4758403,2.6924064
2.191996,2.5238857
2.2317405,2.630009
2.1242082,2.5605886
2.2085116,2.6893601
2.1303122,2.6218734
2.282689,2.5280821
2.1244135,2.6237466
2.4122386,2.538253
2.355662,2.6849527
2.1988096,2.5076776
2.1162891,2.5724118
2.153511,2.5037405
2.34038,2.5830355
2.2006247,2.5338848
2.5368278,2.6724923
2.1907692,2.619142
2.1702068,2.6640196
2.5267456,2.536354
2.2002003,2.5373933
2.5280454,2.588873
2.1228592,2.5512426
2.304318,2.6389809
2.2129653,2.5542297
2.3269265,2.6636648
2.3080428,2.5668857
2.284349,2.5237505
2.2782671,2.6581228
2.4718401,2.5797546
2.1099186,2.6473987
2.2440777,2.6099236
2.1167796,2.613014
2.1579816,2.6699831
2.2892182,2.592204
2.4418726,2.6883507
2.1347632,2.554762
2.2348874,2.6560972
2.1614435,2.535686
2.5376198,2.5113802
2.1267776,2.6946683
2.2438862,2.6982806
2.1721036,2.6623647
2.1573887,2.5021958
2.164718,2.6634395
2.1862626,2.5004206
2.2779317,2.5675464
2.2322724,2.5516443
2.1954455,2.5529013
2.247048,2.6263902
2.3029253,2.668729
2.2392867,2.6916566
2.2272089,2.6785378
2.1785936,2.6895828
2.1944017,2.5882576
2.102903,2.5192463
2.1391616,2.524388
2.1637142,2.5425358
2.185576,2.5954657
2.4901116,2.5542078
2.1032195,2.6987305
2.1088977,2.62145
2.3886955,2.5330255
2.3903055,2.5111933
2.114518,2.586689
2.1454718,2.519366
2.3023918,2.5712192
2.4542248,2.5147672
2.2235603,2.6551237
2.1517496,2.6248379
2.4437392,2.5958095
2.280869,2.6825106
2.1772442,2.694682
2.4955027,2.6062932
2.3188617,2.5472112
2.3301895,2.5153868
2.2037559,2.5481117
2.2952,2.5198169
2.2694097,2.5493352
2.4711418,2.5441203
2.222553,2.5236359
2.455361,2.5006871
2.1762245,2.6596375
2.5332713,2.5532212
2.367829,2.6479626
2.1207893,2.5604534
2.3855093,2.5520022
2.449337,2.5750723
2.1403158,2.6453052
2.3647141,2.5238562
2.2650783,2.5604992
2.328012,2.5616894
2.2283463,2.6041389
2.113549,2.5151994
2.320388,2.5637643
2.3701885,2.6275074
2.509598,2.6633847
2.3539412,2.5875418
2.2778301,2.5115309
2.1035933,2.63855
2.1516356,2.6610348
2.3733041,2.572069
2.257861,2.643153
2.2532527,2.5916924
2.3381174,2.5978458
2.3102205,2.5568967
2.3012545,2.575052
2.4902604,2.6124136
2.1049666,2.6495316
2.1010518,2.682651
2.1609936,2.633542
2.1173494,2.6564155
2.2703502,2.573217
2.1976433,2.6553967
2.3543742,2.55878
2.1625054,2.5324013
2.232405,2.6593504
2.2705078,2.6686528
2.4638388,2.6686184
2.2472908,2.6976495
2.1868365,2.6011574
2.167902,2.5032449
2.196665,2.5900042
2.415815,2.5827003
2.1434095,2.6480587
2.241448,2.6296072
2.3551085,2.5506077
2.3515358,2.5407565
2.2270975,2.6697493
2.1138124,2.6997647
2.236494,2.5776114
2.276657,2.529675
2.1990516,2.5915422
2.103273,2.6412194
2.268996,2.5826492
2.242358,2.500224
2.2037215,2.6192532
2.4205425,2.6918201
2.1479335,2.5383542
2.3099744,2.6898613
2.231743,2.6630883
2.1400332,2.6950004
2.2587464,2.5782728
2.1381307,2.6514182
2.1556842,2.6550498
2.2576425,2.5665798
2.1761067,2.5851552
2.3071067,2.5412636
2.2275348,2.5339122
2.1366754,2.634942
2.338859,2.5744526
2.3197117,2.693418
2.2773838,2.5480356
2.160106,2.6266239
2.49711,2.6872568
2.204764,2.5252154
2.1888938,2.5181901
2.334965,2.6272748
2.3453176,2.6645324
2.1081433,2.605933
2.2083127,2.6345236
2.174001,2.5471325
2.2889667,2.586792
2.2846725,2.675871
2.1327715,2.6977444
2.5138085,2.5630004
2.4542265,2.500533
2.1670437,2.692328
2.2081025,2.6910906
2.111141,2.674714
2.3198693,2.50182
2.2917922,2.6020052
2.2107959,2.6932154
2.4189281,2.6191618
2.232303,2.6360044
2.3733797,2.5015645
2.438575,2.6714706
2.4222267,2.5193334
2.1824841,2.6642742
2.173334,2.664652
2.3091507,2.5291624
2.3732092,2.6249583
2.148122,2.653423
2.144188,2.6247368
2.2029757,2.6543248
2.2256827,2.5100825
2.21802,2.5995166
2.2675843,2.6523907
2.1847525,2.5995092
2.4145348,2.580369
2.1750178,2.5213723
2.2604637,2.5107083
2.2462091,2.6950538
2.1483033,2.6898232
2.232265,2.5386546
2.2137804,2.6352017
2.4370883,2.5875797
2.5136926,2.5614197
2.1550205,2.5699897
2.3439312,2.5140371
2.1399562,2.5285137
2.3818524,2.6654599
2.1501906,2.5065753
2.2187257,2.6312528
2.1119332,2.5353024
2.4226007,2.5286708
2.1213162,2.5457315
2.1609182,2.52869
2.1829033,2.6554239
2.140342,2.6560464
2.2025268,2.5959363
2.1407616,2.5737371
2.1175196,2.5613434
2.104782,2.5100884
2.1244824,2.583481
2.223741,2.5828717
2.1565998,2.620482
2.2806623,2.6536863
2.5136774,2.5040357
2.3461683,2.6286085
2.3168297,2.5378623
2.4038992,2.6275299
2.3175123,2.689682
2.2835593,2.6988034
2.2656603,2.6671073
2.1852994,2.643848
2.1405811,2.5650103
2.3149743,2.6476762
2.1651707,2.6181698
2.3438683,2.690654
2.159563,2.6905887
2.5480459,2.6975012
2.1195734,2.65143
2.350588,2.5787895
2.4370363,2.675302
2.281442,2.5829623
2.1662602,2.6144679
2.2593627,2.5042915
2.530991,2.6593735
2.5308723,2.699381
2.1636405,2.6258762
2.183117,2.6554434
2.1188023,2.5886188
2.4404366,2.665017
2.1496003,2.607052
2.2417915,2.60003
2.197986,2.5130782
2.2648046,2.62405
2.2622592,2.5512674
2.2181807,2.620208
2.541286,2.6010175
2.1443408,2.5983791
2.1531365,2.589761
2.5469658,2.6287975
2.1429744,2.6553652
2.1750073,2.6597822
2.3536553,2.5780373
2.1356363,2.555574
2.3172948,2.6207035
2.2901974,2.5399225
2.2419415,2.6264777
2.4837308,2.573736
2.2690644,2.5477703
2.1978464,2.6996922
2.3694434,2.5584445
2.3108532,2.6626043
2.4318442,2.6428156
2.1381657,2.5967155
2.261783,2.5581584
2.2839806,2.6695185
2.1884694,2.6068974
2.178408,2.659049
2.440986,2.571916
2.4809675,2.628719
2.2756293,2.5356395
2.1585474,2.5590441
2.104402,2.6000483
2.459481,2.6388876
2.4545012,2.6388876
2.3304775,2.6227589
2.2526534,2.5344334
2.1618812,2.6269834
2.200037,2.6735327
2.4933918,2.624721
2.1144094,2.5501335
2.1450725,2.57811
2.1128497,2.649937
2.2986407,2.6749563
2.143389,2.5546145
2.140036,2.6680236
2.1689563,2.6972432
2.1347451,2.577265
2.1042478,2.6489727
2.185532,2.512851
2.5078044,2.524402
2.1695852,2.549148
2.2604852,2.6412046
2.2811801,2.5485585
2.1338751,2.660389
2.5128958,2.6384776
2.3704288,2.690772
2.2585127,2.5085127
2.1815975,2.557879
2.102901,2.5277095
2.1298556,2.642371
2.471191,2.5080519
2.1387937,2.5780613
2.228656,2.548765
2.2423534,2.5377166
2.1292584,2.608111
2.1037679,2.5268693
2.4298346,2.6167417
2.299637,2.667765
2.2667603,2.538243
2.1055794,2.5296998
2.4976602,2.5887065
2.21774,2.6508155
2.1326518,2.634748
2.4828565,2.514685
2.3910573,2.559682
2.3304644,2.661639
2.1483157,2.5684378
2.215912,2.567012
2.1708329,2.6630738
2.1593502,2.5227344
2.4635384,2.618918
2.1291606,2.618335
2.2828062,2.5455444
2.1522276,2.5975578
2.345741,2.6026328
2.1113515,2.5476217
2.2043588,2.6895761
2.2150354,2.6417568
2.1130693,2.5262594
2.2936459,2.5963705
2.1167347,2.5231402
2.1790888,2.6201503
2.297492,2.663411
2.3425531,2.528173
2.1941187,2.6238508
2.169699,2.5398872
2.23293,2.679263
2.367545,2.6946223
2.1498578,2.683387
2.3708456,2.667179
2.1196187,2.576399
2.3172064,2.660448
2.20704,2.6553795
2.2520683,2.627951
2.3378248,2.5900843
2.40456,2.697322
2.3116775,2.6652162
2.3297923,2.516379
2.106771,2.6380203
2.1153529,2.5238647
2.218237,2.517976
2.5149531,2.67874
2.3639853,2.5525134
2.4388409,2.5680096
2.2223232,2.5165775
2.1476538,2.64761
2.2357705,2.523235
2.1023417,2.688053
2.1390252,2.527898
2.2039785,2.6501627
2.3228009,2.5119557
2.2245407,2.6195335
2.2630005,2.5103588
2.497655,2.5428512
2.1431963,2.692012
2.1021466,2.551483
2.3968594,2.5038674
2.1819746,2.5394754
2.1174438,2.559685
2.3738678,2.6120174
2.1541457,2.6595798
2.1951323,2.5619364
2.1142719,2.6571856
2.1141841,2.5926144
2.1911788,2.5658627
2.245788,2.6766305
2.1181736,2.5568802
2.3103378,2.6663964
2.3444984,2.5732923
2.1477237,2.6004684
2.2915714,2.5295982
2.1076577,2.5334852
2.4691763,2.5815775
2.1148899,2.588443
2.3118484,2.5674698
2.2393396,2.6680095
2.1612368,2.5185983
2.2651904,2.628106
2.1673622,2.6344106
2.3466237,2.6641488
2.2090168,2.5576272
2.2077847,2.5287614
2.2082493,2.5250924
2.4110873,2.637845
2.2144413,2.507451
2.107134,2.689053
2.1235738,2.6106117
2.46341,2.6843488
2.118537,2.6037266
2.1393852,2.6841078
2.1167476,2.670761
2.1355128,2.5931027
2.1896515,2.6284816
2.1093593,2.5854113
2.3185925,2.6256185
2.3754494,2.685476
2.1467867,2.6669858
2.132764,2.5340621
2.4442894,2.633487
2.127723,2.5908678
2.1403465,2.5628605
2.2634683,2.6065056
2.1137466,2.6832125
2.1106,2.5641406
2.5199819,2.5172024
2.1803706,2.552341
2.2017684,2.5130594
2.4408925,2.685762
2.1063778,2.6924314
2.2304564,2.629569
2.1715753,2.6470904
2.4177642,2.586993
2.4524894,2.5882585
2.1791008,2.5274282
2.1003847,2.6456277
2.2327542,2.5213203
2.1559687,2.6421218
2.1237657,2.6959062
2.1591535,2.5720263
2.2183053,2.5545745
2.4725554,2.6714222
2.3865273,2.6068013
2.2429445,2.5969572
2.1427763,2.658768
2.1351228,2.5046806
2.3782406,2.5851204
2.1004345,2.6805978
2.281087,2.520808
2.255455,2.5142884
2.4219782,2.6152434
2.1624393,2.5762603
2.2174385,2.6384897
2.299307,2.537505
2.1698933,2.5069668
2.200424,2.6232262
2.2839038,2.543767
2.1256542,2.6147027
2.1794326,2.5627534
2.181187,2.6012468
2.2441444,2.6355627
2.1081905,2.6301618
2.1149979,2.5391784
2.197079,2.5478294
2.305317,2.679527
2.162475,2.6387813
2.17117,2.6880436
2.2191527,2.6693623
2.2245505,2.6970713
2.3296366,2.5575275
2.2061477,2.632072
2.233022,2.5411496
2.4177823,2.670991
2.1163633,2.5558379
2.2620747,2.536543
2.2526248,2.5900652
2.4263332,2.600955
2.293518,2.6125898
2.1414213,2.546372
2.3472774,2.600948
2.3657167,2.6365807
2.1088955,2.5751872
2.1303732,2.602285
2.3756316,2.5411422
2.157241,2.57055
2.481976,2.6663678
2.3610282,2.6623726
2.1483464,2.508263
2.100723,2.6056097
2.1590757,2.6293936
2.2601316,2.5593793
2.3036807,2.5610342
2.235858,2.640134
2.2361493,2.6325073
2.3128548,2.6113641
2.4760485,2.6155987
2.1536765,2.5477374
2.304656,2.691938
2.3415065,2.6958535
2.3779817,2.6167445
2.1598616,2.5551105
2.3338935,2.6575994
2.3190022,2.5387173
2.3805394,2.5530221
2.125762,2.5486662
2.1175807,2.5053697
2.2850685,2.5594258
2.20317,2.5195184
2.2746148,2.570294
2.2409675,2.518337
2.1866562,2.6897392
2.207619,2.542694
2.173483,2.5294507
2.2912989,2.507818
2.2595172,2.665399
2.1033163,2.6125524
2.1010644,2.5556686
2.457518,2.6468594
2.2034836,2.6257272
2.127875,2.6911376
2.22508,2.6052885
2.460586,2.5966172
2.233105,2.683906
2.3523364,2.5995128
2.387363,2.6121647
2.1815546,2.6312268
2.206024,2.6403916
2.2985535,2.5467374
2.2155,2.51209
2.322004,2.6668062
2.4044642,2.6401498
2.502447,2.5161543
2.128619,2.5347252
2.2166455,2.6798973
2.2835221,2.5126605
2.196965,2.655729
2.1513214,2.5938597
2.202569,2.6581082
2.256434,2.5741951
2.1287436,2.5393524
2.364122,2.5338244
2.1750648,2.6320262
2.169829,2.5860224
2.1549168,2.6906784
2.4684966,2.5456433
2.154034,2.5314023
2.3344746,2.5638378
2.3968418,2.551214
2.2068481,2.5164537
2.2518277,2.695743
2.2860959,2.566601
2.3635166,2.6196878
2.3432531,2.6916745
2.3422527,2.5734906
2.2161164,2.5256886
2.192314,2.656702
2.1338744,2.6996279
2.222188,2.5127594
2.2583618,2.56582
2.1704416,2.6101236
2.2088575,2.6676378
2.2781966,2.6973572
2.4291532,2.6192043
2.416832,2.5659564
2.118604,2.608997
2.2428234,2.524808
2.3370466,2.5683837
2.1052842,2.6939921
2.1019566,2.604037
2.319349,2.517744
2.3397038,2.6543982
2.225518,2.6421378
2.1693282,2.5366132
2.2429552,2.615009
2.1362195,2.554552
2.1675055,2.511364
2.1187446,2.541004
2.2176082,2.5128775
2.1060147,2.5614486
2.1004977,2.5227025
2.5303152,2.587153
2.2888362,2.6725354
2.1879265,2.6856134
2.4205136,2.5435262
2.4149895,2.637639
2.1771321,2.6432822
2.5162647,2.611933
2.5488212,2.690082
2.1450436,2.6013625
2.1547592,2.6689043
2.1583126,2.5667784
2.2608807,2.6763353
2.5121298,2.6148314
2.1225834,2.6665297
2.1721215,2.6197486
2.1272635,2.5537126
2.287271,2.635336
2.213915,2.5645993
2.1686156,2.557799
2.3792284,2.5294857
2.2384515,2.603224
2.1112263,2.6691313
2.4794924,2.6633346
2.1414504,2.6920009
2.2786908,2.6130824
2.2237458,2.5165882
2.3329659,2.5456293
2.1027365,2.547559
2.4070687,2.5526826
2.4546475,2.661817
2.1982148,2.5358152
2.2714567,2.5460339
2.1017823,2.6810465
2.453502,2.5527
2.168011,2.5838864
2.2190666,2.5406892
2.547587,2.6089988
2.1459286,2.5808105
2.3378623,2.5419064
2.1393547,2.589083
2.3466392,2.6407313
2.142388,2.527203
2.4887435,2.6750388
2.1668205,2.5515404
2.2372162,2.6182146
2.1076977,2.5777583
2.25253,2.5708208
2.1128316,2.5930128
2.52425,2.6694822
2.4043193,2.6240394
2.4510784,2.6139205
2.5444841,2.515953
2.2204187,2.5365672
2.168921,2.5005438
2.1954672,2.5493586
2.270707,2.5304992
2.2092817,2.524327
2.1319482,2.6800969
2.1856658,2.6346
2.159219,2.6696055
2.220108,2.6866117
2.1152663,2.599818
2.288494,2.5307856
2.3133414,2.5910301
2.2415977,2.6442518
2.2010608,2.5992782
2.170285,2.6134052
2.117425,2.6108282
2.1650646,2.51279
2.1141691,2.6732132
2.4194596,2.6890025
2.5348785,2.643377
2.251609,2.6666381
2.4306767,2.5057147
2.3948846,2.5683668
2.1820796,2.564757
2.37778,2.5910997
2.1679904,2.5784461
2.2057803,2.6279955
2.2404654,2.6124022
2.1920013,2.593739
2.1666622,2.5809767
2.3302577,2.5781188
2.14438,2.6687186
2.130443,2.6085958
2.2086747,2.646203
2.1117187,2.5294743
2.1496902,2.645787
2.1457841,2.5250297
2.2641313,2.671896
2.1544745,2.5145657
2.2920284,2.6406999
2.131506,2.6758788
2.3094764,2.5484571
2.3048902,2.6333325
2.1711535,2.6697206
2.396694,2.6523898
2.3886135,2.5178657
2.1216834,2.5003703
2.3066828,2.5473034
2.1098893,2.679414
2.228483,2.6146123
2.1702416,2.5698397
2.251633,2.6885278
2.3167555,2.5838945
2.264103,2.5081773
2.35514,2.5717676
2.2152498,2.6547368
2.1164336,2.679345
2.180683,2.6818159
2.1342685,2.5251186
2.3637748,2.6376657
2.2882729,2.577496
2.1122992,2.584157
2.2746806,2.6360493
2.1796207,2.6372616
2.1260726,2.6613696
2.1161993,2.5739431
2.1930127,2.5683646
2.2972693,2.5024796
2.2878952,2.6384652
2.1385002,2.6686664
2.1792533,2.5400798
2.4234912,2.556399
2.148367,2.6297748
2.1686466,2.678648
2.1677337,2.6549652
2.1881735,2.6259248
2.1420035,2.554854
2.1662104,2.596227
2.3886883,2.6402853
2.1552699,2.6529546
2.3233194,2.519326
2.3252552,2.5824485
2.1451404,2.5710359
2.3862967,2.5587513
2.1846905,2.6375608
2.1388216,2.651021
2.3971949,2.5982814
2.2316153,2.651037
2.3402581,2.6225743
2.2699447,2.5082626
2.1205504,2.5230393
2.1690533,2.587922
2.1620755,2.66941
2.2849045,2.596091
2.4928355,2.65143
2.1565108,2.5945385
2.141686,2.5796776
2.2911654,2.6244488
2.5363493,2.6215186
2.1322951,2.5894308
2.101898,2.6746461
2.1065037,2.5980227
2.2120192,2.5542066
2.2330186,2.5021408
2.2983234,2.690201
2.2409902,2.6205025
2.2120075,2.68401
2.1587024,2.6523256
2.1837332,2.5649097
2.2176633,2.5586064
2.1124263,2.6529105
2.3042817,2.6530712
2.3850117,2.5884726
2.5324242,2.5994236
2.134368,2.575387
2.3136482,2.5119805
2.110794,2.5132442
2.185047,2.5340486
2.1768007,2.5763814
2.2262263,2.54793
2.2737014,2.5511115
2.380545,2.6001635
2.161065,2.5162227
2.2850113,2.5382302
2.1516793,2.5066032
2.1231053,2.6004512
2.2205117,2.5297577
2.535099,2.6435218
2.1771271,2.5858977
2.122092,2.5363762
2.3919153,2.5354621
2.1614726,2.6823447
2.1146908,2.6531029
2.16802,2.535564
2.2788625,2.5754504
2.2132347,2.579229
2.1404936,2.594523
2.484831,2.6480842
2.227408,2.5260432
2.356271,2.6365428
2.184771,2.5178816
2.1010108,2.6051333
2.1349037,2.5149565
2.11756,2.6010897
2.1119041,2.6297834
2.2318664,2.6343849
2.1011038,2.5083659
2.1648629,2.599577
2.37504,2.5269887
2.295186,2.5717335
2.3256536,2.5892196
2.103136,2.5493147
2.5426967,2.5762048
2.1890936,2.6384995
2.3005226,2.6493812
2.3836868,2.6691325
2.1733954,2.672041
2.2359896,2.5054595
2.4499984,2.516838
2.3657598,2.6244724
2.2449,2.6946292
2.2302656,2.6627805
2.3079662,2.6225643
2.2030885,2.5555582
2.3410676,2.5934854
2.1313295,2.56138
2.2467117,2.580324
2.3265157,2.6835527
2.2539246,2.5986793
2.1694613,2.5197067
2.100991,2.5432184
2.1027758,2.611411
2.1097646,2.5692747
2.3774643,2.591827
2.1538315,2.6253736
2.1375692,2.5389967
2.4095063,2.645539
2.104274,2.5280936
2.1751192,2.6098351
2.3490138,2.5257998
2.2870245,2.5253975
2.2651782,2.631099
2.1272638,2.5049143
2.2415562,2.5456223
2.1023636,2.6843455
2.1733308,2.629346
2.2156084,2.531633
2.4149194,2.5539043
2.416046,2.6317697
2.5228565,2.5966048
2.3051279,2.5136847
2.1492684,2.6287384
2.2302082,2.627809
2.1425464,2.5090604
2.2087388,2.6168811
2.1979904,2.5406656
2.3396919,2.5998566
2.4975555,2.6492605
2.117756,2.6074142
2.138534,2.6642208
2.182806,2.6739106
2.178415,2.5367415
2.155871,2.5758312
2.1218305,2.5304515
2.1542265,2.5685968
2.259066,2.5167854
2.1668487,2.5808496
2.33198,2.6402164
2.2594707,2.646047
2.1884453,2.6175346
2.299019,2.602736
2.3608723,2.6839495
2.2204375,2.5338943
2.471258,2.5422316
2.1872027,2.6810555
2.4206054,2.5567203
2.2476256,2.6756418
2.3138843,2.6304564
2.3022757,2.6131241
2.2565432,2.6434124
2.1658716,2.6856673
2.4168396,2.515823
2.1235032,2.5133877
2.5395858,2.56202
2.2102134,2.645285
2.1360686,2.6185832
2.119275,2.5240476
2.1513753,2.633008
2.1062715,2.581816
2.287719,2.643105
2.2587924,2.6197343
2.243846,2.6546614
2.2571146,2.581764
2.153073,2.5590627
2.5244553,2.6841578
2.122453,2.6770403
2.1152513,2.5571873
2.2671237,2.6431751
2.2172434,2.6761718
2.1515846,2.5688093
2.4353564,2.5601583
2.512942,2.6597033
2.152943,2.619527
2.4378238,2.530622
2.2286952,2.524447
2.2706168,2.6435254
2.3359475,2.6414719
2.3853154,2.5566902
2.190457,2.6033776
2.1815054,2.5626564
2.2745464,2.6039865
2.1456194,2.5438612
2.1944065,2.678225
2.1913512,2.5094604
2.3122985,2.6445184
2.1622005,2.6375165
2.3515155,2.6143525
2.1126292,2.5732691
2.1129618,2.6121082
2.1427538,2.6855307
2.3378987,2.6491835
2.345952,2.590794
2.3123853,2.5741048
2.3909402,2.5683544
2.3614938,2.6677427
2.1230118,2.532246
2.407767,2.665287
2.3929956,2.6971982
2.116161,2.611023
2.1895325,2.6191006
2.4229512,2.6017382
2.1401527,2.6480145
2.153931,2.6480145
2.1256294,2.5688858
2.3759367,2.5283306
2.119595,2.6959631
2.1651735,2.602877
2.1998203,2.5703993
2.2682323,2.5455222
2.1579182,2.6946032
2.2498038,2.5444078
2.2647545,2.5462387
2.3463912,2.5325525
2.1399717,2.5212655
2.194841,2.6655695
2.1451504,2.6578116
2.3717022,2.5612085
2.1513853,2.6114674
2.1429844,2.5013564
2.2803867,2.660079
2.1710138,2.5043564
2.375056,2.5156305
2.1973128,2.5233734
2.1879964,2.5236952
2.3574004,2.5629854
2.229817,2.6743019
2.162115,2.6104333
2.2976432,2.5686839
2.1721447,2.6261437
2.1720037,2.523206
2.5385072,2.6528
2.276856,2.5059686
2.119624,2.5448596
2.322968,2.6059718
2.2727938,2.6348221
2.1572778,2.6427126
2.138016,2.5572813
2.3000345,2.6759138
2.338186,2.697628
2.1313834,2.5366127
2.3081357,2.6872656
2.2236986,2.697751
2.3623316,2.554051
2.4657478,2.517766
2.2203004,2.6780665
2.1742134,2.6793032
2.166451,2.5243723
2.1282551,2.5079846
2.1278675,2.6736414
2.2460828,2.662818
2.1240704,2.5257707
2.2321327,2.6546688
2.1145766,2.5449185
2.3892283,2.5239577
2.1730735,2.577866
2.1118743,2.51011
2.177831,2.632113
2.4225507,2.6002948
2.4100833,2.5157957
2.130533,2.5860083
2.1650298,2.5136144
2.2171576,2.655892
2.490452,2.5929914
2.2871754,2.6628058
2.1798859,2.64976
2.3266726,2.572853
2.3872335,2.5162938
2.1719928,2.6095986
2.2727337,2.5492883
2.1433835,2.6660147
2.504564,2.6097612
2.4025383,2.5149684
2.2107172,2.6763535
2.424939,2.5722728
2.2533455,2.5890899
2.291586,2.5965788
2.1691222,2.5073488
2.2117062,2.6351562
2.210884,2.500701
2.1348546,2.6798494
2.528864,2.6201336
2.3339343,2.5718153
2.4060526,2.643176
2.1988015,2.6225643
2.3597732,2.5035493
2.1676648,2.6008086
2.1883683,2.561923
2.4989316,2.5141053
2.147815,2.6104188
2.2655978,2.6377287
2.2366068,2.6450803
2.2358966,2.6487072
2.2380958,2.5719864
2.2412639,2.6467695
2.1923876,2.5868194
2.4383552,2.6101034
2.109782,2.559389
2.3548617,2.6633697
2.2722147,2.5776901
2.3143456,2.5510335
2.2271223,2.5073173
2.173197,2.5540216
2.1927035,2.6720955
2.1081858,2.6704857
2.3574111,2.6338375
2.3797061,2.5523784
2.181871,2.555423
2.2442555,2.6764648
2.2002718,2.557395
2.1039367,2.627141
2.3602262,2.6714823
2.104842,2.5758653
2.1283686,2.598878
2.1864083,2.6313891
2.1534076,2.6085727
2.123881,2.558459
2.1612399,2.6376595
2.1061683,2.5611224
2.3658977,2.6218777
2.1141224,2.6383073
2.4446554,2.5532212
2.5094802,2.603807
2.4942439,2.6558962
2.2146118,2.5627706
2.4000561,2.5120497
2.5192807,2.5720096
2.236773,2.6627095
2.124543,2.6207588
2.2190456,2.6322596
2.1674347,2.6110246
2.4807184,2.6027496
2.2903094,2.5668879
2.2455988,2.6682336
2.5347717,2.673673
2.2765946,2.5169768
2.1182253,2.5985384
2.4092462,2.696244
2.160575,2.5280156
2.2023027,2.5338783
2.1461546,2.6828375
2.3731732,2.6907642
2.2487562,2.6557662
2.2155118,2.518508
2.194134,2.54107
2.2253132,2.699925
2.1682272,2.643593
2.2158034,2.6570854
2.2831583,2.514547
2.1284401,2.6843643
2.2945497,2.6194854
2.2604098,2.5861526
2.46242,2.6774871
2.3842962,2.6814144
2.2388234,2.5308623
2.12345,2.5593975
2.2603803,2.5326338
2.5261672,2.6046185
2.1523457,2.5033228
2.4041197,2.5213964
2.2239773,2.5467207
2.1228483,2.5004673
2.1403754,2.5469635
2.389187,2.5570467
2.4023173,2.6600668
2.4046118,2.6616871
2.353865,2.6624458
2.297906,2.6859632
2.168277,2.5555792
2.2257924,2.659783
2.3616943,2.520591
2.1732845,2.699341
2.1510189,2.5345354
2.1413994,2.5477846
2.1304514,2.5406296
2.4397774,2.509944
2.2325828,2.587102
2.5122175,2.545884
2.468982,2.6489983
2.4380264,2.5201411
2.3623843,2.6778035
2.3887177,2.6779673
2.1400175,2.5966766
2.1779363,2.5989087
2.2279444,2.505407
2.152454,2.5567222
2.2987194,2.6788285
2.2530239,2.6224818
2.1133418,2.501432
2.13912,2.6401017
2.4099474,2.5840833
2.1684182,2.5251877
2.281837,2.5360887
2.3296013,2.69745
2.148469,2.6520052
2.3595598,2.58353
2.1714203,2.5220296
2.11593,2.5719702
2.2461886,2.5320778
2.102019,2.688746
2.152683,2.6579106
2.1863112,2.5498247
2.4770322,2.513563
2.1698418,2.5490246
2.40837,2.553387
2.1184344,2.5013993
2.1368573,2.614301
2.170144,2.5434952
2.2328255,2.691678
2.4115188,2.5999045
2.1967514,2.6837225
2.1916292,2.5039086
2.1548738,2.5913854
2.3519242,2.6046371
2.5002968,2.5464911
2.2346656,2.6735804
2.2398987,2.6834373
2.1600642,2.6941316
2.197762,2.6557465
2.3037899,2.5828843
2.1678188,2.517869
2.4619725,2.628772
2.398816,2.6811552
2.2389188,2.507388
2.3323247,2.5876067
2.3193567,2.5148525
2.2300196,2.52257
2.1274624,2.6780734
2.178776,2.526723
2.243314,2.6641972
2.1819637,2.5537713
2.1937654,2.6377347
2.335826,2.5891635
2.2791119,2.6036072
2.111852,2.5831583
2.34628,2.5989158
2.4627357,2.639179
2.197003,2.5426893
2.4925935,2.5871933
2.1529238,2.5935175
2.271822,2.5209866
2.3552969,2.5636547
2.2915554,2.6803122
2.3180797,2.5969586
2.1087134,2.6146963
2.2359302,2.5573504
2.2387192,2.5315475
2.3792295,2.5084677
2.203118,2.5557086
2.5049164,2.5644784
2.186501,2.627375
2.2192175,2.6848874
2.3616922,2.597547
2.2316163,2.5113084
2.2301645,2.6282628
2.1597664,2.567835
2.1093647,2.6906345
2.1382217,2.5309894
2.3101804,2.625193
2.3580537,2.5703216
2.1542606,2.5218062
2.136833,2.5427098
2.3242044,2.5195131
2.2067358,2.6083155
2.3122046,2.6355822
2.3342726,2.6015337
2.3266711,2.6553006
2.1972144,2.5847933
2.1684246,2.515376
2.5315104,2.6211395
2.2917802,2.5586624
2.3031936,2.505263
2.2167475,2.6407878
2.1157236,2.5447185
2.1728148,2.5017657
2.143986,2.5587075
2.4309266,2.5394416
2.479246,2.6358206
2.1072454,2.6802852
2.149926,2.6425347
2.3816144,2.5218387
2.310237,2.643152
2.3656213,2.529212
2.198022,2.6514106
2.3168738,2.6511989
2.2570682,2.595747
2.1943965,2.5364792
2.5032268,2.5626602
2.2710526,2.6003563
2.3085058,2.674528
2.1178968,2.6329048
2.4469378,2.6053603
2.2874055,2.6006439
2.3771286,2.6669667
2.1122541,2.5539253
2.341588,2.6637273
2.4300172,2.679601
2.1290262,2.5559185
2.5362425,2.5891483
2.3072002,2.671127
2.1696,2.6803794
2.3939738,2.5044594
2.1859384,2.6693473
2.2494345,2.5850158
2.3734152,2.6181672
2.3987925,2.6602535
2.1669145,2.5157983
2.2063253,2.5729296
2.2337978,2.619428
2.1411645,2.678819
2.1813838,2.6235309
2.1303859,2.6507766
2.353241,2.5187545
2.1502755,2.5021162
2.3759286,2.6704543
2.249786,2.6168315
2.3351176,2.501328
2.208993,2.5887752
2.2546318,2.5007071
2.4681704,2.5548844
2.1699376,2.6184933
2.2111204,2.6147127
2.1913276,2.5755374
2.1435304,2.6295362
2.143333,2.521845
2.251142,2.5372417
2.1079614,2.593341
2.2046607,2.6711588
2.1343935,2.5449638
2.2838383,2.6243958
2.3433409,2.5668638
2.1314878,2.5634139
2.3508823,2.6027536
2.370282,2.5268986
2.1628544,2.5292869
2.2076397,2.5638604
2.10773,2.551588
2.1209092,2.5674872
2.3045914,2.5003214
2.280576,2.6342058
2.3703828,2.6900313
2.1689374,2.5806334
2.134984,2.5800898
2.1883886,2.6712143
2.111442,2.5488417
2.1866262,2.6379092
2.1393676,2.689811
2.194723,2.5244591
2.115686,2.5549278
2.2114534,2.5611618
2.1936586,2.5553746
2.364843,2.6655123
2.5254524,2.6917026
2.516567,2.5460618
2.5109634,2.5973494
2.2512038,2.5593724
2.3610525,2.5541513
2.1560864,2.674801
2.1528893,2.5368495
2.4923546,2.6166415
2.3825152,2.5224733
2.498818,2.5966427
2.5395842,2.619093
2.1393821,2.532912
2.1639268,2.5973876
2.1984985,2.5911546
2.3808937,2.6752253
2.3096092,2.514526
2.1132193,2.6350234
2.1401749,2.5585816
2.4518118,2.699127
2.1975334,2.5644975
2.458376,2.581173
2.2642457,2.551729
2.4269803,2.6984897
2.132944,2.649003
2.1869612,2.600364
2.1115851,2.6086743
2.1860614,2.6647835
2.3392363,2.620174
2.4749808,2.6909943
2.171188,2.6330602
2.2639513,2.6309962
2.247272,2.579352
2.3987947,2.5631511
2.2312758,2.5604732
2.2568445,2.5616658
2.4805098,2.5037649
2.3604333,2.6046455
2.205046,2.5946372
2.2907205,2.6479084
2.2268806,2.5850096
2.23917,2.5655007
2.288629,2.589844
2.1154263,2.6425245
2.4324527,2.6501195
2.1564362,2.6059573
2.5095394,2.5345564
2.2413263,2.6394103
2.2276053,2.693533
2.197045,2.6261847
2.545352,2.6720333
2.2935345,2.5545554
2.1087577,2.525162
2.2527952,2.5441108
2.1257856,2.5207713
2.5312428,2.5313132
2.209295,2.5433555
2.332825,2.5084863
2.2926154,2.5492902
2.1670942,2.602702
2.1689103,2.602702
2.5011673,2.569782
2.2383528,2.5856736
2.1719358,2.5815957
2.1772823,2.5827074
2.1279757,2.6892843
2.123978,2.5280905
2.1918056,2.655376
2.219451,2.5524557
2.1067748,2.5563624
2.1730342,2.5838428
2.3302922,2.609655
2.296085,2.5976815
2.1444242,2.512596
2.2942848,2.5950732
2.1319454,2.5921292
2.199756,2.6674452
2.2515705,2.5540946
2.2343292,2.6365151
2.2802837,2.507492
2.246203,2.5566068
2.1249833,2.6139054
2.1214352,2.500331
2.1389253,2.6481533
2.2809136,2.5083077
2.1003273,2.6418438
2.3093364,2.5076318
2.1418073,2.5157423
2.1951618,2.6944275
2.1817265,2.679909
2.2645762,2.6440706
2.369017,2.6430092
2.4099941,2.6276808
2.1749191,2.5104785
2.1695168,2.647203
2.1628008,2.599339
2.1336439,2.6138237
2.3283558,2.5209677
2.445611,2.5048904
2.207181,2.6789174
2.3041713,2.544717
2.1211252,2.6293077
2.1147475,2.6196713
2.399063,2.5783634
2.25736,2.5573688
2.4982967,2.6910245
2.1139622,2.6438217
2.1585748,2.6959693
2.2872481,2.6298776
2.1221855,2.661221
2.3212664,2.539452
2.2431412,2.6671865
2.429545,2.544354
2.3781946,2.5565617
2.2372901,2.5505157
2.182483,2.5962272
2.3401089,2.5339925
2.2910936,2.5483143
2.1107736,2.675585
2.112492,2.5832534
2.465093,2.6102295
2.231723,2.6872888
2.150668,2.5531929
2.3583088,2.6571732
2.4547184,2.691422
2.1431024,2.5971186
2.4575536,2.506257
2.4361475,2.5886924
2.1306124,2.589639
2.278276,2.5188785
2.5300226,2.6863508
2.1801884,2.6133838
2.1748607,2.6179373
2.2246833,2.5314314
2.214067,2.6691136
2.1574767,2.5739934
2.355119,2.5359044
2.2053277,2.5312731
2.1473489,2.5541577
2.228328,2.6976023
2.275904,2.5772018
2.138306,2.5340636
2.3325417,2.6974654
2.2752688,2.5460749
2.1698406,2.5917563
2.4211357,2.5004663
2.2114642,2.565974
2.1637766,2.5383277
2.111358,2.6472275
2.1873333,2.530628
2.4142177,2.6394758
2.1752691,2.5032215
2.4045818,2.5854697
2.469178,2.5742078
2.5254166,2.5956104
2.398699,2.5858922
2.129302,2.6518178
2.1259556,2.5044484
2.3143344,2.5258744
2.1140242,2.6860166
2.3825138,2.662848
2.2684214,2.5832098
2.3771462,2.5314245
2.2676654,2.6590297
2.23965,2.6745615
2.1870294,2.669249
2.4099953,2.5593176
2.3119392,2.6262264
2.3797007,2.5087261
2.2338476,2.5823789
2.152489,2.575184
2.418183,2.66051
2.2974412,2.623379
2.109423,2.687821
2.2450905,2.5469816
2.189384,2.5489256
2.1547146,2.5760589
2.2478695,2.5906632
2.1602926,2.5331125
2.288289,2.6020205
2.315186,2.6031122
2.5133944,2.589492
2.4234543,2.5029786
2.169512,2.694709
2.2324407,2.5856893
2.5233417,2.622911
2.110912,2.6048474
2.336988,2.6606512
2.373861,2.6629682
2.1031458,2.567985
2.218885,2.621975
2.4787695,2.584729
2.1125705,2.537798
2.2419667,2.6980042
2.4577875,2.5593264
2.127586,2.6667328
2.2112558,2.6209445
2.5180054,2.6967185
2.1224937,2.613832
2.4385152,2.5064485
2.4101996,2.6766326
2.1747026,2.611757
2.1492379,2.602265
2.2415295,2.6582696
2.3164923,2.667636
2.2685268,2.5969703
2.1522183,2.6677048
2.2301311,2.6234796
2.2003002,2.6844034
2.1028464,2.558707
2.1253417,2.6395402
2.1465352,2.6789799
2.1697803,2.5596642
2.1950462,2.6381896
2.1953385,2.5481532
2.2932236,2.6465454
2.3475287,2.5816019
2.1574206,2.6462147
2.3531463,2.5991137
2.1255896,2.6984894
2.234319,2.6109598
2.1190286,2.5162373
2.1368113,2.5346365
2.1441722,2.5120914
2.2726264,2.5954716
2.2307496,2.5940495
2.1805387,2.5489385
2.3099306,2.5499642
2.4749038,2.6784744
2.3808794,2.554918
2.109463,2.627209
2.2133245,2.6145012
2.156334,2.6181982
2.4968274,2.6463647
2.1233134,2.6806989
2.2910688,2.5259674
2.2231596,2.648596
2.3457947,2.5631385
2.1167295,2.6944299
2.1763108,2.5146422
2.2665415,2.6075559
2.4428892,2.648018
2.4701228,2.5354083
2.4323883,2.6833794
2.1308246,2.5726833
2.2485702,2.5742373
2.3676884,2.6766222
2.3060548,2.6741655
2.1460843,2.6392899
2.2375073,2.6062186
2.100057,2.595648
2.2454765,2.508666
2.5427504,2.6537318
2.2839422,2.5647254
2.2188113,2.6701016
2.1616893,2.597103
2.3943458,2.537799
2.1269348,2.6944435
2.3094707,2.6160338
2.1797235,2.5728126
2.299421,2.5784132
2.2509162,2.6229208
2.1024268,2.6375992
2.2509742,2.5255835
2.3239837,2.661574
2.2401326,2.6487758
2.2914486,2.5663767
2.518796,2.6931584
2.3361123,2.6577597
2.1961954,2.6869216
2.1187725,2.5650477
2.3108556,2.6354284
2.1868017,2.5951893
2.254744,2.6337645
2.5117488,2.6510963
2.4706907,2.6242826
2.1720042,2.6035051
2.3155713,2.599001
2.4061255,2.6240158
2.155147,2.5601
2.1079106,2.5321577
2.1418288,2.5124412
2.3794117,2.6859844
2.5196097,2.6386402
2.1221144,2.6504807
2.153365,2.6334493
2.1335251,2.5100517
2.4659452,2.513862
2.2385557,2.6397324
2.1789212,2.6906164
2.1333451,2.6440175
2.1522195,2.5159342
2.510773,2.5599415
2.3574696,2.6488295
2.4064434,2.6836894
2.1112583,2.6690502
2.1502657,2.5358574
2.1521466,2.5192773
2.2085981,2.5615885
2.175444,2.583101
2.1727564,2.667639
2.4820418,2.5324965
2.2090647,2.633928
2.5027556,2.589271
2.4243433,2.647732
2.2247593,2.6662247
2.2365143,2.5617406
2.4869542,2.5248861
2.189442,2.6460671
2.438531,2.697121
2.1006296,2.64844
2.1377716,2.5412443
2.482184,2.6622531
2.3222601,2.5914252
2.1650822,2.591246
2.149302,2.6725655
2.3097563,2.6768196
2.17646,2.6615758
2.1694164,2.6537356
2.282145,2.6112046
2.1732273,2.517922
2.1565475,2.5867925
2.3329918,2.6807656
2.2605748,2.5868037
2.3239627,2.524717
2.111064,2.5034795
2.101754,2.5224435
2.1701412,2.5372202
2.4093664,2.5780058
2.1611886,2.5861542
2.334639,2.5135343
2.1385946,2.5668108
2.110934,2.5161865
2.2737353,2.5220902
2.1522334,2.5935621
2.1670299,2.5845995
2.3973017,2.525851
2.1164086,2.5268846
2.2432437,2.633652
2.151657,2.6452856
2.1807444,2.5053558
2.4271257,2.5774655
2.340701,2.6402943
2.1584215,2.5931652
2.1769729,2.6282742
2.4145157,2.5161219
2.1243675,2.674064
2.3977284,2.603789
2.2892358,2.5443199
2.119007,2.5073798
2.1660926,2.5671875
2.218398,2.597991
2.4645345,2.5284142
2.122059,2.610522
2.236063,2.6445088
2.5256686,2.5012155
2.2121346,2.619149
2.436671,2.5045626
2.4734616,2.6810615
2.328111,2.5033312
2.1332462,2.5213547
2.2834647,2.6562166
2.236499,2.5251763
2.1276827,2.564145
2.2513428,2.6066535
2.2236044,2.579864
2.2314956,2.529821
2.1401398,2.698175
2.2284396,2.5457442
2.318974,2.639869
2.1472654,2.5400438
2.143496,2.5614514
2.2270272,2.5124736
2.125643,2.506971
2.280563,2.5804825
2.4911492,2.6059408
2.2667627,2.614719
2.109552,2.5399094
2.1032748,2.6668255
2.1779833,2.6245835
2.1221142,2.5113935
2.3504117,2.559474
2.2067728,2.5523257
2.504445,2.56562
2.4037895,2.5749557
2.1042619,2.5367491
2.1855183,2.6930883
2.2538013,2.6087341
2.1290863,2.526297
2.19148,2.5117967
2.1688626,2.5219998
2.28759,2.6350126
2.1505504,2.6268673
2.1835918,2.5374448
2.2469447,2.6863427
2.384886,2.6412892
2.1988096,2.6468291
2.2200239,2.5022423
2.222112,2.6534538
2.1187756,2.512985
2.2887068,2.6912205
2.121627,2.583037
2.1483557,2.6273363
2.1619065,2.6884613
2.1548896,2.5704308
2.2979891,2.6975596
2.1601584,2.504847
2.2900531,2.689804
2.4068906,2.5975542
2.4322844,2.5840025
2.1664283,2.5856903
2.2712345,2.5168805
2.1561992,2.5333924
2.1492822,2.5233686
2.3176444,2.5180194
2.3007207,2.6329165
2.327836,2.5112936
2.1114662,2.5351822
2.2590582,2.5962918
2.248484,2.616694
2.5141985,2.6551878
2.1708732,2.6583652
2.201718,2.5277348
2.1454062,2.5116792
2.163841,2.5974267
2.3221056,2.5351794
2.133634,2.6840413
2.1439183,2.6470602
2.174571,2.6334836
2.5295138,2.62624
2.2526793,2.5581534
2.3868222,2.6593738
2.1645002,2.632009
2.1814973,2.6961405
2.4880147,2.5382957
2.1428058,2.6042502
2.159907,2.5474312
2.5096667,2.6366816
2.1722941,2.5572855
2.1373537,2.611473
2.163534,2.5835347
2.1601892,2.5923147
2.1203196,2.6335526
2.2607608,2.598028
2.1526015,2.5926456
2.2221723,2.6637197
2.2453406,2.6661928
2.114165,2.6699722
2.1750388,2.5676277
2.4535427,2.5249488
2.5062115,2.6930156
2.535171,2.6134365
2.4708967,2.672729
2.301157,2.6447117
2.184929,2.5172234
2.2950008,2.5983906
2.106041,2.533138
2.1546123,2.5787692
2.5328357,2.511797
2.1035888,2.5552826
2.155365,2.566329
2.4259982,2.5070488
2.1079302,2.548827
2.4255028,2.6714485
2.1491604,2.5676823
2.3125436,2.573615
2.2217119,2.5819695
2.4460351,2.5015106
2.1338506,2.6377275
2.2840579,2.6617076
2.4043891,2.5191915
2.395415,2.6629353
2.4167082,2.5693662
2.149463,2.5434008
2.1411417,2.601821
2.1774719,2.6946733
2.1902041,2.676835
2.129351,2.5043378
2.5463076,2.678168
2.1063144,2.6037066
2.1551764,2.6498106
2.2101526,2.5243955
2.261386,2.5440297
2.3551228,2.651442
2.335236,2.6163068
2.1228135,2.5178583
2.1000001,2.6598246
2.2336018,2.6737304
2.123229,2.64165
2.2103634,2.6995568
2.1233146,2.5157125
2.126197,2.517423
2.1925247,2.5823004
2.5359044,2.5581853
2.5344665,2.5829468
2.2575479,2.654189
2.1193726,2.5495708
2.4591796,2.5201757
2.2432685,2.5857468
2.1687589,2.5940714
2.1135113,2.5514665
2.196802,2.6235023
2.1754205,2.5268784
2.1750596,2.6529138
2.1334887,2.6932037
2.4147482,2.6209278
2.1000938,2.6706192
2.1656606,2.510937
2.2780528,2.5532188
2.489743,2.548836
2.4687037,2.6005461
2.533559,2.6099162
2.4666817,2.5079832
2.2913053,2.5986748
2.1479592,2.5524838
2.157315,2.5232818
2.1769943,2.5939093
2.3024101,2.583021
2.1291883,2.6757593
2.3738081,2.5923314
2.1247463,2.687706
2.1511002,2.6616964
2.3240843,2.5690963
2.1968994,2.6706061
2.1205497,2.675559
2.4991713,2.5147247
2.274699,2.6197689
2.2788558,2.6606011
2.465383,2.6063473
2.4763367,2.5286775
2.3632996,2.59633
2.1442778,2.6020703
2.2585833,2.539639
2.1517355,2.5925782
2.1592298,2.660795
2.2552907,2.5017643
2.3039975,2.6313972
2.169929,2.5798507
2.1665783,2.5945773
2.1227152,2.6482842
2.223028,2.5552285
2.3070529,2.6566381
2.240681,2.554437
2.27921,2.5453873
2.2357955,2.5682845
2.139681,2.6711698
2.2462547,2.6629918
2.1603649,2.5303311
2.3558848,2.6569471
2.1532838,2.6261075
2.253208,2.699443
2.3045793,2.6948211
2.315169,2.6198938
2.1314352,2.5503318
2.2548869,2.5391862
2.1386116,2.537552
2.2206824,2.6612177
2.2337914,2.5614724
2.1178052,2.5541034
2.1421232,2.6488798
2.213234,2.6781213
2.5357554,2.6992564
2.1732306,2.6558998
2.539705,2.6302385
2.3005319,2.6531131
2.2169623,2.6923788
2.1147058,2.6556365
2.1517587,2.614574
2.2579422,2.5079222
2.1433008,2.5487278
2.1361446,2.6736858
2.3041477,2.5177166
2.38927,2.6540647
2.1564384,2.5372539
2.298618,2.64488
2.3273964,2.52559
2.1078398,2.6231744
2.5038693,2.6032126
2.380217,2.688369
2.142299,2.6340566
2.148774,2.688036
2.180871,2.67816
2.2484336,2.5691128
2.168452,2.5228636
2.253059,2.659108
2.1264284,2.6289763
2.2426682,2.544862
2.2072246,2.5077367
2.1890037,2.6759613
2.1549342,2.6575382
2.2325327,2.5578225
2.2442498,2.5295792
2.190429,2.6484654
2.1747198,2.652852
2.1039848,2.6658282
2.1540089,2.5723693
2.130639,2.6100833
2.1011415,2.6339512
2.3629367,2.5845358
2.1832438,2.5851681
2.3698714,2.640966
2.2098837,2.6060495
2.1073124,2.6500132
2.121352,2.5543392
2.1074884,2.691879
2.2275383,2.654862
2.2982914,2.6741235
2.253646,2.6170204
2.2762644,2.5139854
2.1260753,2.6060157
2.131315,2.5063457
2.1147842,2.5918367
2.2000506,2.5074854
2.1063247,2.553898
2.3065054,2.5058038
2.2777781,2.6963565
2.317479,2.6098895
2.547084,2.5428317
2.1870515,2.5042474
2.3628113,2.629065
2.1286252,2.6765344
2.102648,2.5315294
2.2299893,2.5034907
2.2125216,2.6972013
2.2181034,2.5398345
2.3361382,2.5124633
2.2306817,2.6770859
2.1374161,2.5853133
2.2720113,2.5191994
2.1022098,2.576252
2.221101,2.6872025
2.29404,2.550696
2.1416192,2.6636784
2.1057878,2.5063457
2.4289474,2.609524
2.3145216,2.5795655
2.4928215,2.5000098
2.2692273,2.649608
2.1466982,2.5568035
2.1299152,2.5549407
2.237888,2.6352966
2.1784236,2.5527322
2.1533246,2.6034753
2.5269208,2.5330977
2.300067,2.6585693
2.299043,2.67426
2.1330345,2.6604211
2.198755,2.5961545
2.201512,2.6239495
2.145372,2.6697614
2.453355,2.5222275
2.1963391,2.5111423
2.1917953,2.6457188
2.3943174,2.6850972
2.1518483,2.5547936
2.117855,2.5569212
2.1958318,2.566919
2.3738074,2.693384
2.1238923,2.6040447
2.447449,2.6679614
2.1081786,2.567248
2.1126099,2.6540205
2.2991607,2.6190646
2.163381,2.6213396
2.2648473,2.6054695
2.1129203,2.5917928
2.2617826,2.678372
2.4776115,2.6743684
2.5312555,2.5387347
2.1484227,2.6368713
2.1089482,2.6657891
2.21384,2.5904105
2.102154,2.5219836
2.1084366,2.6040509
2.1659253,2.5322754
2.106643,2.5737388
2.2439961,2.5684924
2.102752,2.5987148
2.3226888,2.615691
2.393739,2.661809
2.3485253,2.660721
2.145487,2.629426
2.1260006,2.532375
2.222382,2.6524663
2.3381152,2.6866715
2.1603496,2.5368187
2.1898942,2.5886989
2.4174867,2.5609293
2.3618011,2.504995
2.4385188,2.526621
2.1858568,2.5862317
2.4631393,2.5662403
2.1001625,2.5126598
2.1908963,2.6054614
2.4365826,2.6561193
2.121437,2.5521405
2.4789007,2.606684
2.186135,2.50164
2.1677592,2.5618234
2.1416128,2.6281211
2.3329053,2.6072867
2.4324071,2.6518288
2.1778233,2.5588684
2.2524037,2.6852746
2.191579,2.6858354
2.3072064,2.5071502
2.2606862,2.6940527
2.2550924,2.671387
2.1127067,2.66577
2.2197423,2.5117793
2.2309608,2.6673932
2.1134295,2.6883042
2.2238164,2.5346549
2.2757206,2.6874845
2.3457115,2.562878
2.2375555,2.5783246
2.4490356,2.691906
2.2456667,2.66323
2.254377,2.5863483
2.1278358,2.647038
2.167534,2.6793725
2.340215,2.5426087
2.2529242,2.5573223
2.1106079,2.647096
2.1260746,2.675737
2.3772087,2.6236806
2.298875,2.6340227
2.104319,2.609013
2.1561325,2.5112922
2.149439,2.656959
2.1765642,2.5453055
2.2760403,2.5573654
2.1318865,2.6831415
2.1046247,2.5153904
2.2949326,2.6154652
2.2097633,2.6060135
2.222545,2.521197
2.325452,2.6179428
2.183978,2.5456228
2.2497978,2.5989704
2.3973596,2.5682166
2.1775165,2.6062396
2.5480816,2.601137
2.1154754,2.5906546
2.164407,2.5531507
2.214275,2.535427
2.2116315,2.6755066
2.1550915,2.5969255
2.1701593,2.5005076
2.1517508,2.6527784
2.3018045,2.6280456
2.3037968,2.6863775
2.164747,2.6976726
2.2072835,2.6062825
2.4354935,2.5060716
2.389738,2.6484294
2.267602,2.5962546
2.2593133,2.6451168
2.228695,2.5001564
2.1265771,2.5203943
2.5116296,2.5977259
2.1295922,2.5612698
2.4178376,2.5447028
2.167176,2.677242
2.1769047,2.6690657
2.1775022,2.6786973
2.384742,2.6711988
2.1310704,2.5778809
2.2887766,2.5736372
2.4620712,2.6137383
2.3050432,2.505069
2.2746837,2.5508087
2.5325184,2.5163138
2.103525,2.547124
2.2407963,2.553381
2.3899522,2.5284073
2.2314055,2.5377
2.170825,2.6569407
2.101653,2.623627
2.470191,2.5678
2.205107,2.5662332
2.1215093,2.6733663
2.446262,2.643244
2.1933079,2.6238787
2.1455686,2.5592813
2.2528105,2.510829
2.389224,2.5819595
2.3009758,2.6306093
2.2617273,2.5245426
2.2503958,2.6561868
2.534945,2.600163
2.2721012,2.6748712
2.297818,2.5607443
2.4359996,2.5000467
2.1389585,2.5587382
2.1061919,2.5737145
2.297755,2.5166
2.5254261,2.6743135
2.1048253,2.6798646
2.2684288,2.6339612
2.2914271,2.5697556
2.1860917,2.5055423
2.1758509,2.5358076
2.2625449,2.515937
2.182624,2.675443
2.2171354,2.5653903
2.162723,2.6482096
2.1299257,2.6910903
2.510508,2.6761603
2.3012695,2.6135237
2.2852635,2.5215163
2.5362494,2.6577575
2.148138,2.684265
2.255295,2.6638296
2.1614656,2.5899336
2.4096782,2.5510042
2.1289587,2.530962
2.189223,2.589751
2.1551478,2.6240299
2.1247783,2.6653962
2.2296832,2.6810226
2.2864738,2.5944197
2.1796978,2.6003337
2.1487849,2.5205367
2.1223338,2.6598341
2.1548064,2.5270069
2.112249,2.5429678
2.1089723,2.534505
2.1495717,2.5274963
2.3593717,2.6981654
2.1982524,2.6731355
2.200085,2.648728
2.1037126,2.686342
2.238465,2.5813103
2.2327676,2.597749
2.2324984,2.5164526
2.2138145,2.5746374
2.250231,2.6480324
2.3506439,2.6306858
2.3593094,2.5131097
2.2162082,2.667571
2.254165,2.5225992
2.2493906,2.6668847
2.501331,2.6481671
2.1294365,2.5091321
2.3763435,2.5267682
2.1845522,2.695348
2.1266844,2.64664
2.361634,2.6731935
2.2736998,2.51373
2.2117882,2.6625829
2.1123986,2.5175393
2.1040192,2.5098472
2.3270671,2.6459863
2.2355509,2.604026
2.1578975,2.517436
2.1447198,2.6137986
2.1928854,2.6900613
2.474254,2.545537
2.1395025,2.64994
2.2672274,2.6339667
2.1418433,2.5165143
2.3418562,2.5090919
2.342718,2.6169243
2.33949,2.5318882
2.3067958,2.6964037
2.114414,2.6270258
2.3227627,2.5550678
2.1691794,2.6299136
2.3917344,2.548955
2.2051027,2.54604
2.4450765,2.518586
2.1364186,2.6760895
2.167487,2.6056201
2.261826,2.5788243
2.3363004,2.6517031
2.1021476,2.6267061
2.2436671,2.6728795
2.1318514,2.5693774
2.269164,2.6614707
2.2302074,2.5252569
2.385292,2.6436212
2.1240635,2.5465233
2.169542,2.6787226
2.103398,2.609725
2.186107,2.5030677
2.3185704,2.5351918
2.1345325,2.6741385
2.2366595,2.530414
2.1915069,2.6362855
2.2202787,2.53026
2.3951564,2.5313232
2.131564,2.574589
2.2309706,2.6101658
2.5336545,2.6807132
2.1245627,2.5549932
2.2562783,2.533117
2.1026676,2.5983984
2.23932,2.6498652
2.188464,2.554238
2.112973,2.5570078
2.1598556,2.66252
2.35827,2.6419652
2.1828163,2.5539486
2.1883292,2.6541522
2.1365702,2.5879593
2.3063042,2.6839457
2.1723342,2.5849748
2.4624598,2.5636108
2.1288795,2.6369908
2.124022,2.5573282
2.4131773,2.6194642
2.1183307,2.6063304
2.238402,2.6573596
2.5257034,2.6355107
2.1162806,2.599404
2.164038,2.600432
2.4798827,2.6673384
2.27427,2.687171
2.111905,2.6574278
2.2346675,2.6586747
2.241686,2.5724764
2.3176692,2.536204
2.1071525,2.655128
2.3256953,2.5986686
2.1343257,2.5758147
2.5233223,2.5055661
2.1479957,2.589634
2.1676476,2.5323756
2.2618015,2.6762671
2.386433,2.6765585
2.412116,2.646565
2.1650352,2.6677
2.421585,2.6220882
2.1693647,2.5297828
2.1057904,2.6806693
2.2002378,2.6993299
2.3738492,2.6291392
2.2295237,2.5690703
2.2948723,2.604154
2.1570778,2.618303
2.105784,2.5885053
2.1122377,2.5769086
2.2247288,2.6920176
2.2963362,2.5975626
2.1588202,2.6833167
2.2611043,2.6657584
2.3465407,2.6864572
2.1674087,2.593448
2.139621,2.6689243
2.411901,2.678003
2.2093523,2.6747336
2.1485565,2.6502266
2.1748579,2.5402832
2.1148047,2.5367754
2.2009478,2.6394248
2.3309135,2.59226
2.187288,2.6713068
2.2324204,2.5758193
2.2315083,2.534469
2.1005669,2.5039945
2.1126947,2.6992526
2.1018777,2.5077994
2.1892037,2.6218836
2.2619612,2.5686884
2.1599994,2.5531135
2.5443697,2.5447972
2.1503406,2.6830888
2.1127467,2.6361742
2.1746027,2.6054962
2.3952081,2.56049
2.4868343,2.6510103
2.1564765,2.5938816
2.3165436,2.6070697
2.1991978,2.503469
2.1762834,2.5364974
2.2259417,2.646032
2.110926,2.5763698
2.2846532,2.5662189
2.2476554,2.5224867
2.162963,2.6843815
2.3446045,2.5174873
2.1067803,2.5898628
2.4655957,2.69243
2.113889,2.595629
2.1126208,2.607279
2.221961,2.503658
2.106299,2.6629343
2.2060213,2.6006327
2.4667985,2.5419035
2.149765,2.5702488
2.1428688,2.566256
2.1290617,2.6517098
2.31003,2.5229743
2.3923998,2.5016549
2.1090133,2.5996242
2.2553728,2.635395
2.229353,2.653527
2.1145284,2.5511606
2.3633077,2.5231256
2.1998158,2.5654645
2.3188682,2.5603776
2.4041896,2.5502205
2.2223206,2.6717815
2.2323582,2.6565964
2.131895,2.6061134
2.4714472,2.5298336
2.1354964,2.5504935
2.1469853,2.6285949
2.2791495,2.61958
2.2488024,2.6834095
2.1975706,2.5687852
2.3570354,2.5202785
2.240083,2.5413043
2.2960336,2.6163404
2.5198948,2.5737526
2.1812341,2.550582
2.2268662,2.5146947
2.3992655,2.615707
2.363923,2.6446586
2.190219,2.5789719
2.2950225,2.693594
2.240082,2.582431
2.2824235,2.5710719
2.3353143,2.5932076
2.1878,2.5724032
2.108009,2.5632634
2.1628656,2.593108
2.1246135,2.6995633
2.3456395,2.6328285
2.1532722,2.6097858
2.1014044,2.6378899
2.1744306,2.5653303
2.1346667,2.568153
2.173904,2.6120858
2.3683627,2.5307112
2.2035372,2.6274457
2.1359477,2.6898189
2.1094036,2.5705872
2.1981835,2.6972091
2.2603192,2.6496835
2.1456914,2.552085
2.192219,2.6345563
2.3463254,2.5831978
2.382892,2.5095484
2.2861018,2.6614103
2.178372,2.5257378
2.218507,2.6014988
2.2762518,2.5656855
2.1583552,2.5731452
2.1949556,2.56425
2.2288892,2.5804589
2.3013434,2.580385
2.2063165,2.5294678
2.309525,2.5131495
2.4462705,2.6172757
2.2134302,2.6114562
2.149729,2.5390544
2.1470695,2.599448
2.3435829,2.5845408
2.1574824,2.5205495
2.1696048,2.5429351
2.2444496,2.6527762
2.1375184,2.5423136
2.2722,2.5998425
2.1147394,2.6293492
2.2160416,2.5669081
2.5033767,2.5474453
2.1055312,2.5700715
2.4701328,2.514735
2.3124218,2.6183634
2.457188,2.559915
2.3183787,2.6856563
2.2472196,2.5921824
2.1503522,2.574564
2.3485353,2.5720088
2.321994,2.6099951
2.2510006,2.5863793
2.2876327,2.674069
2.2106395,2.514276
2.1981585,2.5903583
2.3278158,2.6113722
2.1867087,2.672317
2.1496148,2.543019
2.2951713,2.660105
2.1519272,2.5029325
2.393482,2.5659707
2.2297344,2.6368792
2.154841,2.6719124
2.193884,2.6902163
2.146675,2.5642056
2.4342427,2.549088
2.280276,2.5679135
2.1670077,2.6675787
2.2014475,2.5120857
2.1177986,2.5022848
2.1787188,2.6772156
2.2717063,2.546133
2.1388304,2.5639951
2.3117726,2.5965443
2.1502655,2.518862
2.2296145,2.5068932
2.164202,2.6189654
2.1266954,2.5421834
2.190834,2.6146162
2.2349873,2.5643926
2.1335433,2.6977677
2.4060965,2.5472941
2.1508527,2.5855818
2.3169541,2.5186174
2.1754293,2.5498562
2.132723,2.6012952
2.1036024,2.647651
2.145878,2.558063
2.2108731,2.6435132
2.1994357,2.6094546
2.1728036,2.5243883
2.2095842,2.5522
2.14094,2.57236
2.4892154,2.5626678
2.1367993,2.529408
2.2917912,2.5226855
2.2778566,2.5255456
2.210085,2.506787
2.1023247,2.678528
2.2725391,2.6666136
2.1603777,2.6486824
2.1605527,2.5933664
2.2281234,2.6021075
2.419617,2.512795
2.1374698,2.5083175
2.2924042,2.64636
2.2170544,2.5916038
2.1380336,2.5253367
2.2166924,2.6924386
2.1900132,2.6007326
2.2383895,2.5573914
2.335102,2.6246073
2.2310877,2.6346
2.5357602,2.6867633
2.2448378,2.695232
2.1351428,2.530462
2.102391,2.621422
2.1778052,2.6786447
2.2310069,2.5709426
2.1064746,2.6378865
2.2465093,2.6564698
2.3718216,2.531136
2.4149249,2.622502
2.1911037,2.5027804
2.1120098,2.6069393
2.2575247,2.6057808
2.2123616,2.6110725
2.3261254,2.645101
2.1092837,2.6488292
2.2712655,2.6151745
2.1355958,2.691197
2.1545248,2.6025815
2.2355988,2.5498588
2.307777,2.504996
2.4278615,2.5212772
2.1496322,2.5432277
2.1339345,2.5262403
2.1831543,2.5697503
2.4986827,2.6596093
2.2136357,2.6786585
2.2634513,2.6045055
2.1251857,2.608164
2.240085,2.5718389
2.4348738,2.5306997
2.1461036,2.5897894
2.4040227,2.5530872
2.1199687,2.6438024
2.5294974,2.6520932
2.169144,2.6040168
2.134333,2.6293802
2.3819532,2.5776584
2.2468362,2.5313299
2.4394846,2.698788
2.1179633,2.5183756
2.2285764,2.5415237
2.1463988,2.6293437
2.138595,2.5727618
2.135326,2.5646698
2.3791885,2.6679935
2.3083458,2.5259123
2.2540643,2.5925977
2.1396163,2.623936
2.2776282,2.6164494
2.1648467,2.5213115
2.3013659,2.6278703
2.3127337,2.6905785
2.2201014,2.5609746
2.257228,2.6188064
2.3912735,2.651754
2.398353,2.6093144
2.2655435,2.606637
2.1805642,2.6802483
2.500519,2.5935612
2.4141297,2.5362535
2.1038458,2.5939014
2.5478647,2.6270587
2.4110873,2.682197
2.3315876,2.581418
2.1456199,2.5320296
2.1162162,2.6021245
2.3954825,2.5980854
2.1385887,2.590263
2.1904585,2.542848
2.2686365,2.6360438
2.2550728,2.5103195
2.1003892,2.661112
2.2034416,2.5024078
2.1518884,2.5891862
2.2012928,2.6239555
2.451635,2.6604197
2.1207716,2.5814168
2.169992,2.5574572
2.1155984,2.5388951
2.1211152,2.6642013
2.434546,2.540643
2.259528,2.6723695
2.380771,2.5084612
2.127524,2.6230352
2.4197433,2.6766841
2.2608013,2.6316936
2.227828,2.5451396
2.3220427,2.5097117
2.3604095,2.5500169
2.2246199,2.5332916
2.3235888,2.6597812
2.133763,2.658086
2.2165911,2.5087605
2.2213616,2.5173776
2.1855989,2.674512
2.3359342,2.5379968
2.35153,2.5640063
2.109893,2.577722
2.337551,2.608211
2.3773065,2.6324806
2.4342818,2.6329324
2.1081984,2.5588877
2.2107635,2.5721076
2.2250018,2.6604426
2.1087363,2.543578
2.373677,2.6937432
2.3936927,2.5364099
2.119178,2.6639616
2.19291,2.6209497
2.3312993,2.514199
2.290412,2.5647027
2.1281233,2.638491
2.397405,2.5100036
2.3629622,2.601306
2.5236108,2.557187
2.2376652,2.5350287
2.2856026,2.6891308
2.2662096,2.6870582
2.3094082,2.5108476
2.3146517,2.5038955
2.5197341,2.5991433
2.1391518,2.5923822
2.2645993,2.6430886
2.1938381,2.653013
2.178491,2.5889094
2.1134417,2.6288779
2.275128,2.6488402
2.1381977,2.5056121
2.1975276,2.5784016
2.1258845,2.5770628
2.2620935,2.520119
2.128069,2.5854206
2.1345305,2.5449996
2.11561,2.5376215
2.3554714,2.6569936
2.3793378,2.5917027
2.1612968,2.5048394
2.2493024,2.657107
2.330728,2.657107
2.2845147,2.671356
2.1359525,2.5671113
2.4146435,2.5854902
2.1307733,2.661151
2.3746474,2.5242302
2.2216907,2.5093458
2.4963396,2.6441774
2.1573615,2.6356792
2.4497626,2.543248
2.354432,2.6753588
2.1542926,2.5465333
2.3441212,2.5317044
2.3262856,2.6028583
2.1915126,2.642589
2.174301,2.5361328
2.1605341,2.6775475
2.1109526,2.6077716
2.3842442,2.663139
2.4209387,2.6200504
2.1135063,2.6049204
2.144301,2.6255105
2.149879,2.516479
2.1371348,2.5502908
2.124899,2.6629384
2.1242995,2.6186874
2.2696269,2.5583105
2.1180103,2.697255
2.1025426,2.5165331
2.1634152,2.5380526
2.1702056,2.5852063
2.1970615,2.5201356
2.2509103,2.6376157
2.2241526,2.5367484
2.222125,2.5276723
2.5074983,2.651702
2.1542504,2.6046214
2.2759821,2.609419
2.3242621,2.5223246
2.415136,2.5387187
2.1746309,2.519139
2.3103023,2.5083447
2.1528296,2.5811014
2.171529,2.6126883
2.1159756,2.5066926
2.1242003,2.675099
2.1432648,2.6508386
2.3608487,2.5888796
2.2955527,2.6479888
2.117754,2.541015
2.4588532,2.6810968
2.184276,2.529794
2.1249838,2.5700393
2.2350347,2.6655912
2.1174686,2.5571086
2.236062,2.670437
2.1216564,2.693394
2.3263285,2.6960106
2.1145716,2.5293002
2.1022923,2.6530962
2.129346,2.6466098
2.2425094,2.6620693
2.2146049,2.6137254
2.3192828,2.569964
2.1926687,2.5902169
2.1405778,2.6162698
2.2540245,2.566179
2.2472453,2.6267908
2.111105,2.595595
2.5299861,2.6651957
2.1540482,2.623938
2.1403136,2.6218514
2.157975,2.5104663
2.3095307,2.6324291
2.2358105,2.5776098
2.153697,2.603494
2.1514273,2.6920283
2.3228679,2.6658766
2.3189733,2.5142202
2.272337,2.5098019
2.1108458,2.5867672
2.255104,2.6087053
2.1644804,2.6274858
2.1980922,2.535807
2.1916294,2.6623168
2.1773665,2.6667535
2.330005,2.6407797
2.1527731,2.6785734
2.282941,2.5087512
2.230415,2.580445
2.1842573,2.594444
2.494025,2.5492792
2.4133053,2.64019
2.2677495,2.552039
2.4862216,2.5988555
2.1487536,2.5568516
2.3809185,2.5537112
2.1552787,2.5124702
2.2318401,2.6809347
2.2257607,2.5376952
2.2038414,2.5554092
2.171396,2.6432993
2.146273,2.6669526
2.1694365,2.5405865
2.2737262,2.5828125
2.2539368,2.5973077
2.129884,2.583671
2.1962442,2.6387746
2.162831,2.6082618
2.370891,2.552356
2.519314,2.5523932
2.313226,2.5453472
2.1285336,2.5585866
2.2053661,2.5217588
2.2779288,2.507683
2.2998216,2.6767442
2.2186074,2.638367
2.270865,2.6792905
2.4874227,2.54362
2.1949208,2.6632485
2.1116998,2.554108
2.4613903,2.6144977
2.5484898,2.647683
2.1153462,2.6320853
2.1588104,2.6438692
2.2363846,2.6419878
2.498413,2.6327524
2.2240317,2.537871
2.108293,2.524913
2.2282214,2.6645448
2.1618872,2.5857298
2.1617918,2.6132448
2.116366,2.5939212
2.2260783,2.5122359
2.1995947,2.65534
2.103638,2.5284145
2.2801936,2.5203016
2.1202085,2.53139
2.2486765,2.5149314
2.1199512,2.6904073
2.4089882,2.655666
2.2809265,2.5721595
2.1902573,2.6336873
2.222634,2.5681405
2.183963,2.6407359
2.1252396,2.5793548
2.4059923,2.5328891
2.1776116,2.528627
2.140339,2.5978334
2.4636235,2.619422
2.1177852,2.510476
2.1630464,2.5619118
2.2471204,2.6831348
2.4262598,2.5595708
2.4010081,2.5747764
2.143249,2.6756265
2.273221,2.6783764
2.292455,2.646682
2.129833,2.5525663
2.4358716,2.6896734
2.2791028,2.680369
2.1185641,2.5014818
2.1101382,2.509238
2.1722836,2.622184
2.2313714,2.631747
2.128117,2.6580517
2.2390816,2.601716
2.1967568,2.6808445
2.1536696,2.664809
2.1708212,2.5312443
2.1153731,2.5062587
2.4741814,2.5499513
2.21,2.6344368
2.1155612,2.6529684
2.1360598,2.5028095
2.215116,2.516635
2.123274,2.5991092
2.3096135,2.5312898
2.2186677,2.5174847
2.1671622,2.5801144
2.2313771,2.693245
2.337645,2.656166
2.2137535,2.519415
2.1063905,2.557435
2.230752,2.6386032
2.2180986,2.6326852
2.1447277,2.523419
2.4417036,2.571779
2.160603,2.614478
2.1332815,2.519603
2.5454853,2.593232
2.3299203,2.5875843
2.151659,2.6134286
2.2001255,2.6556442
2.2625384,2.6182325
2.1195486,2.6039083
2.346559,2.6600485
2.2372642,2.5785947
2.1875849,2.679797
2.1467757,2.6036558
2.3113248,2.6059873
2.405003,2.6070147
2.1452394,2.5767176
2.1824265,2.5819998
2.1020303,2.5413277
2.1560986,2.5088284
2.2323456,2.5819807
2.2119832,2.5338128
2.1319366,2.5539887
2.237247,2.608698
2.2730298,2.685986
2.123499,2.6366112
2.2027671,2.5465224
2.191507,2.6295366
2.4580047,2.5030198
2.157152,2.6570845
2.224671,2.6770213
2.1392672,2.5963712
2.156494,2.6126552
2.2777274,2.6244922
2.3861897,2.512683
2.1334956,2.5866783
2.3498867,2.6030712
2.5049431,2.5375016
2.2520056,2.5696373
2.3322551,2.5363805
2.1006255,2.6215484
2.1265273,2.5681808
2.398152,2.601833
2.1720889,2.584698
2.236691,2.692582
2.1386034,2.516365
2.208329,2.5277843
2.4382207,2.6324966
2.348862,2.6147425
2.4292612,2.6762552
2.118186,2.6499128
2.1679175,2.5608063
2.1284916,2.5621986
2.1068106,2.539025
2.2278578,2.6180072
2.1345825,2.653893
2.1281235,2.5188968
2.3619864,2.595795
2.30628,2.5573397
2.1614733,2.6794472
2.1504679,2.605395
2.1226513,2.534921
2.529755,2.6988034
2.2827296,2.6626747
2.2047143,2.6551332
2.3501778,2.53631
2.2229943,2.690375
2.1031544,2.5839913
2.100117,2.687485
2.2699664,2.523055
2.133596,2.6377752
2.107708,2.6749296
2.155381,2.6172903
2.432572,2.5653563
2.3463478,2.5203314
2.2230785,2.663333
2.2674506,2.5000532
2.2539816,2.605524
2.2975974,2.6424782
2.2057161,2.598345
2.3233452,2.6237836
2.1089592,2.6236258
2.147553,2.6419475
2.5296638,2.6606238
2.546995,2.634223
2.1881163,2.549656
2.509983,2.575467
2.1293612,2.5321512
2.172853,2.6610856
2.4398036,2.550757
2.1806905,2.589159
2.104672,2.685627
2.2960534,2.5574763
2.1167688,2.5852733
2.2362072,2.590917
2.3340201,2.5445275
2.137912,2.5891204
2.1438754,2.644533
2.2217016,2.5594344
2.1560905,2.5012674
2.214437,2.644096
2.4020221,2.659761
2.4924471,2.5931373
2.1040583,2.654297
2.1164246,2.6287491
2.3278186,2.5731924
2.2761283,2.5658474
2.1717734,2.6448987
2.303197,2.6031353
2.1155398,2.6104374
2.3421159,2.6101098
2.226455,2.614613
2.2307422,2.6302056
2.1793463,2.6529138
2.1451979,2.546013
2.1661868,2.6924682
2.2233973,2.54536
2.3013806,2.6644309
2.172467,2.553539
2.2623458,2.541713
2.1878185,2.641567
2.154847,2.6552036
2.2587655,2.5677173
2.3103037,2.695018
2.3942208,2.5162966
2.2030733,2.5418928
2.2003314,2.5384464
2.294833,2.6859066
2.2400045,2.6473954
2.5019672,2.6587362
2.1921542,2.6790578
2.100843,2.5294173
2.2793384,2.5104651
2.1723518,2.5625668
2.2957587,2.579056
2.1941864,2.6717849
2.1875772,2.6412928
2.2433174,2.6451056
2.151686,2.6729002
2.113832,2.6888828
2.1784701,2.6577413
2.4388728,2.56226
2.1406426,2.5447297
2.1007524,2.6533961
2.1781363,2.5144658
2.2164211,2.612702
2.1529632,2.6131725
2.3945866,2.5650618
2.2120845,2.5514922
2.225065,2.5397394
2.2093918,2.503034
2.438533,2.6182272
2.1894717,2.5011723
2.2347317,2.5890326
2.2179284,2.6331584
2.129657,2.525623
2.146253,2.5729048
2.2021437,2.5914977
2.175261,2.6359124
2.333166,2.548333
2.3524773,2.5752711
2.1616247,2.6780014
2.3786583,2.5087569
2.2499235,2.6690032
2.1156604,2.6039872
2.3804657,2.6076186
2.4036899,2.6113863
2.1816583,2.5650606
2.1676517,2.5854912
2.2388875,2.5524497
2.2498696,2.695421
2.1912928,2.5414236
2.2976425,2.6547666
2.1829007,2.5176425
2.41462,2.54715
2.1017897,2.6937256
2.1888344,2.6775632
2.2449076,2.5117514
2.3110104,2.5881763
2.1033013,2.6069176
2.276017,2.5030925
2.1510203,2.5653448
2.1753957,2.5485146
2.2345777,2.553372
2.227609,2.5452182
2.2154746,2.5765655
2.1779528,2.6896744
2.228829,2.6880498
2.36712,2.5836327
2.1076114,2.6304505
2.2230341,2.6567736
2.1001737,2.6999476
2.2461178,2.6244268
2.1260445,2.5743945
2.1339674,2.671343
2.4959354,2.5158753
2.4678972,2.6680508
2.1999316,2.5084913
2.280595,2.6883607
2.2801585,2.6805477
2.3194194,2.6506627
2.4799972,2.5587227
2.5479624,2.610223
2.3570058,2.6682804
2.493592,2.5520027
2.4553785,2.5307772
2.1851547,2.6220303
2.129991,2.5749328
2.3540244,2.5272424
2.3485525,2.595086
2.2124016,2.5633647
2.1301148,2.6851678
2.1667674,2.5422943
2.1753771,2.6048262
2.124885,2.5568173
2.3319018,2.5822346
2.2502885,2.633352
2.1053913,2.6415734
2.1156073,2.5500078
2.2371771,2.6287422
2.1042683,2.6034412
2.1598756,2.608759
2.1149998,2.5879278
2.1107707,2.505277
2.2823782,2.5987976
2.178633,2.589324
2.3198614,2.5456862
2.1222637,2.5185454
2.2610893,2.5312037
2.2699027,2.6676505
2.278796,2.509175
2.4503276,2.5485554
2.1819427,2.5568645
2.219498,2.515631
2.5160198,2.6923072
2.1462576,2.5317047
2.3181853,2.6838396
2.1637797,2.6530466
2.5481918,2.577455
2.117164,2.5458472
2.1961608,2.5017362
2.3072503,2.5023148
2.1108735,2.6343877
2.1609385,2.6458733
2.209819,2.5640838
2.2107673,2.5241213
2.1814182,2.5054135
2.153738,2.5346572
2.2076879,2.5883458
2.3158398,2.550625
2.3201559,2.551968
2.1627364,2.6555822
2.3955145,2.66843
2.1916175,2.5884876
2.3975096,2.5498707
2.1981044,2.6517951
2.126756,2.648125
2.1868613,2.6864982
2.15838,2.6081429
2.116432,2.5886583
2.1083274,2.6152253
2.4103558,2.612666
2.1718695,2.665074
2.4574535,2.6995947
2.2971358,2.5093212
2.4606261,2.6673243
2.1875262,2.5259318
2.1231291,2.6564686
2.3046603,2.5012627
2.2123888,2.5457954
2.1376219,2.6644795
2.2273753,2.6365638
2.2114205,2.585908
2.2046616,2.6295292
2.5030732,2.6156545
2.312883,2.5732217
2.1714222,2.5378208
2.3528292,2.5247703
2.357571,2.5856276
2.1613116,2.660334
2.2134469,2.5514224
2.1902015,2.605346
2.1421463,2.557031
2.2820053,2.5131462
2.1825702,2.6571589
2.2012343,2.6278875
2.1239047,2.607663
2.1951187,2.6998365
2.2859743,2.5763786
2.1019285,2.6395056
2.3054793,2.5589514
2.1102655,2.5208611
2.2200007,2.6495907
2.1464746,2.5753763
2.2808797,2.6885653
2.103844,2.5337358
2.225302,2.668012
2.3838358,2.5442324
2.1786785,2.5938978
2.1366367,2.5338593
2.3526428,2.5652432
2.228923,2.5064826
2.1388645,2.5882845
2.1792188,2.5108542
2.177242,2.5758617
2.1128724,2.5209048
2.2314246,2.6016583
2.1507535,2.585154
2.1418405,2.6510177
2.335178,2.5265906
2.4844747,2.6670039
2.2228413,2.5567558
2.5244944,2.5119684
2.2475328,2.675869
2.1853719,2.5637395
2.1578147,2.6863313
2.4523947,2.683604
2.112111,2.550265
2.1413991,2.520877
2.4507866,2.6715765
2.1600149,2.6768804
2.1276212,2.5263078
2.27382,2.6266382
2.2201326,2.6360817
2.3337758,2.6303678
2.1307871,2.5471644
2.215256,2.604443
2.127538,2.666172
2.289289,2.6003492
2.103799,2.649358
2.120254,2.525141
2.3429043,2.6304603
2.124149,2.5056396
2.102267,2.5611043
2.1219242,2.543507
2.294295,2.572263
2.241863,2.5644155
2.188276,2.6478345
2.4822114,2.593791
2.1914537,2.6927905
2.1709526,2.60152
2.1257145,2.5128841
2.2131495,2.6451936
2.1038165,2.6677718
2.1957614,2.585658
2.2230084,2.5225096
2.4294379,2.5753012
2.3065443,2.6393044
2.1390352,2.6722548
2.142254,2.577169
2.3010721,2.6422665
2.4192867,2.5830853
2.1075904,2.6088812
2.2460542,2.6775405
2.3430328,2.6244817
2.436383,2.633752
2.1297867,2.5317018
2.2017813,2.6602826
2.5470357,2.5672588
2.3100173,2.6273715
2.2183645,2.6653368
2.3746457,2.65041
2.4161196,2.6553113
2.352253,2.5851321
2.1708648,2.6126037
2.3534021,2.6299372
2.2175956,2.5643272
2.24339,2.5623815
2.1091843,2.5478418
2.4679217,2.5289938
2.1519122,2.6752386
2.1320307,2.6118906
2.1602867,2.593909
2.2025366,2.667667
2.1696038,2.6411014
2.210452,2.6550086
2.458059,2.5613894
2.2035553,2.562403
2.1943262,2.671927
2.166731,2.5004032
2.1006196,2.5496705
2.5110588,2.6159334
2.107959,2.5670743
2.4247994,2.5977612
2.1357753,2.6548657
2.2384622,2.5598795
2.1944492,2.5925047
2.21615,2.5778916
2.2048514,2.5110164
2.5062652,2.6167953
2.1672919,2.5226138
2.5233138,2.574061
2.1821568,2.60884
2.1271546,2.6448522
2.1119988,2.6521912
2.3531954,2.6134048
2.1100223,2.665788
2.230993,2.5673993
2.3163514,2.5612342
2.1060119,2.5163486
2.1858191,2.6886425
2.3588614,2.5926507
2.221063,2.5539486
2.2735772,2.5191622
2.1407444,2.5787163
2.1253517,2.6804051
2.2599142,2.5475948
2.1080213,2.5709875
2.3248866,2.5358944
2.2321236,2.6324384
2.1890984,2.5529807
2.2900655,2.5823233
2.3999758,2.638659
2.2281163,2.522639
2.1859903,2.6678796
2.141364,2.5863638
2.213529,2.5119731
2.241041,2.6387885
2.1547213,2.5190542
2.4988182,2.5257285
2.3373346,2.5900126
2.1815815,2.5713937
2.2415268,2.6565955
2.1180139,2.5183382
2.3783243,2.6993277
2.2316663,2.6162016
2.543356,2.5043736
2.407475,2.6668367
2.1130974,2.647927
2.1220806,2.6792638
2.1480548,2.5324051
2.2112262,2.6278641
2.1522377,2.5589294
2.1694443,2.6273823
2.110632,2.5784569
2.122692,2.537897
2.3976445,2.5166225
2.1285303,2.5059395
2.4285598,2.53328
2.1914988,2.6476474
2.1041336,2.5167909
2.3641596,2.6389918
2.2379806,2.5005505
2.161282,2.5859742
2.277377,2.5463793
2.3907702,2.6669197
2.1593492,2.6776183
2.3575912,2.62902
2.121252,2.611434
2.133037,2.5239305
2.521264,2.5438268
2.2230296,2.5676816
2.2052324,2.623719
2.1059883,2.6560433
2.2327104,2.6777349
2.150996,2.5456307
2.2290154,2.6221776
2.2680314,2.6431167
2.1734781,2.5027528
2.1487982,2.5388808
2.53551,2.6223547
2.129713,2.6680114
2.3183198,2.5443363
2.148522,2.5766845
2.2372613,2.6912475
2.2919514,2.561361
2.1174557,2.6174364
2.3540523,2.5131207
2.4698691,2.5456448
2.2337925,2.5689814
2.1319034,2.508374
2.2650597,2.5613112
2.1367326,2.6916702
2.1014552,2.542695
2.1822758,2.6542628
2.1465354,2.670776
2.1903133,2.6107187
2.31771,2.5954027
2.1115131,2.570536
2.3792992,2.6154568
2.5422177,2.6224306
2.1997364,2.5450315
2.213685,2.65963
2.181976,2.5583427
2.3150108,2.591028
2.427547,2.5799139
2.4195986,2.557279
2.1723228,2.5894997
2.2042751,2.659409
2.4885378,2.5871694
2.207982,2.669376
2.1622605,2.6379545
2.1495292,2.5988002
2.1399481,2.5818043
2.1447225,2.505496
2.281918,2.5290208
2.139236,2.680914
2.359554,2.6168702
2.1087399,2.6397946
2.319957,2.5608847
2.4224434,2.5865595
2.301008,2.6550457
2.2187338,2.5855892
2.3745437,2.69707
2.307449,2.5412934
2.1529503,2.5656023
2.5235004,2.522412
2.1842847,2.610547
2.248839,2.571771
2.1628277,2.5978472
2.1211672,2.5818696
2.2961733,2.6458976
2.2555945,2.6776278
2.152178,2.5290773
2.5400524,2.656395
2.1558394,2.561031
2.1306617,2.5848856
2.1586802,2.618356
2.3200095,2.5424016
2.1171515,2.5488133
2.1705816,2.6279585
2.209923,2.5566697
2.3107443,2.528511
2.2028933,2.5490806
2.2008746,2.539845
2.1812277,2.655096
2.3206038,2.5171885
2.1795828,2.5569298
2.1165369,2.5331283
2.2178464,2.659639
2.291245,2.5384011
2.3996532,2.6515527
2.184649,2.5288434
2.3499978,2.5990736
2.2395427,2.5965033
2.4605992,2.5679982
2.3567903,2.623719
2.1037219,2.5518472
2.2781756,2.6223671
2.275733,2.5383542
2.2730608,2.5830898
2.1349108,2.6902988
2.2812083,2.5123062
2.1292334,2.527669
2.4222405,2.53148
2.1648798,2.6131816
2.2494817,2.5796313
2.1218565,2.5796313
2.3160172,2.6119254
2.3579302,2.584479
2.381832,2.5712652
2.1198926,2.624708
2.2730193,2.6083474
2.4442372,2.5724182
2.327596,2.6053953
2.3885138,2.675167
2.339867,2.573693
2.2188263,2.6818538
2.4587407,2.617488
2.1295297,2.5979626
2.1084526,2.5906289
2.1616993,2.5420957
2.3431141,2.5542912
2.3324177,2.671759
2.100215,2.5152323
2.2830446,2.5058527
2.14893,2.5928109
2.2752929,2.6232696
2.27869,2.6390045
2.4564571,2.520979
2.3416946,2.5748935
2.1101816,2.6058745
2.1647224,2.6042206
2.112672,2.6360095
2.2829165,2.649122
2.2765455,2.6744561
2.3147297,2.6226888
2.2211778,2.690487
2.1278722,2.587839
2.2094069,2.5723205
2.2972958,2.5609415
2.1466153,2.5524695
2.2932563,2.6525693
2.1790268,2.5491557
2.372764,2.6899755
2.14098,2.5260837
2.5329816,2.6862714
2.1931653,2.512194
2.2519164,2.6185043
2.4661763,2.5655422
2.4483714,2.5186846
2.2583544,2.6117117
2.143644,2.6206129
2.1468,2.567328
2.2406409,2.569021
2.2558017,2.6559231
2.1066859,2.588964
2.2726178,2.582995
2.1237166,2.5596554
2.1379774,2.5869076
2.1815283,2.5682697
2.188958,2.6742272
2.2599986,2.6287816
2.421498,2.6362445
2.2901,2.5154874
2.519349,2.5314984
2.1679516,2.6162095
2.3262599,2.624799
2.1483126,2.5617175
2.225127,2.6424868
2.3304648,2.6397867
2.1868134,2.5450914
2.120827,2.5065572
2.245513,2.5589864
2.206932,2.537965
2.3544543,2.61593
2.1491425,2.6817856
2.1601224,2.6050432
2.136602,2.6356215
2.2497518,2.5148025
2.247974,2.558403
2.5444214,2.5283623
2.1097786,2.5605013
2.3096693,2.661674
2.4232566,2.607521
2.1073856,2.5979838
2.3160973,2.6667325
2.1695578,2.6716657
2.1332326,2.5085442
2.419012,2.648702
2.3955936,2.575476
2.1326232,2.610619
2.2351449,2.6770158
2.227034,2.6508842
2.1972675,2.5505548
2.4227788,2.5503588
2.2403688,2.5695632
2.205904,2.5321732
2.138763,2.525555
2.2849717,2.5124009
2.4294138,2.591892
2.4261177,2.6920063
2.3547654,2.6910002
2.1885915,2.5680118
2.1084142,2.5998228
2.1345932,2.5318038
2.3170986,2.5952177
2.2486162,2.6105256
2.5185533,2.527322
2.3351128,2.504045
2.2714233,2.6495855
2.2096264,2.5364375
2.2878604,2.616063
2.1880522,2.5450425
2.1266065,2.5424767
2.3241403,2.5101466
2.2870061,2.609745
2.261526,2.667248
2.2581322,2.553934
2.3726182,2.5627015
2.1821773,2.6560214
2.288203,2.5662065
2.1223207,2.5992935
2.2889616,2.6121237
2.157558,2.644397
2.2376685,2.6019497
2.176079,2.5057778
2.1462843,2.6749995
2.2816997,2.621993
2.1994946,2.6657796
2.4498153,2.5701861
2.2663972,2.5871165
2.2706447,2.5826497
2.1330924,2.6381352
2.4618626,2.5973144
2.1219509,2.6627307
2.187501,2.5413418
2.1949787,2.5093143
2.4373384,2.5228808
2.1050322,2.607362
2.3364499,2.664496
2.2670536,2.6249528
2.4624913,2.6948018
2.36113,2.5422168
2.1035824,2.6048937
2.2984874,2.6638892
2.2376535,2.6043017
2.1974368,2.6906486
2.1376462,2.6094804
2.294315,2.538479
2.383544,2.5867023
2.1464684,2.5965858
2.1060627,2.6802099
2.343542,2.6788242
2.4990747,2.5045826
2.1787252,2.638829
2.237544,2.670887
2.4567084,2.6577113
2.109324,2.5729792
2.102242,2.6583207
2.1968231,2.5022442
2.119484,2.65594
2.153579,2.5701835
2.2977545,2.6803412
2.1635404,2.518358
2.2970731,2.5985217
2.3612738,2.6856134
2.2213566,2.660408
2.3257174,2.6897461
2.2447062,2.547887
2.3017356,2.5473034
2.1045828,2.6317022
2.1851323,2.6930876
2.1363652,2.5883913
2.1963258,2.694301
2.2828882,2.5774484
2.1488671,2.5530293
2.281683,2.5409937
2.2672665,2.670165
2.2951672,2.527377
2.3002164,2.627124
2.226001,2.6080742
2.1677818,2.646656
2.321957,2.6693819
2.4611416,2.6181402
2.1646974,2.659147
2.2941887,2.558946
2.1107183,2.5895982
2.386412,2.5039546
2.5407083,2.6538725
2.1389785,2.6940384
2.49791,2.5050163
2.2401133,2.5067737
2.546864,2.6837332
2.305632,2.692259
2.1226964,2.6843688
2.5016716,2.567986
2.1574094,2.5529294
2.130558,2.5203075
2.3705554,2.5099497
2.3476937,2.5182264
2.2592,2.5175037
2.3231757,2.6456664
2.263583,2.6080577
2.449426,2.6811519
2.178718,2.5977209
2.1719863,2.6725833
2.266889,2.5929606
2.269056,2.6340322
2.299777,2.5049095
2.2809343,2.6196127
2.1976447,2.5315871
2.109631,2.6588807
2.3982825,2.5170927
2.2710328,2.562046
2.118916,2.6569471
2.319044,2.6821175
2.4272943,2.6441662
2.1276941,2.554921
2.2691476,2.6748428
2.444308,2.536536
2.1007602,2.5961745
2.3652241,2.5784242
2.1073205,2.5155578
2.2101724,2.552602
2.359031,2.5404155
2.118644,2.6932733
2.1319597,2.5058327
2.1390457,2.5106075
2.1542726,2.6383967
2.1632686,2.58437
2.2893348,2.579284
2.153295,2.6505558
2.1425521,2.621822
2.2223103,2.6360714
2.2748818,2.6485727
2.3278837,2.541306
2.1812775,2.676058
2.2542543,2.6653392
2.3018522,2.6799588
2.319949,2.5668094
2.182345,2.5835924
2.408028,2.541324
2.1920702,2.6263561
2.359899,2.5027616
2.1720214,2.5747223
2.1803858,2.6252174
2.3349304,2.5050597
2.2552135,2.5830925
2.123226,2.5881784
2.2849886,2.6275322
2.1058834,2.5769112
2.1710198,2.6710463
2.5003574,2.5410762
2.3322282,2.670196
2.5308356,2.6974092
2.1101573,2.6736073
2.1702087,2.6310189
2.205996,2.6272352
2.2149785,2.6462755
2.217049,2.6046805
2.1352665,2.6662724
2.3940554,2.6893094
2.4714675,2.5540361
2.1795511,2.6259372
2.1438391,2.5105174
2.194353,2.6238122
2.147136,2.515423
2.1588411,2.6903746
2.1578116,2.5766876
2.1991732,2.561256
2.2822022,2.6166992
2.2366385,2.6566534
2.1054146,2.6238265
2.186756,2.645527
2.2626693,2.6259575
2.2769043,2.6119077
2.163803,2.6059048
2.1004913,2.5988808
2.285379,2.512956
2.1894677,2.6096585
2.1183708,2.6044562
2.444515,2.6526294
2.132659,2.6075807
2.1003108,2.6870072
2.1512382,2.5293906
2.3279886,2.5435812
2.5032399,2.5122368
2.2708213,2.5555863
2.1754968,2.6149929
2.270229,2.5753784
2.2504978,2.6692157
2.1203687,2.6458576
2.3487976,2.6340895
2.376308,2.5842032
2.44938,2.5319295
2.199394,2.6600947
2.208404,2.6567972
2.5370934,2.5974503
2.2486322,2.6807718
2.2892408,2.6345546
2.2006366,2.6003933
2.2912498,2.5297472
2.1356602,2.6947224
2.1594636,2.5467753
2.1605866,2.5073988
2.1621354,2.6396487
2.3781147,2.6673207
2.28524,2.6721628
2.3878698,2.5226634
2.1184535,2.6650133
2.2727869,2.5252492
2.3073003,2.6046112
2.199357,2.5153527
2.3102622,2.6367948
2.2433097,2.614259
2.1813438,2.647977
2.3541775,2.5863705
2.3484452,2.508771
2.3166897,2.6796148
2.2811902,2.6934133
2.1838264,2.5117168
2.2688005,2.6381454
2.3325791,2.630989
2.2873306,2.5496764
2.1555676,2.5431428
2.2403963,2.6887038
2.1541636,2.5244384
2.2994778,2.6329844
2.2062187,2.6502666
2.3969972,2.5256402
2.5195606,2.6721196
2.2944145,2.5757122
2.104776,2.5768032
2.408774,2.638642
2.3610845,2.5335746
2.1600788,2.5633047
2.1712887,2.6645305
2.1413572,2.630406
2.4615767,2.6125998
2.1889558,2.5989866
2.1279056,2.5610752
2.3012626,2.667376
2.1273549,2.608959
2.1627905,2.537788
2.4108186,2.636055
2.333188,2.6718202
2.1078148,2.5058372
2.3547468,2.62091
2.1142058,2.508638
2.3015366,2.5437145
2.1426005,2.6840584
2.2016482,2.5567322
2.3843234,2.5338943
2.3306518,2.6528924
2.2156534,2.6966324
2.2076633,2.604888
2.1035595,2.6291091
2.2512372,2.5257723
2.4580393,2.5821116
2.1320446,2.5660908
2.2757263,2.52105
2.2325432,2.605363
2.2656689,2.5546885
2.13239,2.5337193
2.3688183,2.5329268
2.2209105,2.6939056
2.157339,2.5912418
2.2032735,2.6333268
2.104753,2.697574
2.3893816,2.5654378
2.1802516,2.6140013
2.111343,2.5314524
2.1730473,2.6859305
2.2256017,2.5333245
2.536111,2.6034749
2.2371056,2.612483
2.1032193,2.625558
2.449915,2.5134146
2.29037,2.582239
2.351214,2.6065521
2.1568894,2.636559
2.1141205,2.5340502
2.1870973,2.6520457
2.380981,2.6178627
2.1052756,2.577956
2.2632968,2.6073058
2.2688754,2.57854
2.1981633,2.5630834
2.234602,2.585446
2.252425,2.595563
2.5487506,2.5837376
2.2194629,2.5632246
2.4876647,2.529085
2.4813886,2.5914197
2.2887979,2.5196261
2.2215626,2.5919008
2.1117647,2.618512
2.3441439,2.6894062
2.2719572,2.5233514
2.1272662,2.6818495
2.1310222,2.5909483
2.1807334,2.5447822
2.1211896,2.617335
2.285476,2.5105898
2.2787075,2.6135633
2.1332507,2.5339918
2.2237546,2.5230372
2.2741644,2.5098898
2.1918414,2.6582017
2.1276338,2.6120238
2.1434698,2.521439
2.1599555,2.5406833
2.1217175,2.6652105
2.531532,2.6648872
2.3222065,2.5657728
2.3451452,2.5516179
2.1621523,2.584294
2.497981,2.6108546
2.1062737,2.631159
2.2033644,2.6374552
2.2570033,2.5609548
2.1252556,2.6045911
2.347168,2.591672
2.20511,2.53404
2.1387753,2.522987
2.1101975,2.579622
2.2982721,2.5110996
2.1471267,2.6702964
2.2820709,2.5220578
2.5324545,2.6654046
2.1610534,2.687386
2.178792,2.687374
2.2868605,2.6096702
2.4758246,2.5057077
2.540753,2.5057077
2.4686856,2.5946484
2.3214278,2.576612
2.1569345,2.6401098
2.4484608,2.6322575
2.1091962,2.5180225
2.2174125,2.512276
2.271714,2.6502879
2.229556,2.5735846
2.2498472,2.600164
2.3945034,2.6308274
2.1475914,2.5509193
2.3312793,2.627456
2.155712,2.671196
2.1496756,2.5114014
2.3871145,2.5772917
2.4441462,2.6712189
2.113806,2.5833604
2.4122286,2.545338
2.3969476,2.546646
2.1977143,2.5176437
2.1576219,2.5836368
2.1728601,2.5478222
2.1335258,2.684321
2.2852988,2.607098
2.2442598,2.679567
2.281544,2.5413735
2.400182,2.5621514
2.3776655,2.5342095
2.4580777,2.5081046
2.2199476,2.520185
2.3838937,2.505057
2.2596943,2.6004288
2.2284057,2.5077863
2.1182024,2.5539336
2.1448565,2.5706003
2.1110904,2.6424212
2.136252,2.593047
2.2303505,2.6798937
2.5486948,2.6311417
2.1153064,2.662427
2.2012503,2.56507
2.2946057,2.608076
2.197821,2.618044
2.3645067,2.5744684
2.2650115,2.6394026
2.2493556,2.5457993
2.4594283,2.679082
2.508702,2.653196
2.323051,2.5318408
2.5061238,2.570005
2.3223724,2.5873215
2.1546917,2.5389516
2.4840012,2.5935645
2.2706397,2.6298552
2.1562068,2.597469
2.3722675,2.5135057
2.1456199,2.6216176
2.1504161,2.696173
2.2826152,2.6250763
2.4020755,2.6668663
2.4253147,2.6860316
2.414247,2.6567209
2.102124,2.5541072
2.128863,2.6516643
2.1346064,2.6314108
2.427302,2.6729825
2.471243,2.6923504
2.2815533,2.6771872
2.2642927,2.5812829
2.169117,2.676551
2.2595825,2.6241808
2.1070642,2.6545146
2.117883,2.5104437
2.2072456,2.6666193
2.2778676,2.6169496
2.1250818,2.6674993
2.1105795,2.5200553
2.4354227,2.5153801
2.4035053,2.6546175
2.3847687,2.6716747
2.2963245,2.6021304
2.3374946,2.6548314
2.2867808,2.6432006
2.1102746,2.510096
2.2248259,2.5967798
2.1407182,2.6020703
2.5346851,2.6075394
2.2311838,2.5095673
2.149631,2.6289997
2.2988124,2.5366738
2.2163455,2.5472784
2.3958495,2.5306773
2.1756523,2.5415845
2.1324568,2.6535687
2.1607924,2.5835538
2.2429466,2.5773487
2.309369,2.594591
2.1663432,2.644066
2.2333088,2.6949308
2.4697528,2.533654
2.1782339,2.661526
2.1095953,2.5848434
2.1191308,2.5834224
2.5418928,2.6776822
2.3213568,2.6477935
2.1702678,2.645891
2.29915,2.5369704
2.1678052,2.6188362
2.2223415,2.524283
2.1742969,2.58924
2.1528745,2.6762807
2.1927118,2.662387
2.5113873,2.6994529
2.351237,2.5270367
2.1170974,2.6751635
2.1257513,2.5634773
2.5216358,2.6853595
2.2044022,2.5474758
2.2265317,2.597793
2.1272516,2.6983278
2.1975262,2.6192615
2.1425893,2.6336443
2.2713747,2.5753884
2.3394506,2.5968616
2.3562584,2.5098686
2.1079707,2.5999222
2.17246,2.6819983
2.3892262,2.6845026
2.1713536,2.61318
2.2580786,2.6318722
2.2574008,2.500807
2.5130928,2.6792486
2.1485183,2.6728218
2.1573584,2.5533154
2.1347232,2.534452
2.5484438,2.5872371
2.215175,2.5952723
2.3031516,2.525972
2.1154358,2.6953197
2.1755846,2.6427593
2.2496457,2.656039
2.2044346,2.5460474
2.2289884,2.5352468
2.3591657,2.5754848
2.117284,2.574041
2.3714168,2.570307
2.2291324,2.5682008
2.240957,2.5462828
2.5107882,2.5143356
2.2761974,2.5892916
2.2879422,2.66088
2.1714547,2.5367494
2.1586318,2.68979
2.1478515,2.5636854
2.1639047,2.67608
2.175747,2.5552454
2.1742105,2.6292987
2.2546086,2.5824304
2.2721562,2.644038
2.1188185,2.5206757
2.1794739,2.601893
2.2977984,2.5567439
2.1083834,2.6290448
2.5464652,2.5748274
2.2352889,2.5536299
2.3187642,2.6812048
2.5131211,2.6739955
2.179816,2.5149693
2.2169929,2.6705334
2.3384874,2.536691
2.1118567,2.5609183
2.1163998,2.6788738
2.1093419,2.6439085
2.257777,2.5310209
2.2943492,2.6825442
2.139483,2.607182
2.1716828,2.6277173
2.4816337,2.6593142
2.1564744,2.5275748
2.1363938,2.6534567
2.3086436,2.5354571
2.3360531,2.5269063
2.4117644,2.6878345
2.2633395,2.520959
2.330095,2.6061096
2.2831185,2.6398857
2.356305,2.5173228
2.304579,2.5296738
2.1453836,2.6704268
2.2550669,2.6904762
2.1419284,2.5351763
2.3701282,2.5392542
2.1035829,2.5872998
2.1555836,2.6161423
2.1626987,2.6713164
2.3230076,2.6000285
2.4117188,2.6483448
2.1165602,2.6883748
2.3940852,2.5076282
2.4108653,2.6891193
2.2040591,2.5271168
2.150678,2.6248963
2.3957376,2.6736603
2.1295104,2.5860913
2.2621958,2.674668
2.1685855,2.5584068
2.2507792,2.662239
2.5050206,2.685786
2.1837807,2.6999538
2.107285,2.6332176
2.496025,2.5208945
2.1223764,2.50219
2.1371148,2.5026875
2.3436408,2.5603333
2.173456,2.5102606
2.2883654,2.5837111
2.1409187,2.5370975
2.1450696,2.6857116
2.1077783,2.5041955
2.1493082,2.5657623
2.2299004,2.534128
2.1306164,2.502655
2.1611567,2.5295517
2.2186067,2.6355593
2.1311514,2.5895221
2.167214,2.6513586
2.3411555,2.6430264
2.2560673,2.5319605
2.176146,2.5318508
2.1452491,2.5402641
2.1433494,2.643927
2.3052547,2.6315277
2.1411605,2.6566155
2.2235308,2.5687852
2.2012374,2.6290486
2.1962795,2.5375965
2.384672,2.5982625
2.119743,2.5472715
2.1398168,2.6981337
2.1450498,2.589945
2.1693723,2.5324702
2.1873834,2.5787199
2.3482084,2.6064832
2.4584641,2.558982
2.2289844,2.5807538
2.1722496,2.514864
2.1611166,2.6569645
2.186049,2.5698807
2.1123836,2.520387
2.3712628,2.6894262
2.1308098,2.5604289
2.2117772,2.5456967
2.229959,2.6136763
2.1391478,2.5530155
2.461447,2.5888443
2.2886157,2.5643053
2.4616604,2.5711942
2.1026247,2.610298
2.1680207,2.5562181
2.470386,2.5915449
2.4814718,2.5072865
2.2439935,2.5072384
2.1034524,2.5253613
2.1008148,2.5597818
2.313754,2.589974
2.5362358,2.5140655
2.2496607,2.6959403
2.1543522,2.5055099
2.3606803,2.6269987
2.1152122,2.5618825
2.233766,2.5013618
2.1783512,2.6769094
2.198083,2.549943
2.2964144,2.684842
2.1620786,2.672216
2.1851065,2.6494257
2.1401198,2.6248646
2.1848536,2.5820014
2.244064,2.5942779
2.1136956,2.5848737
2.3128366,2.5290158
2.3740096,2.6855605
2.1135201,2.5564754
2.160239,2.6504428
2.505364,2.62417
2.312636,2.5664217
2.1519797,2.6119146
2.1573312,2.6546535
2.2452962,2.6042688
2.2402751,2.6976628
2.1864765,2.6832771
2.340128,2.6969748
2.1164408,2.5818756
2.2842607,2.598161
2.1392612,2.5313127
2.239829,2.6280918
2.2306287,2.555365
2.1523008,2.6461632
2.1697247,2.6590095
2.146116,2.535931
2.3688145,2.6469762
2.1850967,2.5977647
2.1476316,2.5808034
2.3983366,2.6728532
2.1430168,2.560957
2.3080218,2.611382
2.3402975,2.637697
2.2637107,2.5183694
2.1396704,2.6634288
2.19964,2.6367848
2.259152,2.5237331
2.4847872,2.6127772
2.3768208,2.539727
2.1114333,2.6160994
2.1583872,2.5577984
2.1940567,2.570619
2.105641,2.5492713
2.1358418,2.6000385
2.1191354,2.5231304
2.1922154,2.629182
2.3549316,2.6158066
2.3729973,2.5786066
2.497385,2.5811596
2.4203882,2.504171
2.196053,2.600985
2.2785187,2.5551572
2.2879848,2.533848
2.4643888,2.692022
2.2693827,2.5494869
2.165363,2.6030943
2.1041532,2.625609
2.1025896,2.5732424
2.2992177,2.5384376
2.2573726,2.629925
2.4556186,2.546894
2.1691911,2.5766385
2.3454542,2.5328796
2.3032007,2.517242
2.3671482,2.6756368
2.2992542,2.5326471
2.1244824,2.612999
2.2345562,2.5141652
2.2366114,2.5699291
2.524926,2.5030541
2.17101,2.6091967
2.263383,2.6280282
2.2998452,2.6063614
2.176817,2.631828
2.3082354,2.6585083
2.4107745,2.6672275
2.1599176,2.523462
2.1985102,2.6793144
2.1776843,2.504705
2.1408503,2.5645735
2.1634662,2.5602818
2.2264707,2.5912802
2.164455,2.6302004
2.1496565,2.6686552
2.1795018,2.6731217
2.210527,2.5764325
2.2988808,2.62823
2.2144785,2.6937714
2.2184691,2.5454535
2.4997022,2.5626574
2.118169,2.5043223
2.179132,2.5429146
2.4749286,2.6916928
2.183534,2.695572
2.141958,2.5220091
2.1339288,2.5159037
2.1650062,2.539566
2.2396908,2.5223026
2.490684,2.6693935
2.213987,2.5188622
2.1363535,2.611463
2.1065009,2.6642494
2.4673336,2.6786225
2.1613941,2.695666
2.32269,2.596443
2.1043456,2.5912614
2.1699822,2.571957
2.188233,2.533639
2.2421541,2.637122
2.2594721,2.6667361
2.384055,2.608583
2.162111,2.5072742
2.3032436,2.5238092
2.1210759,2.581128
2.245907,2.5747595
2.305059,2.6049879
2.1979423,2.6812732
2.2082388,2.5790915
2.1766477,2.6923919
2.1513999,2.57857
2.3318062,2.5378206
2.1065183,2.5068526
2.1632838,2.6017942
2.176007,2.63233
2.2582238,2.6013813
2.475072,2.5257761
2.122404,2.566163
2.1174123,2.5235128
2.4510999,2.6934226
2.1923847,2.5137508
2.3792322,2.5075164
2.2585163,2.6171832
2.251034,2.680891
2.3815217,2.6327407
2.4107697,2.5994911
2.4698436,2.5540774
2.1177375,2.6075902
2.3691044,2.5863895
2.167926,2.5239773
2.1472554,2.546891
2.1063888,2.5422559
2.11797,2.559771
2.3494396,2.6417208
2.4298651,2.6187162
2.1056519,2.576467
2.1738472,2.6171153
2.2466927,2.5880737
2.4273787,2.6062548
2.3088856,2.5379126
2.2742257,2.5620747
2.1269977,2.6097238
2.3423648,2.5677226
2.1372054,2.6367347
2.128243,2.5854497
2.2170873,2.6602361
2.1916084,2.6090899
2.2203066,2.5751357
2.5062625,2.5234225
2.3620827,2.6182084
2.1411247,2.6580434
2.159375,2.5061853
2.442219,2.6540558
2.2539186,2.5269682
2.197849,2.551604
2.1700199,2.5103538
2.2991807,2.6512694
2.1928875,2.5749357
2.169717,2.630377
2.3314292,2.5285978
2.1288092,2.5626209
2.1456146,2.5308337
2.2000139,2.5419018
2.1559732,2.5985916
2.3040042,2.5201652
2.2195787,2.5476534
2.2285264,2.5369656
2.1563644,2.5933924
2.2525535,2.6838136
2.1584394,2.6657054
2.3376951,2.5866516
2.2234123,2.55949
2.4004488,2.5657794
2.1241348,2.6593785
2.232043,2.6457384
2.173791,2.5738144
2.1312392,2.6624033
2.1720555,2.6228504
2.1252375,2.6292994
2.2566016,2.5077622
2.1039777,2.5702908
2.4771101,2.5635161
2.2304852,2.6691296
2.2078993,2.6419888
2.1583989,2.6253707
2.2385147,2.6047225
2.246683,2.618192
2.119966,2.5780754
2.110943,2.5681036
2.1610253,2.5080721
2.1772194,2.6405761
2.1966584,2.5706806
2.2897847,2.6127546
2.156026,2.589061
2.2493231,2.6856756
2.3366861,2.5967243
2.3090167,2.6335695
2.1134756,2.557631
2.3111634,2.6569753
2.343711,2.5613914
2.2883124,2.6650157
2.2892368,2.6346083
2.3839211,2.6344354
2.3364794,2.5150957
2.1721997,2.697971
2.25045,2.5439095
2.1232347,2.5763369
2.1407864,2.503289
2.2226672,2.6646912
2.3842123,2.6485417
2.2361774,2.5208113
2.1426632,2.640691
2.4115188,2.6737847
2.5016696,2.6674078
2.118419,2.5454562
2.1755,2.6143277
2.130236,2.6414905
2.4017074,2.6493433
2.276199,2.625613
2.1693275,2.531266
2.1133738,2.6837194
2.1476681,2.594147
2.1069226,2.5894985
2.3041258,2.5691667
2.1841722,2.5611658
2.2182245,2.5030267
2.1428661,2.5878541
2.176103,2.6559966
2.3837152,2.5262754
2.4509811,2.5994022
2.1913607,2.5658448
2.4396384,2.5855014
2.3869748,2.6321864
2.129303,2.6307178
2.2914577,2.5238528
2.1016867,2.6931105
2.118066,2.585044
2.1245432,2.6566362
2.4919596,2.6151597
2.3435812,2.5768576
2.1130686,2.5905263
2.111879,2.6269999
2.2905872,2.6800091
2.1609719,2.6842933
2.3286839,2.5567565
2.441708,2.5760806
2.1461818,2.5054893
2.1880083,2.6998615
2.1380024,2.548855
2.103817,2.6310728
2.288239,2.6212406
2.280625,2.6760893
2.3767838,2.6840541
2.2273724,2.626325
2.2245145,2.5032117
2.3620114,2.5849543
2.145505,2.522667
2.4164183,2.6814694
2.1150568,2.5809665
2.4013493,2.6891937
2.1239007,2.6576326
2.2073114,2.6436565
2.1111443,2.56724
2.1530905,2.5024548
2.1229982,2.5091884
2.2436495,2.5420556
2.1706703,2.5269578
2.3091464,2.6391826
2.2511077,2.6337843
2.2109332,2.6303437
2.228552,2.6445906
2.284243,2.6204896
2.1049232,2.5154192
2.4898727,2.5591862
2.1704342,2.6919081
2.4334729,2.6362147
2.2164414,2.5161145
2.3941362,2.597119
2.4460845,2.5545397
2.5435698,2.6670594
2.1061368,2.6000526
2.1023834,2.6419134
2.319209,2.6493433
2.3765078,2.548662
2.510918,2.64165
2.1180773,2.6969535
2.2669835,2.6871712
2.2931519,2.5059094
2.282561,2.630178
2.4356775,2.58213
2.3525238,2.6432748
2.4530203,2.5300722
2.160235,2.5779035
2.262676,2.5175798
2.441917,2.6691155
2.2906559,2.6737723
2.1603377,2.6463559
2.2814398,2.5344067
2.273249,2.6516242
2.110874,2.6823387
2.1407356,2.5921485
2.1322424,2.5089493
2.5424855,2.5848866
2.180162,2.6525073
2.2508237,2.6474593
2.152831,2.6078532
2.2470891,2.5966163
2.3421817,2.538926
2.4210274,2.6655314
2.341235,2.5343938
2.3883617,2.5426328
2.311139,2.542975
2.2814345,2.5457191
2.1627383,2.6790361
2.1215246,2.6862903
2.1677105,2.6334257
2.270736,2.5094092
2.192994,2.641761
2.4987888,2.5890267
2.3334274,2.5267115
2.4709544,2.6720707
2.234487,2.660943
2.1548975,2.505009
2.111376,2.6307049
2.349469,2.6941335
2.2796557,2.5724366
2.3499806,2.5775595
2.2412207,2.6889875
2.239652,2.6000292
2.2466915,2.571649
2.1418793,2.5791917
2.2741897,2.677509
2.1105883,2.584077
2.196852,2.523989
2.204988,2.578258
2.2291613,2.696206
2.130578,2.6167097
2.1535227,2.5106423
2.1542785,2.5317552
2.2012897,2.591991
2.121334,2.5880225
2.1845431,2.5036118
2.5194979,2.5875025
2.3775215,2.6901522
2.146927,2.6245666
2.3969746,2.5489357
2.1207812,2.5190854
2.1022358,2.5202868
2.1668613,2.6149993
2.2879193,2.5050879
2.1259727,2.6230867
2.1023867,2.5254438
2.1418748,2.6275177
2.1738176,2.5423634
2.1521375,2.586312
2.2286265,2.646991
2.326983,2.603594
2.3013613,2.6913075
2.1683817,2.5058036
2.1437693,2.607154
2.2750845,2.515426
2.365644,2.6200037
2.2745724,2.6860335
2.4912984,2.6794536
2.1141753,2.5957193
2.1067147,2.5576322
2.115738,2.5974393
2.1978354,2.572916
2.1355631,2.5226507
2.342556,2.5568185
2.5262053,2.590067
2.1710744,2.5993066
2.3397121,2.5622885
2.328754,2.576028
2.229365,2.6675274
2.1384852,2.658529
2.343061,2.5406728
2.1384041,2.534176
2.121717,2.5582302
2.2405741,2.5968053
2.2038565,2.6747
2.3908043,2.5798047
2.3947885,2.6696575
2.1045065,2.5176647
2.1539743,2.548398
2.325375,2.5136569
2.1336677,2.6655135
2.3466697,2.5130992
2.1884995,2.5677164
2.1282096,2.5878747
2.1849258,2.5795615
2.5326672,2.6145177
2.20963,2.5283499
2.226894,2.623079
2.118094,2.5597303
2.1630902,2.5105295
2.2541573,2.5502455
2.123079,2.5152385
2.1226919,2.6273828
2.2322495,2.646544
2.1979566,2.6195338
2.1143544,2.6808553
2.3306987,2.6902168
2.2665298,2.5652456
2.1268787,2.5170977
2.4070249,2.5592463
2.2676797,2.5342398
2.53777,2.6661034
2.2474608,2.6874151
2.2320557,2.5974045
2.1018798,2.666989
2.178983,2.6744978
2.444064,2.6782446
2.2026737,2.5718453
2.2967687,2.6512723
2.452046,2.6532512
2.5342255,2.6061504
2.3833866,2.5594387
2.1008332,2.6976502
2.3854094,2.5660014
2.3897123,2.615208
2.4879382,2.5012155
2.1134324,2.5552998
2.382055,2.667139
2.1655536,2.6142192
2.1223443,2.5575278
2.1000168,2.6834128
2.240638,2.5907507
2.2249367,2.6117337
2.179858,2.6103551
2.1203578,2.566457
2.1670096,2.5264642
2.334281,2.5025058
2.1857479,2.5072892
2.2900186,2.697688
2.1833382,2.5034034
2.1503747,2.613332
2.1388636,2.650339
2.2020261,2.5470324
2.3016243,2.673122
2.222212,2.683901
2.5280857,2.5066078
2.4352953,2.53523
2.1789513,2.5806665
2.3815248,2.6104658
2.253122,2.625468
2.3120682,2.5083964
2.2059796,2.565575
2.4774978,2.561688
2.1509137,2.6384203
2.106712,2.6125627
2.102001,2.5737462
2.36111,2.5152566
2.1271842,2.6721919
2.4445164,2.6772082
2.3603725,2.5474756
2.2621512,2.5959032
2.3253868,2.6746569
2.3289056,2.5982704
2.116777,2.581562
2.1818354,2.582803
2.4440866,2.5460842
2.1376338,2.5796685
2.176876,2.571829
2.17774,2.5587995
2.297012,2.6364627
2.1038084,2.556162
2.284733,2.5836406
2.537297,2.5073574
2.1446216,2.5885215
2.292705,2.5751653
2.224145,2.5031939
2.1759984,2.5863764
2.1621966,2.557702
2.1422908,2.597194
2.2092621,2.6474533
2.1553442,2.671822
2.3233585,2.5669446
2.1144154,2.5905392
2.3805335,2.5309868
2.2662551,2.60685
2.1677046,2.630216
2.2857606,2.57933
2.2607822,2.6238034
2.1327271,2.5494304
2.110544,2.6942732
2.4292912,2.526988
2.4151392,2.5086644
2.1371043,2.588491
2.171933,2.5831156
2.1945753,2.6071348
2.1957757,2.569018
2.146498,2.6594517
2.1063333,2.5099137
2.5252512,2.6060739
2.1685097,2.6755161
2.2762885,2.5996637
2.1622524,2.6387293
2.2203386,2.6601899
2.2533884,2.5613253
2.2840767,2.6683471
2.28126,2.5959215
2.3756104,2.5465367
2.1440759,2.5981777
2.216112,2.5203433
2.519508,2.6979625
2.1773221,2.6227548
2.2032413,2.5549455
2.498118,2.5777626
2.193064,2.5459585
2.3192966,2.5124755
2.127356,2.568871
2.1233141,2.5830383
2.2054443,2.5527208
2.3075597,2.6134572
2.1590946,2.681652
2.1942542,2.6319542
2.2914617,2.6724555
2.1484075,2.538704
2.3038242,2.5874891
2.5090995,2.663596
2.2126496,2.5699286
2.1089482,2.692952
2.1837502,2.6804674
2.2171454,2.6987207
2.19278,2.5703537
2.1136947,2.6406717
2.1255696,2.68878
2.3952196,2.595473
2.3257437,2.6853495
2.4826674,2.6804945
2.4876235,2.6836715
2.1652,2.5437346
2.5333986,2.6567266
2.2191925,2.5328364
2.171429,2.607213
2.228338,2.6702936
2.2863042,2.5323684
2.292568,2.5219305
2.5271618,2.5880175
2.285196,2.6113594
2.13158,2.6366973
2.2310762,2.535031
2.2010028,2.5660028
2.2778306,2.6155915
2.2340682,2.5884483
2.199015,2.5439522
2.2563133,2.5007997
2.3004205,2.5546396
2.1709116,2.5249598
2.248846,2.5453258
2.2308078,2.5825186
2.2249434,2.6402476
2.1081188,2.5698764
2.1100037,2.6139448
2.2239504,2.5916665
2.144654,2.6216297
2.122489,2.6209903
2.2801218,2.6705432
2.3737476,2.527911
2.1785262,2.6734571
2.2679875,2.6337764
2.4269664,2.6927552
2.3760855,2.6826358
2.2781417,2.5940423
2.190307,2.67362
2.134078,2.6255038
2.3450859,2.544733
2.1406627,2.5506594
2.1385918,2.612605
2.1995544,2.516227
2.1194131,2.5639079
2.4551933,2.56731
2.1429825,2.5861802
2.1324127,2.5139465
2.4011638,2.6144812
2.1494994,2.5040574
2.2342048,2.5209236
2.2449543,2.6771946
2.291893,2.5246742
2.2322993,2.5995026
2.2047284,2.510824
2.2918828,2.6120934
2.150461,2.5085647
2.168565,2.6248538
2.2117038,2.6437128
2.1381388,2.5378137
2.2470427,2.6810849
2.125838,2.5215557
2.3382454,2.6118538
2.3998268,2.5405333
2.3718452,2.6667514
2.1953073,2.570221
2.30063,2.5811737
2.129092,2.6442273
2.1709962,2.559504
2.1250255,2.52808
2.1128213,2.54294
2.3689318,2.529977
2.1462758,2.5236914
2.1849103,2.6410463
2.239874,2.579708
2.2572012,2.5578866
2.2538195,2.5743823
2.3647194,2.5574536
2.3031783,2.5822575
2.1165771,2.5704343
2.268286,2.657447
2.1621382,2.546423
2.219281,2.568526
2.1678195,2.6264374
2.2026772,2.5920498
2.1262393,2.6715028
2.3018134,2.656576
2.4371557,2.5031133
2.1239407,2.6265128
2.3125453,2.5170314
2.1450403,2.5008762
2.1124063,2.539622
2.3932545,2.5480893
2.1604087,2.592832
2.3022003,2.5869992
2.4662693,2.5489452
2.4466994,2.5415063
2.2721295,2.5720272
2.1556027,2.637813
2.2823832,2.5354912
2.3136158,2.6040492
2.1797974,2.664507
2.3189988,2.646611
2.2407696,2.6634269
2.1528633,2.6257803
2.1629581,2.5891416
2.546773,2.6431813
2.4438715,2.5878303
2.2291622,2.673256
2.2998507,2.6795065
2.1641202,2.6128542
2.4937885,2.5338314
2.2007878,2.5252838
2.1714811,2.5919914
2.202078,2.660671
2.3707373,2.589238
2.103813,2.6966858
2.3207312,2.5758765
2.2033477,2.534029
2.113247,2.566788
2.4587135,2.552404
2.1053956,2.6755495
2.2082164,2.556249
2.1737366,2.6152365
2.1414263,2.510378
2.140832,2.542146
2.1057806,2.5027475
2.115604,2.5550172
2.5220568,2.5968316
2.5089417,2.5151095
2.4465559,2.6433146
2.1247945,2.687914
2.178635,2.619679
2.1780584,2.6927679
2.5069919,2.6364522
2.205473,2.655587
2.2757325,2.581066
2.2916226,2.621378
2.2954333,2.5962882
2.1067703,2.6732402
2.5302324,2.6853027
2.2848353,2.5262449
2.201758,2.5372171
2.178204,2.579235
2.2214763,2.5963635
2.126752,2.6483614
2.1448066,2.6029696
2.3360782,2.658224
2.454608,2.6086838
2.185202,2.5993311
2.1349711,2.6467924
2.101779,2.6196318
2.5279086,2.5867817
2.266061,2.652257
2.1210968,2.6447024
2.1306052,2.6109679
2.1243255,2.5616977
2.518967,2.5507722
2.1322112,2.5863955
2.2052212,2.5512197
2.3518574,2.5580597
2.3294735,2.6280131
2.1955056,2.6042614
2.340071,2.5515642
2.1628685,2.6032147
2.4454815,2.5230525
2.3584225,2.6616921
2.1530488,2.5208912
2.532503,2.5715215
2.4363434,2.5038126
2.1167681,2.5279267
2.2508347,2.6797466
2.4925513,2.5256376
2.253134,2.6734135
2.2359314,2.6136196
2.1587775,2.5735958
2.2645402,2.5020192
2.2034037,2.5542397
2.1093414,2.5638402
2.3068192,2.545291
2.2747753,2.6152477
2.2319562,2.5587766
2.1616035,2.6785507
2.424249,2.6243782
2.2567441,2.5917327
2.1687458,2.6539867
2.1973426,2.5106177
2.1543963,2.5352774
2.1487582,2.6191628
2.1157606,2.6973214
2.29203,2.5482016
2.1221828,2.6536164
2.3241205,2.6280572
2.4244714,2.5534937
2.1670642,2.5762353
2.1622367,2.565541
2.24247,2.589687
2.1164796,2.5988698
2.3047543,2.5623357
2.4612586,2.6559954
2.1293595,2.652131
2.3918467,2.5434911
2.3992362,2.6403823
2.1343482,2.5762932
2.1466186,2.6857548
2.2867668,2.6087172
2.2947507,2.5113301
2.1512938,2.561239
2.4946177,2.6315227
2.127831,2.607682
2.2093453,2.5282707
2.108901,2.6784668
2.244804,2.5796874
2.1393363,2.5787096
2.2507055,2.5860152
2.137165,2.6382375
2.1946013,2.687311
2.2645137,2.6802804
2.1712985,2.5756602
2.4476535,2.5023317
2.1383257,2.611026
2.1197894,2.5026693
2.1082664,2.6141984
2.2210274,2.5054388
2.14832,2.6590745
2.3298123,2.5852146
2.2512429,2.6790426
2.5435333,2.5140803
2.2147577,2.5517843
2.3552465,2.5680952
2.3105655,2.697474
2.237937,2.5519989
2.274951,2.654468
2.186935,2.642475
2.2612915,2.583754
2.5307364,2.5660667
2.1236186,2.5350256
2.1976368,2.6248713
2.4369183,2.5686932
2.1488245,2.6365578
2.452006,2.6858928
2.1019187,2.6814198
2.3033013,2.660556
2.2557836,2.6376534
2.1384537,2.6915917
2.2444286,2.5485191
2.1697013,2.6558623
2.307983,2.621192
2.340474,2.5340207
2.1540143,2.5433574
2.274181,2.6644518
2.1559224,2.6475835
2.2246091,2.5176306
2.157962,2.5275893
2.1023679,2.5072796
2.2732103,2.6335886
2.3483405,2.5967433
2.2621107,2.666296
2.1953292,2.5609
2.150503,2.6244655
2.1604235,2.6205285
2.287108,2.5310957
2.3809354,2.5687563
2.1246586,2.6055436
2.320397,2.6604447
2.4610043,2.629987
2.2174432,2.5887167
2.1380239,2.6091452
2.4641647,2.6379955
2.1435874,2.5922897
2.4389408,2.5026107
2.230373,2.579596
2.5102332,2.6625528
2.1710083,2.533517
2.1030476,2.6159418
2.3521996,2.6909797
2.115489,2.5577633
2.1046624,2.6054125
2.4721437,2.649385
2.3860655,2.5744858
2.109513,2.6543849
2.3718872,2.6121247
2.1587617,2.557379
2.1458204,2.6288726
2.182042,2.6047375
2.394226,2.6066687
2.180437,2.5571933
2.2469053,2.642782
2.4869156,2.6960711
2.3674083,2.6696117
2.3001175,2.617594
2.235121,2.6019897
2.4206636,2.5554383
2.148737,2.5161564
2.1527889,2.5811887
2.2251868,2.6421804
2.2666411,2.636552
2.2189345,2.6129954
2.433125,2.578017
2.3315272,2.6768377
2.2402034,2.5919425
2.3007457,2.6987455
2.4875095,2.6572678
2.1296024,2.5649066
2.3709974,2.6057582
2.5261455,2.549356
2.1172643,2.591243
2.1478655,2.6506436
2.1571467,2.6326797
2.1122167,2.6645174
2.4513698,2.64487
2.2747054,2.5039039
2.1301243,2.6857324
2.1341336,2.6622214
2.1613922,2.6787267
2.2444124,2.5276213
2.5296392,2.5926185
2.1107938,2.6141949
2.2183313,2.5579374
2.126158,2.6172774
2.4513047,2.5311
2.1437218,2.578632
2.174129,2.655747
2.3286939,2.5237017
2.18426,2.5665731
2.2548583,2.6049569
2.1100097,2.5718915
2.2872505,2.5235589
2.1323698,2.53427
2.3107152,2.5161917
2.5277548,2.5003283
2.1761122,2.6602395
2.1297457,2.6742141
2.1595142,2.5597105
2.1022954,2.6061232
2.2836702,2.6191607
2.2752786,2.6335769
2.1425674,2.527563
2.1543655,2.5081165
2.2445953,2.5214694
2.2612991,2.57837
2.1455724,2.6603477
2.535702,2.5925677
2.2140892,2.5747378
2.3474462,2.5196078
2.30789,2.5521016
2.2536385,2.6298594
2.1161883,2.500321
2.1793215,2.5431416
2.344587,2.6351857
2.3085537,2.6207821
2.3549588,2.5899413
2.152438,2.6596172
2.288779,2.6601958
2.2592897,2.582221
2.232232,2.5322962
2.1392152,2.5210454
2.283201,2.5540648
2.2502584,2.6664402
2.5299425,2.6136723
2.2854772,2.6626716
2.4768062,2.6214406
2.168487,2.6457338
2.1914456,2.6008556
2.1168528,2.6607037
2.4317327,2.5870636
2.1145177,2.6109052
2.4927344,2.6937106
2.2296252,2.5960255
2.4626272,2.649091
2.1767113,2.6902933
2.379644,2.5622191
2.3785245,2.5111833
2.1702971,2.5037901
2.4826555,2.559037
2.3202615,2.5751266
2.175834,2.6425505
2.1922483,2.5332642
2.3860185,2.5472379
2.1324914,2.6850948
2.1976967,2.522072
2.3234515,2.5527308
2.2511425,2.5345852
2.1913478,2.6288338
2.2271059,2.5943775
2.1627855,2.525191
2.5033066,2.5972602
2.250039,2.510613
2.1532965,2.6127903
2.2750099,2.669144
2.258163,2.6732163
2.1366332,2.545016
2.2558572,2.637542
2.1863918,2.5178964
2.2774775,2.5056615
2.4861398,2.6883357
2.3723378,2.6374123
2.1956327,2.6807408
2.1884377,2.5068874
2.2536929,2.532575
2.151407,2.5893204
2.4812527,2.5824752
2.129448,2.5478501
2.1000593,2.6905293
2.1903527,2.5086162
2.2795274,2.5886478
2.3550704,2.6118941
2.1475337,2.647337
2.2262816,2.5572484
2.1948216,2.6753137
2.1587532,2.6906476
2.1663525,2.5765924
2.319363,2.6029994
2.2928834,2.5949485
2.1934273,2.546601
2.1024773,2.6972654
2.5173547,2.6751742
2.112868,2.5656426
2.5475879,2.566228
2.1756103,2.517757
2.1530762,2.6669967
2.2955692,2.6724427
2.1521814,2.5975544
2.1547225,2.6760273
2.138892,2.5900807
2.139724,2.5498993
2.183471,2.6264358
2.1759977,2.6506338
2.116318,2.551376
2.250931,2.641102
2.1242683,2.5920954
2.1271539,2.6259837
2.3657007,2.5560439
2.1013033,2.5318227
2.2311532,2.6557565
2.1465564,2.5240364
2.2211668,2.6785367
2.3399,2.6161036
2.2078402,2.516414
2.1628458,2.5574322
2.125959,2.6005325
2.2987337,2.6614013
2.1248844,2.5101001
2.2424958,2.6065335
2.4557455,2.519869
2.1088083,2.5777142
2.2940383,2.5648727
2.179283,2.687555
2.2919888,2.5864134
2.1004708,2.5620239
2.2064862,2.514632
2.478826,2.689966
2.196978,2.5191858
2.119312,2.5926063
2.5347419,2.609664
2.4015596,2.5135996
2.1689668,2.6327672
2.1999192,2.530944
2.3790548,2.650937
2.243426,2.559377
2.2733865,2.628115
2.4340007,2.576137
2.133304,2.6641076
2.2687993,2.6096199
2.2420645,2.6865056
2.1350632,2.54284
2.2405097,2.6644325
2.2152128,2.5146613
2.3562336,2.6378288
2.1907856,2.643733
2.131345,2.510298
2.3218098,2.563046
2.2975075,2.699639
2.1723442,2.517093
2.1489608,2.5007772
2.202432,2.591863
2.172242,2.54049
2.4173508,2.6926813
2.3080442,2.6514068
2.319174,2.5856302
2.1779456,2.510927
2.1244497,2.6802192
2.190003,2.553291
2.1264138,2.521512
2.151211,2.5316098
2.2406843,2.533187
2.2616162,2.6201072
2.3597455,2.5087135
2.170918,2.5814626
2.1759903,2.6152153
2.2443256,2.6565242
2.229461,2.517832
2.1709592,2.5006733
2.2445314,2.6072638
2.476531,2.649242
2.3451343,2.5653307
2.2739275,2.552907
2.200117,2.646103
2.1714044,2.6848195
2.1803992,2.6556277
2.1316185,2.6229527
2.416369,2.6720552
2.2295573,2.6241946
2.323107,2.5037804
2.2261548,2.5599988
2.4922361,2.560244
2.1893578,2.6094577
2.2621248,2.561203
2.355023,2.6002638
2.3488495,2.5030677
2.3528845,2.5081887
2.341538,2.533198
2.2331648,2.6388845
2.346973,2.6404598
2.1472983,2.5151532
2.138765,2.6417377
2.265725,2.6550722
2.1866486,2.579399
2.168619,2.579687
2.3969965,2.5401728
2.1597106,2.5719857
2.1860254,2.5693054
2.1244495,2.569999
2.1657887,2.5946586
2.1983013,2.557329
2.2020698,2.5819552
2.1874917,2.5463655
2.5114546,2.571483
2.3379583,2.5158207
2.2709384,2.5173469
2.2567382,2.5201342
2.1410446,2.6349084
2.3967955,2.5825527
2.4695482,2.5556169
2.1349196,2.6367035
2.1051686,2.6077714
2.3615751,2.5152967
2.2512205,2.6308079
2.116824,2.6382089
2.1002014,2.6160817
2.344918,2.6392643
2.1268919,2.5900981
2.2147272,2.6492105
2.3014028,2.6917052
2.301024,2.5312257
2.244974,2.6985319
2.48502,2.5302374
2.2608323,2.6600575
2.1032312,2.6452215
2.1291213,2.5219758
2.3355734,2.6388583
2.1794562,2.6398184
2.3281958,2.6318338
2.1987696,2.6851065
2.2476509,2.570766
2.2409782,2.6802197
2.2942731,2.6406224
2.3247182,2.68183
2.3744783,2.6110847
2.1174839,2.6565592
2.1129963,2.5147862
2.2606688,2.5108435
2.2352393,2.5006976
2.3290815,2.6241229
2.105606,2.534043
2.3249888,2.5151424
2.301924,2.5412006
2.2663147,2.5183818
2.3808832,2.5845115
2.176594,2.5102792
2.1048632,2.6632717
2.1669858,2.5120702
2.292475,2.672507
2.184488,2.552789
2.3541653,2.5038502
2.3304973,2.5488048
2.1442528,2.6221426
2.1459038,2.5539718
2.2006242,2.6656008
2.3198895,2.6125877
2.1584089,2.5086744
2.2920873,2.6686633
2.321994,2.6427858
2.2292979,2.5792868
2.3102524,2.5809162
2.2285604,2.6451826
2.208382,2.5744169
2.1395519,2.566608
2.4780378,2.5912106
2.2051108,2.6245058
2.4388316,2.6882432
2.135366,2.6204708
2.3102522,2.695144
2.2889855,2.5472214
2.3776755,2.5585535
2.1319227,2.633587
2.4451,2.6297114
2.1913037,2.693002
2.3471012,2.6908133
2.3687975,2.577129
2.105093,2.542729
2.3233578,2.6584594
2.3091958,2.694584
2.1256928,2.6191816
2.2784336,2.5025804
2.1734443,2.5638142
2.271228,2.5239787
2.3161497,2.5765073
2.151854,2.5650535
2.1291063,2.5355065
2.3389373,2.6920817
2.167711,2.5970168
2.2781143,2.62425
2.1529427,2.6742558
2.3367753,2.5654936
2.4319055,2.551604
2.189528,2.5522025
2.1416802,2.5636017
2.2803078,2.6009686
2.252858,2.6154518
2.2512608,2.640173
2.2287245,2.5569305
2.3706403,2.6310606
2.3240297,2.6148105
2.2515275,2.5351057
2.3665745,2.5559442
2.1296577,2.6594062
2.2705357,2.688884
2.1695282,2.620794
2.248425,2.5326324
2.3619394,2.5345988
2.2503827,2.635353
2.3241582,2.5540035
2.397362,2.5157251
2.2983487,2.6249385
2.1651309,2.671672
2.1517887,2.5268848
2.189482,2.6977248
2.1099029,2.5794933
2.2036142,2.5752935
2.1713567,2.5336864
2.1793025,2.6889405
2.335995,2.596221
2.2231631,2.5582702
2.5134225,2.5346363
2.2226384,2.5187402
2.1724205,2.6725733
2.2672265,2.6497622
2.142158,2.5690775
2.2173376,2.5029185
2.1212716,2.5543911
2.1194518,2.6622288
2.2451231,2.5908825
2.1255653,2.6674964
2.2565665,2.5094783
2.2917025,2.6153731
2.504547,2.6961837
2.1686633,2.6441746
2.1882553,2.580307
2.1971734,2.6586497
2.4430938,2.6615133
2.2452092,2.6158106
2.4394324,2.6100576
2.1752386,2.6135328
2.29857,2.688487
2.1341517,2.612552
2.1492107,2.6065166
2.2142718,2.5986779
2.186541,2.6357455
2.4764707,2.5241778
2.3239408,2.6955585
2.3318453,2.6031864
2.170477,2.5152729
2.200666,2.581409
2.207666,2.6425862
2.442606,2.5938776
2.1202743,2.5578482
2.1564689,2.5737162
2.2365034,2.5818918
2.1139863,2.6228454
2.2775457,2.5504444
2.1223183,2.6051798
2.2438114,2.54557
2.1013858,2.5639732
2.165187,2.6269705
2.1044087,2.5194898
2.105804,2.6322289
2.149527,2.58377
2.1506178,2.6318858
2.435793,2.6086981
2.2439137,2.5726573
2.3359945,2.579772
2.1893368,2.5445805
2.126554,2.5801966
2.1552243,2.5135624
2.4275136,2.506769
2.2588649,2.5303855
2.179108,2.6914196
2.4326487,2.6070442
2.5097818,2.5114143
2.1362853,2.504971
2.2297077,2.6771152
2.1346912,2.568664
2.1027749,2.5154026
2.3045928,2.6142278
2.2449386,2.6676571
2.2867289,2.5244293
2.1462786,2.5873668
2.2058887,2.644262
2.1862721,2.5379708
2.2248483,2.6598527
2.287328,2.5845332
2.4922888,2.5867548
2.398902,2.6731102
2.134135,2.6288478
2.3948169,2.6070747
2.2060747,2.5819192
2.1525235,2.607616
2.3245146,2.6136987
2.548355,2.522409
2.1378775,2.6797166
2.1665008,2.652867
2.4495447,2.6356478
2.237837,2.5045128
2.100777,2.5960994
2.1209707,2.6544015
2.1225145,2.5401416
2.1003866,2.5049956
2.3721764,2.6613514
2.1072173,2.6710997
2.5307426,2.6682386
2.1162584,2.5846388
2.1019397,2.6827726
2.192211,2.5558007
2.1266606,2.6752658
2.4575148,2.6486459
2.1597643,2.5356197
2.1207535,2.5234122
2.2280726,2.6827178
2.2884526,2.684507
2.104507,2.5478294
2.3212495,2.5154834
2.1754851,2.500643
2.110723,2.5260448
2.1627991,2.6346443
2.1474023,2.5139184
2.115267,2.5459807
2.1607704,2.590975
2.1852615,2.5551238
2.1088712,2.6039057
2.155454,2.6019428
2.1492224,2.5182645
2.1155274,2.669264
2.1168327,2.601378
2.2041492,2.5982664
2.1153438,2.5679853
2.2793071,2.637488
2.384536,2.6578372
2.2678826,2.6348908
2.1523259,2.6362607
2.163217,2.6473422
2.2958102,2.5151534
2.1027176,2.6229684
2.1225138,2.5009544
2.1764119,2.5694704
2.373045,2.6039455
2.2072644,2.6721478
2.24102,2.599356
2.1112003,2.5448005
2.1150901,2.6533432
2.134938,2.6314812
2.1733418,2.590566
2.3409643,2.5454032
2.2258368,2.6524148
2.1950045,2.604999
2.252723,2.5970376
2.1702883,2.6431525
2.424789,2.6374042
2.184968,2.6647434
2.1861036,2.649009
2.2427828,2.6823094
2.1923966,2.5203712
2.161463,2.5517442
2.2027183,2.5841672
2.1188867,2.633395
2.1413324,2.6873307
2.1229873,2.6483757
2.2303371,2.5370507
2.1358302,2.5597925
2.2821753,2.6261413
2.1816266,2.6943135
2.222844,2.5172606
2.1579049,2.67778
2.3989944,2.6297216
2.1209145,2.6152625
2.1016006,2.6515954
2.1487157,2.5075414
2.2184513,2.6222796
2.3082528,2.6351893
2.24081,2.6797416
2.3012571,2.66431
2.1064744,2.56067
2.3089705,2.6652632
2.26745,2.679105
2.3698792,2.5259738
2.2214298,2.5032783
2.1886942,2.6850345
2.1140714,2.5297067
2.2724655,2.6569211
2.1429408,2.6139116
2.3033876,2.5319023
2.2061124,2.6493056
2.1170974,2.6574998
2.1118422,2.5478153
2.1506653,2.6276648
2.3737772,2.6520584
2.2637093,2.5169907
2.3248615,2.625525
2.3565464,2.5352879
2.154913,2.5173645
2.128096,2.5898972
2.1174362,2.5437622
2.241222,2.6891162
2.2471445,2.680322
2.492832,2.6414964
2.1382937,2.6836183
2.5158756,2.5151045
2.3996587,2.5548034
2.1994364,2.5987322
2.2491517,2.6843383
2.410196,2.5012665
2.2264693,2.5780492
2.1204107,2.6065001
2.35801,2.585647
2.1501033,2.6761932
2.100624,2.5269146
2.4952934,2.5589721
2.1487863,2.5610569
2.2585256,2.5675294
2.1137154,2.6021364
2.2434342,2.6269941
2.1074727,2.6784372
2.3515184,2.5918856
2.124126,2.5566475
2.2846184,2.6488638
2.1977506,2.5279443
2.3315194,2.657071
2.3067896,2.520122
2.3601406,2.5799782
2.3227737,2.5333805
2.2045023,2.6047513
2.3150928,2.5707672
2.1037765,2.613027
2.1030674,2.546715
2.3590696,2.6524618
2.1045713,2.5117495
2.1727414,2.539699
2.272602,2.6779478
2.2874813,2.568768
2.125054,2.5934694
2.2179642,2.5163226
2.3172576,2.696856
2.184058,2.562076
2.2093546,2.6465251
2.1343732,2.5676293
2.3907697,2.659831
2.131118,2.5221758
2.3393617,2.5075424
2.2131019,2.546934
2.2029488,2.519815
2.4398682,2.6278667
2.3103733,2.5060804
2.4210823,2.6135044
2.4462423,2.614484
2.1264749,2.6101146
2.2624063,2.5341666
2.2439487,2.542129
2.2612364,2.5296037
2.249425,2.5122678
2.1528728,2.5776489
2.242448,2.6823285
2.1171882,2.5672553
2.120938,2.5802655
2.144101,2.5814836
2.1190834,2.6829004
2.1794276,2.5588171
2.3153064,2.506922
2.404802,2.6080284
2.140067,2.631843
2.2010384,2.568408
2.1427333,2.5438874
2.1908646,2.679223
2.520907,2.5758238
2.1032183,2.5289218
2.148427,2.520114
2.2173138,2.6994867
2.1700256,2.522136
2.2086158,2.682922
2.2262661,2.5274763
2.4896216,2.6217935
2.1919286,2.6730752
2.107722,2.5345745
2.2323177,2.608348
2.2515757,2.6466925
2.3347926,2.5363505
2.3035858,2.5466812
2.2657275,2.6131778
2.1139848,2.5864275
2.156085,2.571417
2.3968842,2.5453358
2.1007268,2.6636295
2.2284467,2.634257
2.1894293,2.6183562
2.3523371,2.5162318
2.1694655,2.6988823
2.388087,2.5265665
2.1469195,2.5264318
2.2211134,2.6618886
2.1858442,2.6665103
2.3005686,2.5470243
2.2261784,2.6199212
2.2175376,2.5083308
2.1934807,2.5169847
2.239599,2.5462701
2.2334712,2.6484632
2.3829596,2.6588733
2.4837883,2.52995
2.1367016,2.55574
2.3347633,2.5801077
2.155705,2.5730684
2.1606138,2.6541352
2.228997,2.6698503
2.1270132,2.5771708
2.1760697,2.5211425
2.2452962,2.5180683
2.2908156,2.687674
2.2854404,2.563483
2.170407,2.5688412
2.3345554,2.6726422
2.5014987,2.572589
2.1055875,2.5354705
2.4757876,2.6965277
2.1398726,2.5650346
2.2663155,2.5667953
2.121414,2.5567462
2.2016804,2.5097528
2.1293006,2.5708973
2.3762572,2.635854
2.1000404,2.542076
2.1096354,2.5214927
2.334171,2.6897464
2.1010675,2.6965468
2.1921282,2.6060889
2.3424876,2.6901035
2.336797,2.5453074
2.127135,2.6370926
2.3381894,2.5813737
2.141483,2.600159
2.292431,2.6157174
2.5498934,2.552218
2.102671,2.6015878
2.1243255,2.6130059
2.3686962,2.5530708
2.140301,2.5559542
2.1695359,2.5865843
2.2189646,2.5977569
2.50024,2.5887542
2.4717178,2.650044
2.1288128,2.576411
2.1935737,2.6433923
2.1516507,2.6644456
2.3526068,2.62643
2.1061451,2.5068767
2.253789,2.6450832
2.129176,2.6163695
2.152167,2.5235124
2.207251,2.5599563
2.2035532,2.5659244
2.179471,2.5019786
2.3347263,2.619477
2.1421487,2.6314585
2.3099551,2.5630438
2.2090611,2.5938883
2.1225474,2.62251
2.1433694,2.5585756
2.1076798,2.5594475
2.1910932,2.5065086
2.3866453,2.6766098
2.305051,2.6033974
2.1896598,2.694955
2.2326818,2.631385
2.1249595,2.5417166
2.2155218,2.6264982
2.5360832,2.6832361
2.1218443,2.562472
2.2083695,2.6002586
2.3737438,2.5201232
2.2437227,2.521209
2.3002038,2.6331863
2.1832705,2.5102818
2.2960951,2.6193027
2.3501544,2.5189092
2.1125567,2.6605463
2.1840827,2.6723976
2.219544,2.5598931
2.1532364,2.624864
2.4129543,2.5578418
2.104666,2.5909708
2.4592412,2.5818522
2.401651,2.5446637
2.188454,2.509161
2.118686,2.6940844
2.1594644,2.5651991
2.2364793,2.6551754
2.3482342,2.6964266
2.1446376,2.6205242
2.276794,2.5185826
2.129006,2.586959
2.346097,2.6395378
2.1389582,2.5661905
2.132977,2.615407
2.214071,2.5605133
2.140738,2.5473602
2.1529505,2.5765226
2.2635972,2.6542573
2.2082112,2.5034227
2.486724,2.6283257
2.2577903,2.6418173
2.3385017,2.65103
2.4208262,2.5397112
2.106,2.5566716
2.2236648,2.576603
2.2799106,2.5367198
2.1701941,2.5793881
2.2705946,2.5120633
2.411796,2.67466
2.5374615,2.505023
2.2275155,2.699091
2.12816,2.5693455
2.1649227,2.508828
2.1923974,2.610629
2.511713,2.6824276
2.19193,2.6669962
2.1639862,2.6234133
2.4075725,2.6006272
2.251179,2.5785036
2.3284929,2.6630402
2.302844,2.6749377
2.2098749,2.6607134
2.5188825,2.5275087
2.1360636,2.6256876
2.3912458,2.6693432
2.1392899,2.5369
2.4540427,2.5554485
2.340291,2.6590338
2.3676987,2.5623045
2.1019998,2.6358166
2.158295,2.5908113
2.1593533,2.5213063
2.2668571,2.6343026
2.1092908,2.625189
2.2230916,2.515654
2.143339,2.6235332
2.215557,2.6520662
2.2539089,2.5276027
2.1181934,2.6149967
2.4449646,2.566778
2.1355355,2.6042345
2.226086,2.594792
2.2974293,2.5660238
2.460341,2.5437193
2.1622953,2.548136
2.429561,2.580767
2.3634813,2.5053666
2.2647848,2.5547178
2.1499388,2.585636
2.2487044,2.5385497
2.2844038,2.5697074
2.1108,2.5653288
2.2542462,2.6737902
2.3894095,2.5279467
2.244497,2.6150663
2.1313834,2.640866
2.135275,2.6481583
2.1181338,2.6271217
2.1021526,2.5138474
2.1621432,2.5189009
2.4665034,2.5162497
2.2240763,2.557553
2.2056298,2.52707
2.362547,2.6361449
2.4202318,2.5099695
2.1721227,2.6706145
2.524963,2.5680656
2.1870654,2.6898525
2.2068965,2.5163865
2.1523757,2.6451628
2.3402412,2.6244652
2.1537464,2.511198
2.2741272,2.6173198
2.1489773,2.6239579
2.1077816,2.628718
2.4332929,2.629076
2.1856132,2.6472948
2.2226882,2.5563464
2.4814544,2.6170523
2.3016453,2.527136
2.1076505,2.51781
2.2866895,2.6033847
2.1881583,2.5431232
2.1278882,2.5454164
2.200963,2.5796375
2.426583,2.6624143
2.4081585,2.568796
2.1510007,2.6197064
2.5072355,2.5228999
2.3493514,2.5370302
2.119814,2.6871173
2.1274807,2.6020343
2.1081622,2.5407128
2.300148,2.626614
2.353713,2.5230873
2.5496607,2.5909734
2.1199086,2.514254
2.2469003,2.591878
2.1120753,2.6118417
2.2816672,2.607609
2.1382155,2.5587595
2.2617497,2.5730264
2.2988927,2.6948824
2.171434,2.652148
2.1151426,2.6240022
2.2213762,2.5448802
2.2003431,2.5830534
2.158366,2.642662
2.1500816,2.698162
2.3266819,2.6449788
2.1483638,2.5746398
2.285306,2.5126276
2.4099143,2.535261
2.3679652,2.5799017
2.3545132,2.64663
2.246152,2.5745564
2.3079326,2.656375
2.217756,2.6961887
2.1016326,2.5865097
2.1669748,2.5363
2.1621006,2.6673496
2.1109226,2.6553652
2.2203417,2.6770332
2.1313903,2.641111
2.2833116,2.5996177
2.115821,2.5590308
2.1035388,2.6550643
2.2533307,2.559073
2.3953204,2.5584075
2.1120982,2.5021958
2.143098,2.5596514
2.1958494,2.5357287
2.1950848,2.6123848
2.1741445,2.594236
2.4208345,2.5154862
2.2158427,2.5719852
2.1503015,2.6124969
2.1791499,2.6437788
2.1074002,2.628004
2.4945793,2.6228802
2.167743,2.6173272
2.250653,2.5905366
2.1711035,2.5020015
2.2454782,2.6341786
2.2924218,2.5736034
2.1053689,2.5197308
2.3286707,2.5138514
2.27509,2.6110635
2.2169049,2.583079
2.4887724,2.6725247
2.299585,2.6796682
2.289249,2.5065272
2.2630804,2.6918917
2.349336,2.5844655
2.2459538,2.5754926
2.1723883,2.5986478
2.2431557,2.6866002
2.2363636,2.686944
2.1508255,2.5841064
2.2889209,2.5086763
2.2368762,2.5557382
2.1007733,2.6756577
2.485601,2.5828176
2.1334076,2.517548
2.1804183,2.5160217
2.2154195,2.5400286
2.356543,2.5608969
2.2114403,2.594621
2.233608,2.617784
2.118421,2.683962
2.2313683,2.598449
2.3140867,2.6517997
2.1627586,2.677699
2.100947,2.5704017
2.1832018,2.6084263
2.1418328,2.679268
2.2249262,2.5208862
2.502483,2.5183625
2.248666,2.6537688
2.1381047,2.6452854
2.1305888,2.587894
2.1865115,2.6654096
2.1256268,2.6779928
2.243671,2.6157694
2.3222277,2.6092536
2.525991,2.5812075
2.2917154,2.5710454
2.4635072,2.57908
2.2028809,2.6360114
2.2357905,2.638554
2.5246043,2.6408374
2.1354642,2.5170667
2.4935231,2.649584
2.43176,2.6720333
2.3848338,2.5157614
2.283868,2.6903374
2.293575,2.6573758
2.1584356,2.6727302
2.2904415,2.5953262
2.1066933,2.6867733
2.275948,2.517975
2.2403927,2.6213834
2.3367472,2.5563602
2.4070597,2.653857
2.317298,2.520421
2.3016047,2.5797687
2.2091298,2.6144013
2.1801631,2.586665
2.2019343,2.6828294
2.112271,2.5742886
2.1484485,2.552257
2.1272883,2.6285594
2.4040306,2.6374454
2.109882,2.6083431
2.153906,2.5035262
2.2205622,2.5309255
2.2738042,2.5023763
2.2074122,2.6420407
2.4509397,2.6334026
2.5246892,2.5878031
2.3578417,2.619159
2.4911351,2.6195824
2.3249643,2.643097
2.221187,2.596467
2.386301,2.5131507
2.5346553,2.5374591
2.3385034,2.5182195
2.361029,2.55052
2.2292027,2.608144
2.357328,2.6628458
2.21788,2.6606677
2.1877775,2.6591067
2.2552168,2.6915302
2.1567922,2.561367
2.257895,2.517268
2.197739,2.6446025
2.1036441,2.539681
2.1865835,2.591311
2.1811836,2.5645905
2.2072697,2.5450115
2.2007983,2.6495597
2.121074,2.6330934
2.158469,2.5723195
2.3984137,2.670174
2.3529184,2.566089
2.2202246,2.658898
2.350536,2.6752055
2.318102,2.5196772
2.1235695,2.5849278
2.154304,2.683935
2.1318314,2.6844559
2.2710848,2.5884213
2.253299,2.6391413
2.1002636,2.645731
2.502661,2.6387482
2.2662199,2.5036328
2.3093853,2.5128925
2.1544166,2.547211
2.2276814,2.5684285
2.1687794,2.6934369
2.1148543,2.5306222
2.325043,2.6098487
2.3500373,2.5581923
2.261338,2.5150826
2.2160845,2.5533452
2.1077747,2.6638565
2.131045,2.539361
2.144746,2.6613932
2.1213136,2.5510128
2.355373,2.533996
2.2463198,2.6024177
2.2021022,2.5949183
2.116039,2.5307913
2.3395753,2.668345
2.188921,2.5327764
2.2587008,2.6103926
2.1592002,2.6034622
2.1849985,2.5541127
2.132473,2.5948317
2.1271992,2.543997
2.2216563,2.5973194
2.2460077,2.526865
2.4605708,2.5595784
2.1580017,2.548293
2.146899,2.5118804
2.4913678,2.5664876
2.23159,2.5098395
2.4734852,2.6789262
2.4042656,2.6826556
2.1024203,2.629143
2.2706113,2.5035372
2.2771552,2.5955524
2.1369925,2.594994
2.328661,2.6135023
2.2847059,2.53454
2.2166538,2.6516197
2.4877791,2.6063812
2.125145,2.5832222
2.398925,2.6546576
2.2400725,2.6527686
2.1560879,2.5750213
2.3009048,2.5503442
2.152212,2.5399823
2.1329296,2.659083
2.3908606,2.5303075
2.1239538,2.5341256
2.4503567,2.5741365
2.19587,2.5278242
2.208406,2.6557426
2.5014784,2.50103
2.372108,2.5595512
2.252663,2.5866306
2.1985474,2.5425475
2.1213787,2.574363
2.2798183,2.5146863
2.4560633,2.6080544
2.4201615,2.6874242
2.3224216,2.689379
2.2177587,2.5028963
2.3351402,2.5677047
2.4083843,2.5801935
2.1438625,2.6185694
2.1649528,2.5994506
2.4818966,2.6900246
2.188197,2.5035424
2.4386458,2.5226004
2.5303774,2.6939187
2.4162388,2.5621526
2.138792,2.5410228
2.1073797,2.6885636
2.113285,2.5875566
2.2336621,2.5813177
2.3983133,2.554946
2.215143,2.633688
2.244726,2.6101775
2.1871011,2.535024
2.215394,2.528964
2.3984606,2.6777468
2.4428465,2.5641408
2.1368637,2.5214467
2.2454002,2.601431
2.1349494,2.6665037
2.3107908,2.543464
2.1251035,2.6017356
2.1165335,2.6209888
2.1226091,2.5288546
2.1071637,2.5578496
2.3249767,2.6013672
2.3221734,2.5129075
2.164824,2.6096435
2.1846077,2.5859752
2.120572,2.504118
2.3198237,2.6863284
2.1371157,2.6460073
2.3820298,2.542982
2.320933,2.606664
2.1960676,2.6727655
2.134883,2.5398881
2.2071972,2.6915023
2.275105,2.534191
2.3690715,2.6016986
2.3542552,2.657274
2.208187,2.6265357
2.3179305,2.5103736
2.1417096,2.5945532
2.139079,2.6122186
2.1229544,2.5228894
2.1861837,2.6976457
2.2783248,2.5878246
2.242163,2.6736808
2.3724241,2.55087
2.1589694,2.5030425
2.1137486,2.5088944
2.441949,2.5369935
2.19665,2.5500855
2.1607099,2.5911713
2.5245392,2.645246
2.3135753,2.558908
2.1394477,2.517285
2.2073646,2.6748192
2.1834717,2.6723928
2.345202,2.6659226
2.19969,2.6706014
2.263951,2.558329
2.167354,2.5068347
2.221472,2.5967226
2.3656976,2.6278696
2.2214599,2.5245523
2.1095262,2.6735713
2.2802396,2.5562873
2.165525,2.533602
2.3696215,2.6874816
2.135263,2.5076969
2.502742,2.5375924
2.3165479,2.5643651
2.47783,2.5739403
2.100693,2.6298022
2.10649,2.6452644
2.2031689,2.6072326
2.1708505,2.6829078
2.3150256,2.5268428
2.1267278,2.672106
2.3339136,2.6459687
2.2209191,2.660382
2.152991,2.6019416
2.1914306,2.651198
2.190146,2.6419392
2.1011915,2.6497214
2.3322423,2.6318483
2.4237022,2.6243978
2.1912196,2.522472
2.1833198,2.5382397
2.2742908,2.640126
2.1630795,2.59125
2.2414331,2.6942537
2.2758906,2.501322
2.1918182,2.504204
2.1819506,2.6360219
2.171024,2.683345
2.1469178,2.680059
2.484268,2.5304792
2.165075,2.6901944
2.404125,2.5709963
2.2207775,2.647296
2.176367,2.6729498
2.4356847,2.5443556
2.1112468,2.5512633
2.1342351,2.682238
2.2098799,2.628576
2.1454868,2.5612612
2.4952462,2.5494902
2.261058,2.6972525
2.3516269,2.5622287
2.176059,2.6997566
2.302921,2.6348188
2.4393313,2.5044193
2.2543514,2.5179036
2.3518233,2.6385012
2.1545634,2.6590085
2.1760163,2.583593
2.1921186,2.693048
2.3462374,2.5364606
2.4053812,2.6584625
2.309731,2.6993315
2.191408,2.5279753
2.2929814,2.5202694
2.2005837,2.5464158
2.3491771,2.609877
2.2501583,2.5943248
2.160411,2.591497
2.3001146,2.6011097
2.2954295,2.6207416
2.1053414,2.5394192
2.2457697,2.627044
2.276679,2.605887
2.1279585,2.648482
2.2102926,2.6445613
2.2439125,2.6437347
2.238176,2.522921
2.3236713,2.667439
2.1034274,2.5111773
2.1315591,2.5848613
2.1877594,2.564382
2.2854228,2.66332
2.2504141,2.6622646
2.1087413,2.5807705
2.25165,2.5437443
2.4314246,2.5096636
2.3349712,2.5791495
2.292955,2.5217566
2.276117,2.639175
2.359906,2.6160424
2.211222,2.668558
2.4396398,2.625555
2.1581132,2.605541
2.100767,2.6411433
2.245782,2.5655513
2.2979085,2.5512512
2.2170162,2.59793
2.2348146,2.5315084
2.1143436,2.5509493
2.173323,2.552049
2.2448733,2.5250838
2.4266818,2.6082175
2.15553,2.6140728
2.1557949,2.544578
2.2020676,2.5553021
2.3495665,2.5333328
2.1202247,2.5330007
2.346305,2.5064163
2.4084804,2.6535969
2.338013,2.591572
2.1148806,2.553058
2.1161776,2.6463826
2.1244042,2.5528955
2.3584003,2.5905108
2.1048908,2.6592112
2.1754725,2.5881844
2.215512,2.6353493
2.2177863,2.5443995
2.200411,2.6979117
2.112296,2.5823233
2.185731,2.5458894
2.104331,2.6974492
2.1516106,2.635221
2.3780184,2.5641382
2.1004164,2.5766098
2.227207,2.5161626
2.1735358,2.5221813
2.260156,2.669063
2.271821,2.649507
2.212419,2.6306753
2.4143384,2.669701
2.106324,2.6263013
2.5355675,2.5661538
2.29441,2.6599817
2.289743,2.5621288
2.3671584,2.5610535
2.4666305,2.655242
2.1309738,2.5976224
2.2087467,2.6988769
2.1919386,2.6606402
2.1581235,2.6553228
2.3529701,2.5357974
2.1574564,2.559898
2.3789403,2.675318
2.1459754,2.572736
2.4285233,2.6047008
2.1440427,2.55188
2.2950056,2.5639558
2.1046352,2.5085516
2.4946237,2.5674016
2.4801342,2.5652542
2.248254,2.5388193
2.3441536,2.5979738
2.1195028,2.6345658
2.1019068,2.5042667
2.1270332,2.6862803
2.284187,2.5482323
2.111528,2.5688422
2.4840744,2.5022242
2.2497952,2.648092
2.1678278,2.5450122
2.3443303,2.5726461
2.2443001,2.5030205
2.4978545,2.582504
2.3252738,2.5085487
2.2865515,2.6341715
2.147273,2.6549454
2.138855,2.527816
2.4524384,2.5898957
2.2102342,2.6821117
2.1216035,2.6291807
2.1568615,2.5910602
2.1166744,2.6487298
2.182383,2.5824687
2.1773224,2.5694747
2.1382759,2.6327994
2.2336721,2.6547682
2.278493,2.5500975
2.175073,2.5277934
2.1716776,2.5463188
2.1275952,2.6582344
2.4632578,2.500775
2.159299,2.6315773
2.1262963,2.550979
2.424206,2.660497
2.1675081,2.6780186
2.1335433,2.6406367
2.1862142,2.6412954
2.301947,2.5232015
2.1034513,2.6739202
2.2474258,2.6418352
2.136886,2.677531
2.1674876,2.573306
2.3488138,2.5823717
2.1885233,2.6317668
2.1116505,2.6308932
2.1351507,2.5013227
2.16805,2.6023786
2.1518319,2.6187015
2.2531343,2.6059692
2.320123,2.698627
2.307123,2.5316086
2.430884,2.582866
2.1903775,2.558918
2.1493142,2.644071
2.2846115,2.6000564
2.2942116,2.5423195
2.1153011,2.6192255
2.1243093,2.5602703
2.2401764,2.5481973
2.1618102,2.6226819
2.2294888,2.5571632
2.1261768,2.5431077
2.3025272,2.6490147
2.1816578,2.5906332
2.417996,2.694618
2.1122878,2.6534927
2.2016506,2.6589293
2.161458,2.510743
2.120394,2.665858
2.259968,2.579278
2.2457554,2.6429722
2.178009,2.5083966
2.1395779,2.5127885
2.3253062,2.5591135
2.15468,2.6729867
2.1688972,2.5459013
2.179423,2.511859
2.1788113,2.5395975
2.1176157,2.5136738
2.3778844,2.6226819
2.1921906,2.6284304
2.2770975,2.6584952
2.241152,2.5084007
2.3121862,2.5038903
2.180992,2.5448804
2.1024501,2.5517418
2.4836938,2.5134845
2.2463725,2.5347369
2.3937964,2.5266986
2.3804445,2.6830418
2.3378677,2.606492
2.2726586,2.6571429
2.156308,2.6217744
2.1376088,2.6592336
2.105807,2.5051239
2.5436416,2.5076394
2.143942,2.6268413
2.134972,2.6366756
2.1675053,2.52825
2.3075817,2.5966082
2.3816345,2.6104684
2.103863,2.5661442
2.1020143,2.5795636
2.1247797,2.557578
2.3161325,2.535604
2.1072752,2.6539495
2.1243856,2.570414
2.3600512,2.550315
2.1472242,2.5337687
2.3272996,2.6939824
2.2231407,2.5171926
2.2628362,2.592323
2.169103,2.500222
2.1602418,2.699575
2.4317527,2.5639043
2.1406815,2.6517766
2.1046045,2.5753384
2.319856,2.6527543
2.209999,2.6155474
2.122207,2.517855
2.299441,2.5876882
2.1130137,2.5278914
2.3179805,2.615354
2.1671677,2.5498836
2.2177596,2.6251774
2.1550796,2.5101874
2.2995603,2.6107235
2.11731,2.6068518
2.4454784,2.5664828
2.1553466,2.6744373
2.2604098,2.5728917
2.4150777,2.6948314
2.1830363,2.6246526
2.1941984,2.6683092
2.4118662,2.532711
2.2379692,2.5290964
2.5304132,2.647443
2.4837434,2.6285117
2.1103466,2.6157665
2.1615343,2.6523795
2.1321504,2.5628977
2.121338,2.6102297
2.1667802,2.5679245
2.4376361,2.513825
2.2893372,2.5459757
2.2972984,2.5280857
2.103995,2.6671216
2.2850163,2.604901
2.495936,2.555513
2.3159406,2.5411043
2.2587113,2.6249094
2.2067616,2.5123339
2.407225,2.5220685
2.4036648,2.6355443
2.2283006,2.5681899
2.2072566,2.6879776
2.2565265,2.6971152
2.2658124,2.6564548
2.1844184,2.6136951
2.16434,2.6495852
2.1476264,2.5718057
2.3345385,2.5659811
2.2790174,2.5996807
2.2015047,2.6811678
2.288151,2.5551035
2.1294353,2.6148694
2.2145872,2.5101087
2.1168919,2.6648107
2.3390844,2.643405
2.5228438,2.5406625
2.15242,2.5187318
2.2104828,2.662218
2.3119688,2.6233823
2.2276733,2.580754
2.2786698,2.5779061
2.3909757,2.5042775
2.2660851,2.683505
2.275001,2.534746
2.2469628,2.5576463
2.2932918,2.5779266
2.131346,2.5379884
2.375131,2.5398262
2.2103379,2.6463125
2.129701,2.6094122
2.126694,2.5194347
2.2705445,2.6560812
2.1230896,2.606294
2.4043212,2.6822333
2.1247475,2.51811
2.262483,2.6636884
2.2556953,2.617996
2.1759746,2.6967237
2.2409384,2.5367925
2.3085952,2.6607678
2.4974754,2.554973
2.1027832,2.6159105
2.4189305,2.5322707
2.1357057,2.5837038
2.2825792,2.6130824
2.3620126,2.6783895
2.1009245,2.6176722
2.2317536,2.572899
2.1946192,2.516729
2.242902,2.568033
2.117456,2.5403194
2.4598207,2.612171
2.1697538,2.5176227
2.1013942,2.50576
2.4448366,2.6038196
2.1419275,2.63067
2.181241,2.5500383
2.2207122,2.5393732
2.2707832,2.5355017
2.3498561,2.6802812
2.2255163,2.5256772
2.258744,2.6296954
2.3182712,2.5160751
2.252634,2.5329664
2.2792568,2.559837
2.122828,2.6501036
2.143975,2.5697963
2.5010483,2.577686
2.1605911,2.5065365
2.5010738,2.6706088
2.1263053,2.65793
2.2456253,2.6623359
2.1764627,2.6894138
2.475736,2.6968575
2.221587,2.6116805
2.1237626,2.6428623
2.2267017,2.6838346
2.1998172,2.6673937
2.103675,2.5333872
2.1802166,2.663242
2.2249053,2.5581124
2.346576,2.5915933
2.1526031,2.668365
2.1226351,2.5793848
2.2662835,2.547574
2.1117773,2.5575929
2.2957618,2.6616428
2.4269032,2.528602
2.1202822,2.512832
2.3328397,2.5286262
2.142517,2.509134
2.1085405,2.5753574
2.3184083,2.6595623
2.2401216,2.5540965
2.3006642,2.5199254
2.2299504,2.6437817
2.2912364,2.5024
2.2005115,2.559605
2.3524585,2.6912117
2.100058,2.6908462
2.1206543,2.6663444
2.3595722,2.6277637
2.1013541,2.6485355
2.1802075,2.627817
2.2158675,2.5676453
2.1927965,2.510761
2.1176918,2.5410573
2.4234307,2.5077763
2.310062,2.6094728
2.1835015,2.552696
2.493444,2.6237068
2.5405316,2.5375807
2.1030247,2.5361917
2.4143069,2.6978314
2.2333019,2.6990216
2.3493452,2.5985909
2.1510715,2.6512156
2.112186,2.689308
2.328745,2.5734382
2.1189532,2.5380619
2.4125798,2.5502477
2.2755985,2.5011587
2.1809082,2.5162756
2.161434,2.5201895
2.1118383,2.6029727
2.1644099,2.687639
2.1858041,2.5504875
2.347261,2.58662
2.246393,2.604607
2.1381445,2.6993108
2.2133384,2.6211736
2.2481728,2.6298165
2.1890173,2.673946
2.2788036,2.5666678
2.1017406,2.5907733
2.4120355,2.616951
2.142158,2.6795812
2.3259013,2.5143025
2.2379665,2.6833892
2.3906803,2.643892
2.175352,2.6064773
2.1185741,2.6064773
2.104422,2.526246
2.5431685,2.5343697
2.255211,2.6888423
2.2668512,2.6287296
2.1487002,2.5272768
2.117263,2.6488142
2.2271051,2.6122482
2.368984,2.5374782
2.105433,2.5601094
2.1083694,2.5483866
2.2086015,2.6612196
2.482011,2.551561
2.470299,2.646475
2.1246357,2.620869
2.1424975,2.5543158
2.400791,2.633657
2.1249237,2.6029105
2.1177044,2.5125582
2.4961684,2.5634332
2.1870704,2.6704416
2.1231854,2.6061697
2.3155682,2.5569274
2.2597184,2.6277332
2.1990507,2.527113
2.3245554,2.6271162
2.1448255,2.5823088
2.275611,2.679235
2.3919554,2.6542459
2.5376294,2.6775699
2.1061606,2.6216903
2.365759,2.502824
2.2730446,2.6883585
2.2402096,2.629758
2.3685677,2.5740151
2.1619847,2.542672
2.1936207,2.697364
2.1484444,2.5455413
2.119437,2.6389444
2.2819788,2.5817695
2.2451034,2.6847112
2.2604203,2.642105
2.157688,2.5690534
2.327375,2.677093
2.1260889,2.5641322
2.272267,2.6492717
2.2298136,2.549757
2.4163904,2.6841273
2.113138,2.5408082
2.1488326,2.5042546
2.2511272,2.6819317
2.430136,2.566944
2.2544596,2.5719805
2.200938,2.5956066
2.1297994,2.5037446
2.1292171,2.5437734
2.2340398,2.6337688
2.1344588,2.5056105
2.5113847,2.5314012
2.2706869,2.6171534
2.210289,2.651353
2.1612034,2.5755954
2.521776,2.5470343
2.327022,2.5091236
2.269978,2.60599
2.3984807,2.5549927
2.3758287,2.6609921
2.3829882,2.6826916
2.1401823,2.699494
2.2886097,2.6937745
2.2953515,2.5685685
2.1809566,2.51718
2.1239028,2.5001683
2.130018,2.6422582
2.4857316,2.5058713
2.1678493,2.5229938
2.3624043,2.6490393
2.304075,2.6887093
2.3234658,2.5058749
2.1698844,2.5674994
2.3745804,2.6269424
2.5492623,2.583331
2.1050308,2.511279
2.2718816,2.5370657
2.4167433,2.6514919
2.1079092,2.687537
2.2416837,2.6143386
2.1993546,2.5957315
2.3226078,2.6046915
2.1315014,2.596726
2.1697133,2.52633
2.3145995,2.6462853
2.1303651,2.589003
2.233433,2.5469146
2.2208278,2.6844413
2.3130465,2.630684
2.1489909,2.573863
2.292595,2.5478883
2.2985969,2.6029923
2.2047079,2.6718762
2.1489239,2.5389655
2.1926572,2.516374
2.5362024,2.5672362
2.119284,2.5134437
2.4132602,2.631594
2.4507627,2.6987429
2.1389897,2.6053863
2.267718,2.5012078
2.12247,2.524793
2.1500576,2.6856103
2.2305248,2.5169585
2.1712735,2.517728
2.2443376,2.6730933
2.340059,2.545847
2.5388741,2.664475
2.4223223,2.6097815
2.2392495,2.5357456
2.2816246,2.6865017
2.20265,2.5882366
2.2136111,2.665723
2.4721498,2.5246918
2.3375597,2.639952
2.2118654,2.5874019
2.23115,2.6501474
2.223222,2.532265
2.1706784,2.5928752
2.2549903,2.5130422
2.4044864,2.5531719
2.20639,2.548629
2.1084013,2.5357666
2.1731923,2.5285819
2.1662278,2.5124228
2.2190347,2.6603856
2.2713215,2.5914354
2.3148048,2.613351
2.1102085,2.6871533
2.4801338,2.6934881
2.1144612,2.652434
2.3061025,2.5015047
2.2424057,2.6824725
2.4449465,2.6916823
2.1416328,2.5045843
2.211075,2.6902497
2.218268,2.5031576
2.3591871,2.6395223
2.1155663,2.6923676
2.2483077,2.6081102
2.499694,2.6049788
2.4706285,2.6377819
2.1329544,2.6380112
2.118179,2.590571
2.1086361,2.5183783
2.2226105,2.5520606
2.2319956,2.6930676
2.238421,2.5899627
2.1983428,2.6881125
2.2068307,2.5684447
2.158962,2.6634812
2.2496266,2.6420515
2.4652739,2.6591866
2.1834395,2.6034832
2.1934123,2.6596808
2.1584594,2.5265346
2.152696,2.6657796
2.445878,2.5496807
2.1201992,2.5463264
2.3058221,2.6755378
2.2573783,2.6033406
2.159816,2.6133099
2.2939289,2.681692
2.257898,2.5905206
2.1969426,2.6370156
2.2000587,2.509193
2.2423217,2.5706282
2.1453173,2.5888033
2.2251577,2.5304766
2.3281872,2.6982589
2.1291223,2.646487
2.1207128,2.5502894
2.1055295,2.6969957
2.4983065,2.603424
2.1810055,2.5331073
2.1721094,2.690117
2.2773788,2.6594825
2.145354,2.6228204
2.2202106,2.5993226
2.2641735,2.5167968
2.3260908,2.5216649
2.3029845,2.6874402
2.3304248,2.5410612
2.2011666,2.576137
2.391875,2.5445476
2.1626139,2.673961
2.2096133,2.5302818
2.1640108,2.5315452
2.3135214,2.6844218
2.111795,2.63417
2.2902794,2.670167
2.1513307,2.6707935
2.29345,2.6164532
2.5344,2.5829017
2.1445544,2.542339
2.1251898,2.575309
2.327861,2.5858626
2.1142416,2.640167
2.3320656,2.6913583
2.1178339,2.6125405
2.1314325,2.5948515
2.4110508,2.6627133
2.2439666,2.5114264
2.1075344,2.643759
2.2850049,2.50483
2.327712,2.5386171
2.1156828,2.6187782
2.1707468,2.6829958
2.104275,2.6768365
2.3005133,2.5326288
2.1107838,2.5796897
2.2520711,2.5542352
2.1242712,2.6081853
2.267964,2.5400476
2.2615569,2.6101851
2.1787717,2.555904
2.110832,2.6860733
2.2034423,2.58781
2.242088,2.6058
2.125596,2.5917263
2.3593812,2.5524395
2.2397628,2.5698926
2.3711195,2.5858254
2.3399003,2.595654
2.122958,2.5407147
2.4864838,2.5194492
2.4787514,2.6809692
2.1761072,2.6581798
2.2107446,2.5422575
2.1158845,2.5750158
2.3928826,2.6232724
2.1475003,2.5660815
2.5143878,2.611352
2.3294792,2.5140939
2.1279943,2.64472
2.452098,2.5399172
2.3605525,2.606355
2.3897808,2.628412
2.1999755,2.515532
2.2711334,2.5098355
2.417211,2.575068
2.2158911,2.63965
2.3789217,2.536414
2.1746798,2.5690477
2.2885532,2.6970725
2.1998522,2.5829127
2.3390553,2.6547008
2.1456616,2.6368828
2.1142502,2.54422
2.1643286,2.5086007
2.1151824,2.5214405
2.182226,2.6536243
2.5315375,2.534953
2.255672,2.5919878
2.237827,2.6019735
2.1086884,2.5789692
2.529991,2.5178447
2.1261742,2.5735214
2.1469736,2.6474993
2.2834835,2.5828588
2.2447624,2.5072434
2.1652796,2.5381858
2.3387277,2.5978584
2.2344868,2.559429
2.1722426,2.6347456
2.4942925,2.6733174
2.137419,2.5823383
2.2889957,2.5268576
2.25244,2.5974483
2.2522612,2.5199556
2.2641618,2.5476453
2.1436522,2.6415775
2.2425663,2.6448054
2.4567437,2.5285304
2.5086796,2.682442
2.3949637,2.6357987
2.3206954,2.6300414
2.3176646,2.50407
2.2135189,2.6249576
2.1288662,2.6437416
2.2158291,2.600864
2.3316128,2.6285355
2.4187026,2.5847564
2.3310652,2.6387932
2.1348343,2.6331205
2.3571405,2.5539498
2.5442843,2.5303648
2.19973,2.5373409
2.1564906,2.5965092
2.1642647,2.696154
2.3098426,2.6464875
2.1680605,2.6084023
2.1616488,2.639778
2.3454583,2.5011852
2.2049448,2.666284
2.133938,2.5749211
2.1781757,2.5110939
2.284346,2.6744702
2.1630354,2.639882
2.2895634,2.627739
2.2408254,2.5283856
2.5468283,2.5794685
2.1512,2.5343235
2.2843287,2.509272
2.190939,2.6226113
2.3410578,2.6070185
2.1019335,2.5871174
2.4914892,2.584823
2.1336625,2.6263745
2.3215578,2.6027133
2.2154877,2.59098
2.2992432,2.5217724
2.322747,2.5042095
2.1699345,2.5686307
2.1296384,2.6462607
2.2951035,2.6313984
2.4708807,2.5845692
2.1194663,2.6858964
2.3999672,2.6261756
2.1232526,2.6830206
2.110405,2.619096
2.106263,2.588045
2.1216774,2.5442224
2.169619,2.5675254
2.209664,2.5058413
2.1443918,2.5354881
2.1016319,2.5164146
2.1041353,2.6270716
2.1512332,2.5634637
2.5350015,2.5393755
2.1166263,2.5698862
2.14139,2.5555787
2.2152278,2.6655233
2.1754444,2.6323938
2.2729416,2.6986163
2.1019213,2.5428858
2.120138,2.6811218
2.2445426,2.5025406
2.3911445,2.6065652
2.5144455,2.6352227
2.267827,2.6400747
2.304114,2.6364338
2.1758745,2.6530092
2.1622808,2.6959674
2.1825418,2.570707
2.1647997,2.6389678
2.119254,2.6857274
2.2591367,2.5614736
2.134262,2.5445788
2.108954,2.5685546
2.19524,2.6641335
2.100583,2.5128014
2.1198323,2.6049654
2.460345,2.5608976
2.2975163,2.6081965
2.1518376,2.5558481
2.4379764,2.627121
2.1667688,2.6519897
2.2496407,2.582714
2.1130624,2.5821917
2.1546643,2.55964
2.1198971,2.6322699
2.1364555,2.5486503
2.3881664,2.6784372
2.19142,2.6532905
2.318266,2.6481004
2.285467,2.5201309
2.1340315,2.5966117
2.510756,2.609415
2.228827,2.6970613
2.37912,2.6451385
2.2088177,2.698878
2.1084633,2.6702585
2.2319818,2.5971563
2.1802924,2.5050042
2.204978,2.5757935
2.1023128,2.6710508
2.3111727,2.5790904
2.18118,2.6885288
2.2443619,2.6128776
2.148713,2.5060585
2.2829928,2.5095496
2.1405697,2.5286326
2.1850502,2.6790645
2.2635198,2.5321033
2.1006346,2.514368
2.3280745,2.5112963
2.2853625,2.500597
2.2358408,2.58516
2.17769,2.5364146
2.493086,2.568741
2.2309563,2.684582
2.1392138,2.58882
2.3150675,2.5618947
2.1265235,2.5588286
2.1729088,2.5642133
2.1197367,2.683248
2.1325123,2.6031127
2.2199185,2.552023
2.1254146,2.641319
2.324483,2.675211
2.4782782,2.5419252
2.3709753,2.5171962
2.2298334,2.686945
2.3121362,2.5924535
2.445087,2.5903258
2.4757664,2.535046
2.192656,2.6154609
2.1365435,2.6430323
2.1419194,2.5519812
2.1894236,2.6785238
2.2334619,2.552829
2.2596986,2.6302736
2.3824492,2.5761182
2.4926717,2.648502
2.168828,2.5860605
2.1937816,2.5700936
2.318397,2.6673713
2.2960787,2.596284
2.286,2.5094419
2.2684715,2.5726745
2.19146,2.5194073
2.3218467,2.60656
2.2484796,2.5398755
2.2027395,2.6546009
2.18112,2.5232034
2.1582272,2.622058
2.269004,2.5027435
2.1115534,2.6663606
2.2397249,2.518731
2.4289358,2.5635865
2.1215196,2.5646124
2.1197243,2.655748
2.1552937,2.595773
2.2215335,2.5243773
2.53976,2.5832665
2.2903953,2.554984
2.2474408,2.6625488
2.1088521,2.5895832
2.186553,2.5374923
2.3600245,2.5065157
2.5158627,2.5365412
2.167685,2.6040769
2.1943555,2.624016
2.222266,2.6401653
2.2276366,2.6339965
2.3241525,2.6860452
2.1277146,2.5316155
2.343895,2.5703626
2.2585142,2.521842
2.453998,2.5664089
2.225644,2.5538397
2.2080863,2.605321
2.222332,2.5563006
2.1261208,2.5445187
2.1912992,2.5123875
2.1706154,2.6487021
2.1799626,2.51469
2.3289626,2.6490374
2.1908967,2.5745332
2.2811847,2.664547
2.1751192,2.646801
2.2279363,2.6742544
2.414906,2.5741286
2.156661,2.662261
2.4462385,2.5595531
2.129592,2.6350427
2.283792,2.6701157
2.289612,2.5156257
2.430855,2.5126529
2.1735823,2.5315678
2.214464,2.6119256
2.2962966,2.6927707
2.246401,2.5867522
2.239432,2.5687382
2.1178977,2.6749918
2.1043859,2.6053705
2.2655563,2.652863
2.5405076,2.657331
2.1502426,2.6092288
2.2303855,2.528986
2.1948926,2.5963795
2.2891006,2.5367427
2.360792,2.5122597
2.3683155,2.6057487
2.282061,2.5613565
2.3845005,2.6893232
2.1040614,2.547245
2.349896,2.6806982
2.1768842,2.588478
2.1904137,2.6534436
2.2075403,2.5196571
2.401795,2.5397496
2.110273,2.688166
2.258544,2.6957104
2.1801267,2.613808
2.15806,2.51171
2.2593522,2.63525
2.128977,2.5775232
2.3550272,2.5701082
2.2906795,2.521178
2.2581766,2.545788
2.122988,2.5303702
2.2838871,2.6191928
2.1721637,2.5567112
2.408896,2.6548448
2.269622,2.5685894
2.3342597,2.5064006
2.2767885,2.6140769
2.1799288,2.5078688
2.4919894,2.6297913
2.2134216,2.5067885
2.3286684,2.5916073
2.2230766,2.6854408
2.1558392,2.5875006
2.5085387,2.5153453
2.1409843,2.5974917
2.2962036,2.596999
2.2827072,2.6972182
2.4734232,2.5953128
2.1281133,2.539245
2.2946873,2.616016
2.218548,2.6097882
2.2678869,2.584396
2.3063576,2.6298292
2.1177087,2.6042628
2.2669735,2.6023371
2.1337256,2.5642343
2.3084993,2.577381
2.280355,2.5308225
2.2602296,2.5174632
2.1666486,2.5118515
2.18936,2.6555061
2.2911873,2.5314808
2.1690533,2.6490054
2.3589163,2.5724351
2.1614714,2.5402477
2.5356548,2.6028023
2.2465277,2.6734521
2.263768,2.6801946
2.1458666,2.5382311
2.2392328,2.5150363
2.2186203,2.6996422
2.1164699,2.51225
2.2749047,2.526073
2.1725342,2.640581
2.1384606,2.587555
2.123698,2.5162492
2.1471984,2.6025844
2.1150253,2.5709164
2.1923873,2.6325252
2.166941,2.687843
2.1765895,2.5273073
2.134163,2.547961
2.138842,2.575342
2.2666168,2.5567286
2.2778692,2.686372
2.2989182,2.5839732
2.1002228,2.6295154
2.418513,2.6527727
2.2336485,2.5348327
2.1877966,2.6634092
2.2813497,2.550084
2.2191558,2.519104
2.1712809,2.6895924
2.1139743,2.6991663
2.2919767,2.643975
2.1669374,2.64949
2.1786711,2.5115433
2.2509518,2.6272204
2.1514478,2.5527208
2.2345884,2.6263285
2.2164147,2.5072455
2.4882774,2.6585884
2.3859532,2.6748917
2.3302581,2.629608
2.1125302,2.5781941
2.2833257,2.6032896
2.1176198,2.5313787
2.1577806,2.6634388
2.2385714,2.59771
2.1699524,2.6191137
2.290607,2.6042957
2.100583,2.6382442
2.1332643,2.5065408
2.1289124,2.6329324
2.1081693,2.5172796
2.2545362,2.5502253
2.1116586,2.641024
2.2441053,2.6134565
2.133002,2.5889738
2.2516823,2.647984
2.204226,2.6284368
2.46609,2.5812712
2.2747016,2.5189183
2.2537186,2.5991843
2.1012769,2.62671
2.246391,2.6601763
2.1412675,2.5809104
2.1106942,2.5846949
2.2562618,2.6153688
2.1011324,2.6870623
2.2294374,2.5374782
2.1124864,2.667392
2.3763394,2.617336
2.1450531,2.6484265
2.2359831,2.59709
2.1210632,2.6049993
2.1071665,2.5661104
2.1523001,2.511144
2.4320567,2.5979145
2.2721832,2.6849291
2.1653235,2.6454394
2.1844928,2.658544
2.354794,2.6865263
2.116555,2.5548954
2.1901863,2.560327
2.2084064,2.6056495
2.2790205,2.580782
2.2443402,2.5218968
2.2463524,2.5026302
2.2784479,2.637087
2.1105433,2.6780581
2.203834,2.6722555
2.1628108,2.6063678
2.3136106,2.5430486
2.1972852,2.5129583
2.2366676,2.5036223
2.2060113,2.5400198
2.3021343,2.6795378
2.139329,2.5152857
2.3001807,2.5174112
2.1387281,2.5463843
2.2762315,2.68565
2.3735616,2.5369833
2.138952,2.5239997
2.174708,2.5167675
2.5268164,2.6788504
2.4553013,2.511096
2.2004697,2.6562295
2.201421,2.6410155
2.20098,2.6702607
2.3595161,2.6806216
2.1210456,2.698775
2.112758,2.6212473
2.1660388,2.5073245
2.133608,2.6549108
2.3481264,2.6768055
2.4787073,2.689517
2.3141177,2.533181
2.3970313,2.6164405
2.1604276,2.5324905
2.181062,2.5804007
2.159595,2.6262708
2.2078063,2.6442692
2.2537422,2.632502
2.1338146,2.6961248
2.194661,2.6967654
2.3855162,2.5700963
2.4060166,2.5756989
2.1978915,2.6881914
2.253903,2.5173979
2.3507357,2.6250105
2.319264,2.5920088
2.274454,2.6666126
2.1361153,2.546159
2.1670566,2.541154
2.2777743,2.599236
2.2016578,2.6113179
2.1634877,2.6444626
2.2003205,2.5649714
2.2178826,2.542823
2.368861,2.6762578
2.4317193,2.6355875
2.1335862,2.5071886
2.145748,2.5367439
2.2670438,2.625989
2.215715,2.539473
2.3332915,2.6189687
2.1461453,2.681857
2.2782643,2.6239603
2.2466674,2.6100855
2.424561,2.5712411
2.1745207,2.6686013
2.1327152,2.6121771
2.1600902,2.5791886
2.1994152,2.6170866
2.180854,2.5031202
2.2151515,2.6472068
2.1542437,2.548182
2.4359174,2.541059
2.166691,2.6821487
2.2065604,2.6275601
2.1785707,2.5993843
2.544799,2.6989217
2.162559,2.5272458
2.1979423,2.6168017
2.3631988,2.5834262
2.4559052,2.6309328
2.2614279,2.5590482
2.1397867,2.699133
2.1045284,2.6949654
2.1499252,2.5732715
2.1681094,2.6435754
2.1899774,2.5822303
2.1579726,2.5679173
2.3078694,2.6436
2.357884,2.609167
2.2926214,2.6545842
2.3201659,2.6457696
2.1517015,2.620805
2.103026,2.55518
2.339711,2.5502498
2.1596265,2.5228503
2.2959735,2.6100276
2.1084542,2.6535194
2.3521864,2.5435884
2.1301951,2.6928391
2.1905365,2.6619244
2.2987783,2.5659854
2.365318,2.6191232
2.3567834,2.5547116
2.426072,2.6381843
2.2085204,2.6256697
2.3525662,2.672951
2.4031913,2.594777
2.1035323,2.6066945
2.1174512,2.6524167
2.1912074,2.6880898
2.1376653,2.5158918
2.1557133,2.6871977
2.2299964,2.516569
2.470918,2.516171
2.4172769,2.5371854
2.3163605,2.6696072
2.3315964,2.6679568
2.2380993,2.5089242
2.2023053,2.5913074
2.4809327,2.5802903
2.1490731,2.5082817
2.2876358,2.6941435
2.1024222,2.634597
2.1118314,2.5772524
2.1540961,2.6578941
2.2268379,2.6097448
2.4344635,2.5234487
2.1375234,2.6837094
2.4571552,2.5555372
2.1135154,2.6973405
2.1630468,2.609752
2.209314,2.6889014
2.2882931,2.5997176
2.3988655,2.6876554
2.1419208,2.5592124
2.1498246,2.5921557
2.330828,2.6657023
2.3401835,2.5803351
2.315658,2.6248538
2.1565387,2.5048246
2.1361618,2.6740656
2.2299075,2.652571
2.1546538,2.6155562
2.1839898,2.5056813
2.2479513,2.6539025
2.24156,2.6110246
2.2561934,2.601088
2.3283849,2.5198646
2.229005,2.690612
2.4019654,2.5736911
2.1039817,2.5901756
2.1624756,2.5620155
2.3735895,2.6400259
2.3048775,2.5781224
2.447702,2.5276244
2.1719232,2.6610699
2.1911356,2.6315808
2.1147761,2.6445706
2.4656842,2.6102738
2.118074,2.5909789
2.1850634,2.6313844
2.2456012,2.68245
2.3724575,2.6090314
2.108328,2.585519
2.4672358,2.5572476
2.1013417,2.5487776
2.3072786,2.5501945
2.212226,2.6994805
2.2898526,2.6346126
2.189229,2.5761924
2.1729107,2.558239
2.336259,2.5168226
2.2631936,2.5369925
2.2223625,2.6270463
2.5021966,2.5840435
2.529271,2.586722
2.2131283,2.633324
2.1111238,2.524141
2.286673,2.6770444
2.4278386,2.6583166
2.130826,2.5057425
2.194049,2.6442854
2.216429,2.5331078
2.2568214,2.5397596
2.328401,2.5245166
2.1091034,2.5709102
2.2918384,2.60864
2.2626257,2.523272
2.1347125,2.6270318
2.126194,2.647843
2.245793,2.611982
2.3211455,2.516842
2.1211863,2.6163018
2.4988968,2.5606658
2.4402606,2.5646975
2.1710994,2.5621784
2.3538387,2.6197615
2.101628,2.6852496
2.1678522,2.5320003
2.1510327,2.552934
2.1298387,2.633383
2.161443,2.5371985
2.534687,2.5303574
2.477435,2.5119722
2.39363,2.6430035
2.3989615,2.6430035
2.1778183,2.5365336
2.2659276,2.6035306
2.2078032,2.5631924
2.1219985,2.5767052
2.2450092,2.53171
2.1447926,2.533307
2.1297188,2.6525404
2.1160579,2.617534
2.3762393,2.5030751
2.3245544,2.5377665
2.326403,2.6589286
2.367789,2.588714
2.112861,2.6586304
2.3557687,2.6217935
2.2727787,2.6243813
2.135051,2.528643
2.1292257,2.521381
2.1292627,2.5132513
2.1938539,2.5170715
2.2054427,2.6790688
2.142884,2.6679792
2.1933389,2.586207
2.2152867,2.5488372
2.1913695,2.6738598
2.1006317,2.5700562
2.1212885,2.6259801
2.4678466,2.5779994
2.3371503,2.6002767
2.210732,2.6298838
2.203813,2.569395
2.2585168,2.5405927
2.1610072,2.565754
2.3584492,2.602964
2.2261379,2.6930327
2.472789,2.6689496
2.1462812,2.5264742
2.2890153,2.5410645
2.1511965,2.5014935
2.5186887,2.555732
2.149227,2.6969194
2.1286745,2.5592191
2.1377215,2.5394106
2.3270757,2.52207
2.437174,2.650422
2.5148714,2.5382955
2.137595,2.6102822
2.1441627,2.5499346
2.4912004,2.616674
2.4459558,2.5480857
2.3839724,2.6783257
2.1152346,2.6205697
2.3144474,2.5649922
2.1599317,2.5959547
2.2826843,2.6176307
2.317815,2.6694593
2.1872725,2.6299286
2.3596935,2.5405927
2.4863963,2.6978717
2.2290342,2.654328
2.2588294,2.621766
2.1165867,2.5886621
2.1716225,2.546936
2.1624467,2.6803262
2.209391,2.6329982
2.1323302,2.5310915
2.2227857,2.6149883
2.1019332,2.6289995
2.3838522,2.521799
2.525867,2.5801952
2.39957,2.62814
2.2188113,2.5463564
2.2088847,2.6749678
2.1862993,2.593805
2.1442964,2.5704334
2.280248,2.6727169
2.1203544,2.6287472
2.1867707,2.5889719
2.246892,2.51474
2.258204,2.6134593
2.1992998,2.676623
2.1992908,2.5986655
2.4662645,2.522153
2.2733448,2.6752672
2.1387928,2.6346757
2.1498806,2.6114416
2.1888883,2.5003788
2.1106443,2.6336195
2.3815951,2.668642
2.3678925,2.51951
2.1414795,2.5791404
2.1354809,2.5787888
2.361327,2.5823143
2.1627374,2.5621367
2.167801,2.5955477
2.1367426,2.5909674
2.4273562,2.6165872
2.2370706,2.6489305
2.4214056,2.5711923
2.2762818,2.6646497
2.475042,2.5378752
2.396276,2.6625774
2.1003432,2.518075
2.1069646,2.5548456
2.3467128,2.6665199
2.2261784,2.5220292
2.2538273,2.5971694
2.2445421,2.6234636
2.1392462,2.5803049
2.2776227,2.6045291
2.2078257,2.5399468
2.471548,2.5543897
2.1438072,2.582791
2.521674,2.53698
2.3840075,2.514768
2.329575,2.539449
2.1326997,2.5033963
2.287815,2.6907878
2.2408106,2.6604035
2.1427999,2.5786066
2.349008,2.6026225
2.2731287,2.6054554
2.1948318,2.6771379
2.2154562,2.5290134
2.2779949,2.5886998
2.4114738,2.548432
2.3534896,2.5506496
2.1295135,2.5847108
2.3584802,2.573975
2.27285,2.6712148
2.126343,2.6175041
2.4247885,2.6800916
2.3667533,2.694714
2.2740562,2.5198536
2.3094974,2.694525
2.1469843,2.658278
2.4235754,2.6236293
2.1875558,2.6327927
2.2381196,2.5564847
2.3129082,2.6688204
2.321683,2.6837313
2.2037764,2.5442955
2.2549038,2.525051
2.2421901,2.5396717
2.377204,2.6861105
2.1896105,2.5511005
2.3440154,2.6105745
2.3086455,2.6624477
2.2671416,2.569153
2.2970142,2.6193912
2.4002302,2.603925
2.1155186,2.5745976
2.2638185,2.5738912
2.1684017,2.6755958
2.153676,2.6358674
2.1716437,2.6221716
2.435166,2.5326116
2.255847,2.695203
2.2145138,2.5770237
2.1864004,2.605189
2.373192,2.6572094
2.1266038,2.5012724
2.2315724,2.5601592
2.1292324,2.5235205
2.36705,2.6615837
2.3862326,2.6078966
2.1555448,2.5731056
2.5035725,2.5370312
2.249027,2.5223973
2.1406157,2.6029017
2.1320007,2.5736156
2.249459,2.5557415
2.2060883,2.5376542
2.4497035,2.5087695
2.1220198,2.6066663
2.1164849,2.6726236
2.307387,2.5641556
2.2568011,2.6608014
2.2254128,2.5398836
2.2568927,2.681295
2.1641862,2.5357084
2.2946782,2.5917304
2.1684911,2.509399
2.3102403,2.542381
2.1995811,2.5022295
2.1227252,2.6438391
2.145601,2.5848587
2.5408258,2.6505454
2.4394553,2.6244748
2.169601,2.630362
2.376219,2.6731133
2.2743776,2.5370429
2.5069408,2.537391
2.2660317,2.6149375
2.4765015,2.561293
2.4497473,2.5574577
2.135444,2.6382456
2.2200854,2.6872847
2.2104886,2.6074345
2.1060393,2.6833973
2.4416695,2.558475
2.374943,2.5754628
2.3626268,2.615082
2.5325334,2.5451853
2.1742933,2.503917
2.1172051,2.6919725
2.2622323,2.5025246
2.3393872,2.5852842
2.1676939,2.5161152
2.230197,2.6465127
2.1724977,2.5124886
2.243296,2.5238209
2.3892033,2.664029
2.3469474,2.5964394
2.3328803,2.584468
2.151696,2.6167912
2.411023,2.6678476
2.1101568,2.6156602
2.4140937,2.536449
2.1145158,2.5883589
2.5318813,2.5752876
2.164727,2.686872
2.24013,2.5835013
2.2997277,2.5066783
2.2419813,2.5832114
2.3692958,2.6025672
2.5378191,2.5530262
2.3225317,2.5992076
2.5125175,2.5117357
2.150702,2.682908
2.1548257,2.698415
2.4477627,2.5433953
2.1399455,2.6321208
2.1168735,2.5612676
2.1647692,2.5907907
2.258182,2.699687
2.1619217,2.6763492
2.1243837,2.5648265
2.137976,2.531147
2.5430827,2.6998286
2.1272857,2.5056045
2.239936,2.661823
2.3397188,2.523795
2.2718384,2.5701225
2.2163355,2.6566126
2.1414266,2.625211
2.2108552,2.6297526
2.5029006,2.5290716
2.2799735,2.692701
2.2107797,2.6597335
2.2614212,2.6786149
2.1900463,2.6460345
2.2970934,2.5852938
2.543172,2.598223
2.1076684,2.6036582
2.117668,2.6589603
2.2036395,2.5334654
2.1186738,2.5348008
2.1245642,2.5689566
2.339376,2.6559105
2.1914794,2.6317346
2.1735415,2.5721002
2.2169826,2.552287
2.2870467,2.546522
2.124814,2.6480165
2.2196374,2.5894704
2.1522834,2.5924582
2.104772,2.5714657
2.1378896,2.6878002
2.1720755,2.554958
2.2555408,2.5335548
2.1298006,2.5240297
2.2542,2.594494
2.252428,2.5029545
2.179056,2.5214145
2.1929173,2.6294146
2.1116076,2.6645203
2.280161,2.6425302
2.4093533,2.6998837
2.1170464,2.5591083
2.2889235,2.5290484
2.12099,2.6544814
2.2163835,2.5422034
2.1521356,2.6211693
2.2721405,2.603885
2.248198,2.5997832
2.5331833,2.657918
2.4916658,2.6414895
2.33126,2.5162973
2.528243,2.5103776
2.364868,2.506512
2.1791995,2.5478528
2.1641066,2.6999528
2.2509089,2.5581512
2.1513498,2.5923128
2.2371607,2.567266
2.1056993,2.5077791
2.17584,2.5033574
2.2749424,2.6856856
2.117507,2.5932102
2.3144379,2.695407
2.303083,2.51019
2.2600758,2.5449352
2.2366657,2.664889
2.3279562,2.597751
2.1418643,2.6687
2.1752791,2.5848496
2.2344775,2.6418355
2.2870538,2.5078883
2.124127,2.5598352
2.3242986,2.5210211
2.2655299,2.6959758
2.1200202,2.526328
2.2765365,2.5282042
2.173294,2.6899173
2.1294715,2.65796
2.1312978,2.5009873
2.4285738,2.6571062
2.3050041,2.5911622
2.2582912,2.5565984
2.1686184,2.5301154
2.2123916,2.5135858
2.1483421,2.6404028
2.2314131,2.6025536
2.1062324,2.555614
2.1318924,2.6931305
2.2815824,2.6547463
2.2929852,2.6278193
2.1790788,2.5285807
2.5090063,2.5027328
2.2098424,2.698545
2.1332536,2.5879722
2.2282078,2.5013893
2.5453477,2.533611
2.1676807,2.539765
2.202281,2.675608
2.2055416,2.6697025
2.13268,2.6739886
2.209763,2.5040853
2.2975636,2.5502944
2.174765,2.5786178
2.1854854,2.6438465
2.193294,2.657678
2.2935522,2.5188258
2.2801309,2.6098454
2.2800107,2.505085
2.2493088,2.5596788
2.1536398,2.5811086
2.1552312,2.5179412
2.2870507,2.66212
2.3309495,2.5366485
2.127505,2.6980278
2.1997197,2.5838335
2.3471165,2.61722
2.27107,2.6325161
2.2602987,2.5424366
2.2512553,2.5706704
2.2822063,2.5399806
2.1391742,2.6838553
2.3145418,2.541209
2.4616027,2.5126522
2.364262,2.5128844
2.2086759,2.6362731
2.2012048,2.6292062
2.110066,2.5157037
2.2996542,2.6993806
2.4156733,2.5331616
2.206436,2.5539937
2.1320214,2.6766162
2.231075,2.6120532
2.119828,2.6176064
2.1671004,2.6999059
2.1691132,2.683419
2.2481487,2.5785844
2.2360466,2.5985804
2.2057457,2.5362163
2.3435779,2.6736717
2.2206686,2.501977
2.4098492,2.5416715
2.1535645,2.6336486
2.2923691,2.5415983
2.3064156,2.5853477
2.1190686,2.5530403
2.1818764,2.5071216
2.1497347,2.639978
2.3015442,2.6055956
2.1007533,2.6337233
2.2681625,2.6755126
2.1803648,2.6413527
2.2136717,2.5086117
2.502767,2.5232072
2.1960745,2.6285393
2.2084415,2.5533504
2.1597033,2.6812215
2.2663567,2.546727
2.5032718,2.6112225
2.2460737,2.5047805
2.459628,2.6170194
2.12412,2.6508193
2.488903,2.672467
2.3913808,2.6456587
2.3528652,2.6769173
2.1239164,2.6203625
2.1490533,2.5452518
2.1559126,2.5679147
2.2932773,2.5464988
2.313853,2.5774412
2.2086682,2.5466077
2.4144008,2.5139484
2.1824396,2.6039875
2.1470346,2.6129715
2.1569023,2.5016692
2.2865162,2.5419981
2.1015823,2.6287048
2.1709871,2.6372957
2.1448727,2.696637
2.1978788,2.6586123
2.2380288,2.519848
2.128427,2.5192535
2.507844,2.628968
2.3736959,2.6763513
2.1405268,2.672811
2.1298559,2.5737412
2.1424913,2.6576843
2.162218,2.5968292
2.5495572,2.5707586
2.36551,2.5919247
2.3298914,2.6200218
2.3189802,2.6041222
2.1026807,2.5710719
2.419503,2.6848078
2.116261,2.5771635
2.1459684,2.5100565
2.219078,2.520323
2.176454,2.6506116
2.1492784,2.6489584
2.4187937,2.674163
2.1729968,2.6157825
2.2719877,2.6966012
2.4845636,2.592942
2.1173775,2.5263257
2.1758192,2.624522
2.1114435,2.6016386
2.345879,2.5467715
2.2691302,2.6750498
2.3714893,2.60512
2.4089499,2.500404
2.2876923,2.5100756
2.159778,2.6340604
2.148694,2.572434
2.1014857,2.5137281
2.1525354,2.5389922
2.4539225,2.5176392
2.1631832,2.647138
2.5381825,2.6397533
2.1669283,2.5095947
2.1712036,2.6555078
2.440726,2.5241718
2.1220944,2.5578573
2.1664934,2.6140697
2.1894267,2.627789
2.434659,2.5429332
2.1778235,2.585635
2.1049476,2.6500764
2.1160045,2.5496132
2.210543,2.5144644
2.172687,2.6979356
2.1891494,2.6955037
2.408248,2.541033
2.1843889,2.6632135
2.1325607,2.656574
2.4304786,2.5803623
2.1177726,2.521542
2.2421713,2.5126987
2.1135406,2.532232
2.3288257,2.519902
2.2352579,2.5623624
2.228291,2.6690645
2.1908026,2.5159569
2.2914178,2.5243406
2.5175326,2.6782196
2.2546113,2.6333551
2.1927872,2.5835476
2.1207736,2.6290152
2.163721,2.6012135
2.4065866,2.6673162
2.3819914,2.692996
2.1095145,2.599491
2.5150986,2.6005208
2.2061734,2.6696045
2.2932549,2.542421
2.2598205,2.6308482
2.345185,2.6553705
2.1715472,2.685902
2.310354,2.5193732
2.1174586,2.6263528
2.5157096,2.606152
2.2368853,2.558437
2.335451,2.6510773
2.1993625,2.6615763
2.1734793,2.6295247
2.1187944,2.5543308
2.2012215,2.664141
2.3179746,2.6406198
2.150045,2.5811186
2.1009703,2.6159317
2.1989415,2.535207
2.3672476,2.5735397
2.2861166,2.6825554
2.1191924,2.51203
2.1854975,2.5739346
2.1408904,2.5106316
2.5131195,2.6618228
2.1798506,2.69747
2.1375477,2.5557578
2.178923,2.5729153
2.387441,2.6920009
2.159828,2.6523168
2.4002254,2.645437
2.2247405,2.6123734
2.142525,2.5187855
2.301512,2.525405
2.2250094,2.6480887
2.1679633,2.6746945
2.4272537,2.593713
2.1183546,2.5469265
2.2763312,2.527913
2.3895135,2.6120276
2.2477455,2.6281402
2.270897,2.553684
2.1029315,2.5373323
2.1506267,2.6539843
2.1554964,2.6882403
2.1599894,2.5095978
2.1178672,2.614254
2.1451964,2.6956441
2.1217809,2.6976497
2.104193,2.5023344
2.2171526,2.6979513
2.1476505,2.5156815
2.143505,2.5526972
2.3661654,2.552312
2.137969,2.5100358
2.2422884,2.5417402
2.1764848,2.6485267
2.4055853,2.5766046
2.4083536,2.6908913
2.3633752,2.5248609
2.1095226,2.5406797
2.2820761,2.617377
2.1604648,2.671295
2.420888,2.69832
2.1598508,2.5896263
2.235834,2.567894
2.1848803,2.5142238
2.38418,2.6168437
2.2245412,2.607219
2.1944404,2.6414664
2.1061893,2.6059432
2.1182601,2.6356082
2.2896967,2.6078742
2.101126,2.6214511
2.3144865,2.5547893
2.115972,2.6850514
2.2359211,2.6033626
2.1435802,2.561301
2.1053462,2.5830653
2.2272768,2.5487173
2.1639183,2.65215
2.2529135,2.596931
2.4766445,2.5076528
2.290392,2.6694386
2.1011682,2.5350673
2.3121207,2.6761563
2.5018759,2.660369
2.1666446,2.627767
2.13311,2.533826
2.3586447,2.6778517
2.334965,2.5173473
2.1254668,2.505039
2.4890652,2.5537477
2.2244818,2.6907582
2.1368732,2.5629807
2.2102983,2.5121498
2.3033762,2.6640368
2.20471,2.581557
2.2511423,2.6358278
2.2553349,2.560453
2.3169904,2.5672717
2.227432,2.611347
2.1766129,2.5309882
2.145168,2.6338506
2.133909,2.5111518
2.1301818,2.6604915
2.2943065,2.5554428
2.3259609,2.6027508
2.1057258,2.5481522
2.1284318,2.6775782
2.244935,2.537426
2.1339655,2.5213342
2.2965927,2.541972
2.240854,2.6683218
2.2070353,2.6451898
2.3145945,2.6517377
2.1160226,2.589523
2.2512014,2.5509553
2.1608968,2.583466
2.2794,2.5880303
2.219456,2.6650004
2.1517293,2.5186746
2.2683733,2.6917508
2.2755983,2.6951163
2.3251328,2.670856
2.2744489,2.588188
2.1801028,2.644333
2.221848,2.529927
2.2011712,2.6555166
2.2444947,2.5511854
2.287478,2.6091104
2.1827974,2.5313182
2.2038212,2.5114377
2.1568265,2.553603
2.175619,2.5227797
2.357101,2.5451257
2.3592057,2.6534905
2.2721338,2.5032172
2.324753,2.6374218
2.1442454,2.5729444
2.4302309,2.5239906
2.3336377,2.5849557
2.3465645,2.6958666
2.3564315,2.5904815
2.3606718,2.6701405
2.277576,2.522047
2.254929,2.6066642
2.1299143,2.6770468
2.345958,2.5940912
2.3199449,2.601637
2.135694,2.5560184
2.3054547,2.5686219
2.1246998,2.5124156
2.1014397,2.628437
2.2001941,2.5029662
2.2195284,2.52713
2.1117795,2.6372943
2.1386888,2.5400014
2.4132764,2.623459
2.1308331,2.6053588
2.1584878,2.5083811
2.220885,2.6137843
2.1531706,2.5962236
2.2589686,2.5556374
2.4132497,2.5457795
2.3025208,2.5890067
2.2000163,2.5218217
2.1652281,2.6886334
2.1631258,2.5429196
2.1141899,2.6190898
2.1758938,2.6491592
2.4901383,2.6193953
2.3104231,2.6747696
2.2219045,2.537135
2.1259089,2.626178
2.1298113,2.5020487
2.1017087,2.6124237
2.293283,2.6462882
2.2651665,2.6586533
2.1159213,2.6330829
2.1843536,2.6917713
2.1064239,2.5948627
2.2282453,2.5431514
2.1710837,2.5304894
2.2600582,2.5146053
2.5314379,2.6457891
2.407125,2.502707
2.2056026,2.5506983
2.3015192,2.58369
2.3157253,2.5269442
2.2710705,2.5335932
2.44609,2.5204573
2.393318,2.552724
2.3416197,2.5466685
2.3633554,2.5870602
2.1458108,2.6592402
2.1853628,2.6995826
2.180166,2.6090617
2.12712,2.5241148
2.4799576,2.516334
2.1240716,2.5026152
2.302169,2.652285
2.1368659,2.5865889
2.1702359,2.5411155
2.449173,2.680136
2.3278103,2.5110636
2.1344333,2.6205034
2.1461945,2.5788999
2.220316,2.5467255
2.3663948,2.513258
2.168726,2.6594908
2.2381282,2.5269988
2.3356524,2.5248716
2.1682875,2.622334
2.294163,2.5682223
2.1475153,2.5088747
2.2934794,2.639101
2.4487326,2.5230675
2.2073064,2.5467746
2.3005252,2.505005
2.187024,2.5346773
2.1111062,2.6268957
2.4144268,2.572177
2.1512072,2.5241766
2.1102076,2.5928516
2.5303464,2.647946
2.1215441,2.6714115
2.3836398,2.583448
2.4650183,2.6714578
2.1781673,2.6801867
2.480964,2.6025515
2.1715488,2.5631807
2.4729638,2.6834884
2.245887,2.5235386
2.3615386,2.6925359
2.1062834,2.6760652
2.2530575,2.5647054
2.2460632,2.5901105
2.3141544,2.5531063
2.120453,2.510854
2.1439946,2.5478709
2.1355636,2.6840355
2.105709,2.5172064
2.5369332,2.6775424
2.2886076,2.567199
2.1468155,2.619011
2.1133583,2.6226869
2.3531902,2.593391
2.120723,2.6630974
2.369859,2.586507
2.320439,2.627046
2.264854,2.6162167
2.32716,2.6987739
2.1032348,2.633983
2.2103236,2.5745208
2.2795825,2.5374324
2.1172867,2.6376624
2.1274004,2.6148226
2.163951,2.6343079
2.1061182,2.5766397
2.3839083,2.6563127
2.4687889,2.536524
2.1457288,2.624263
2.2440186,2.5833316
2.1328604,2.5910726
2.4116542,2.5882027
2.1357768,2.5580313
2.28653,2.6486893
2.1018538,2.578257
2.1199002,2.694016
2.205967,2.6838906
2.1076543,2.6333108
2.335665,2.632511
2.1351085,2.6597373
2.2307227,2.6741173
2.52908,2.565775
2.5221472,2.625135
2.2797413,2.5220592
2.2010605,2.5321689
2.302397,2.5707335
2.54359,2.6447446
2.1832767,2.6928875
2.1357975,2.5208256
2.1011994,2.5691507
2.3613474,2.5048127
2.1218011,2.6940122
2.2528555,2.5736954
2.1038365,2.5178502
2.3993158,2.5185056
2.3474162,2.5235364
2.1363873,2.5839195
2.4245934,2.6392012
2.1642282,2.5024683
2.1772587,2.6805007
2.4144144,2.6568804
2.1641836,2.5184605
2.1467452,2.6307092
2.1082897,2.6085322
2.110977,2.6987977
2.3225865,2.5571089
2.1577787,2.5731616
2.1217272,2.5397243
2.154388,2.6656299
2.210445,2.6970177
2.3720832,2.537415
2.2083688,2.5480177
2.4164784,2.5700161
2.2526586,2.504469
2.169242,2.5086915
2.4664137,2.5088546
2.486071,2.5957508
2.4843268,2.5167093
2.262785,2.684735
2.2934651,2.538967
2.2533202,2.6477225
2.2393978,2.6275647
2.298574,2.5369663
2.1463053,2.5261858
2.142923,2.6787086
2.2302704,2.574797
2.1131334,2.5011847
2.1236925,2.6593275
2.115672,2.6819878
2.1629446,2.602256
2.2517343,2.5243416
2.250818,2.5951645
2.276641,2.582605
2.103539,2.5199423
2.1153762,2.6972258
2.1658454,2.5160155
2.2502093,2.500219
2.1075964,2.6185071
2.2139835,2.511872
2.112272,2.5344734
2.117375,2.5162377
2.1036465,2.6360428
2.2578952,2.659003
2.1739962,2.5667448
2.2563446,2.514582
2.4076195,2.6420965
2.23919,2.5466921
2.100806,2.5714993
2.138529,2.6655915
2.2048922,2.6010778
2.508646,2.5912313
2.1560283,2.6803722
2.2436495,2.680753
2.509937,2.5268095
2.2629993,2.6381161
2.1366103,2.6760101
2.1079602,2.5293298
2.136621,2.5999496
2.1081426,2.531853
2.1034865,2.6442978
2.1899989,2.5031388
2.4393008,2.545034
2.4312816,2.6753402
2.5465112,2.6419485
2.4235852,2.632343
2.187619,2.6011794
2.1176972,2.666605
2.2528334,2.5069144
2.1195498,2.5673776
2.519891,2.5664566
2.4115202,2.5334618
2.2020142,2.6601107
2.159115,2.6408775
2.1118224,2.6544363
2.2481778,2.6504285
2.1201432,2.691143
2.3943229,2.5092356
2.3308372,2.6788244
2.3149207,2.633806
2.3051505,2.5024397
2.1687648,2.6184413
2.2505753,2.553674
2.1534648,2.635609
2.1348782,2.640682
2.1220527,2.647189
2.153495,2.614033
2.155942,2.6081095
2.5410786,2.5548801
2.1519692,2.613332
2.2162998,2.5177717
2.364105,2.654718
2.121195,2.6100953
2.1586013,2.504424
2.23019,2.5767343
2.4988558,2.558044
2.3532808,2.5313542
2.2379422,2.599811
2.1827736,2.5508993
2.1088426,2.6662505
2.2927108,2.5959263
2.2576256,2.6448424
2.1751006,2.6931963
2.1604059,2.520266
2.240808,2.6632314
2.1910279,2.6840653
2.118128,2.5338883
2.134968,2.5323243
2.388172,2.6568651
2.1275218,2.5373607
2.1811757,2.6453316
2.4539301,2.5333254
2.2397342,2.533869
2.1609888,2.669254
2.365971,2.6213856
2.3945088,2.5518386
2.1876836,2.6942904
2.4670503,2.5787737
2.116607,2.597108
2.1618629,2.5360808
2.306593,2.6684775
2.549701,2.6123126
2.2440138,2.577073
2.103545,2.626703
2.172973,2.5896516
2.2142472,2.6206133
2.120689,2.5386863
2.1168504,2.5696793
2.4466987,2.5443628
2.205976,2.5467088
2.1730182,2.6727037
2.25507,2.5616114
2.361577,2.6902719
2.1979651,2.509177
2.1984634,2.5300813
2.1511426,2.6113505
2.173221,2.6549084
2.1753125,2.5244925
2.332301,2.561204
2.2715447,2.684332
2.1890059,2.556243
2.5492792,2.566799
2.1109848,2.61289
2.407495,2.5816891
2.3740556,2.5514185
2.4560235,2.5235553
2.1789,2.61447
2.1320236,2.5737386
2.4198208,2.5397983
2.2436345,2.6523592
2.549895,2.642847
2.2380214,2.6010203
2.1079705,2.6382296
2.2858446,2.6540504
2.2256973,2.6997297
2.2059085,2.6492991
2.1434581,2.5132256
2.1499994,2.6357038
2.4763966,2.5042484
2.2845883,2.680489
2.5474687,2.5506082
2.2806263,2.588446
2.3205345,2.5178545
2.268461,2.6206822
2.2551024,2.6037428
2.2892764,2.6936803
2.3067577,2.562051
2.222974,2.661288
2.2255409,2.5959983
2.1091423,2.6534677
2.1121511,2.5975707
2.1062808,2.518449
2.160311,2.5848243
2.414676,2.6873236
2.1025836,2.591448
2.2644706,2.5868223
2.1712756,2.6948485
2.1499107,2.6797934
2.1044831,2.5970004
2.410843,2.5346851
2.120195,2.662069
2.1852276,2.6625814
2.3323627,2.5934315
2.2509944,2.536753
2.295195,2.6647983
2.3631103,2.507458
2.1274295,2.523274
2.3282225,2.5639758
2.164556,2.6098962
2.296204,2.5254889
2.1055152,2.5487018
2.4402926,2.580606
2.3446717,2.594716
2.33865,2.6867561
2.3139346,2.523726
2.118757,2.6344702
2.1429627,2.6916454
2.1382976,2.6858459
2.102302,2.500716
2.3188286,2.667258
2.3437326,2.5240831
2.21309,2.6842747
2.1963453,2.686077
2.1743426,2.5265107
2.2004657,2.659248
2.213306,2.6487591
2.231429,2.6132505
2.4433265,2.5516894
2.1520562,2.6373317
2.5368934,2.6768982
2.114111,2.6296716
2.1816769,2.5600834
2.1006963,2.5588324
2.2460363,2.5403662
2.2945817,2.6950214
2.1638153,2.5265667
2.2403173,2.6330135
2.4464173,2.5127904
2.5174472,2.5427806
2.1865897,2.535296
2.1258109,2.63246
2.2237122,2.6620727
2.2531924,2.6195526
2.204719,2.53846
2.2586393,2.6292725
2.1040614,2.6467795
2.233414,2.6063602
2.1879742,2.603422
2.1147532,2.509543
2.3627522,2.6103125
2.1064923,2.5103061
2.3277173,2.6659591
2.391462,2.5960171
2.2980428,2.5958614
2.1387825,2.64251
2.1364079,2.5027332
2.299883,2.6382923
2.2005155,2.6662185
2.1345863,2.5714097
2.188239,2.6544104
2.1635609,2.5319793
2.3707774,2.5123475
2.2469954,2.6560297
2.2718396,2.5375662
2.3499093,2.5225358
2.377042,2.5436664
2.4461174,2.6751814
2.3144825,2.5915792
2.2446303,2.6056955
2.358072,2.6318738
2.2498233,2.6594791
2.410295,2.5941162
2.2317073,2.521528
2.2528803,2.5113385
2.450361,2.5747693
2.4306788,2.6283102
2.1199925,2.5845451
2.1220577,2.6095183
2.2370393,2.5348659
2.2716627,2.5002823
2.2073472,2.523831
2.128607,2.6477404
2.1078293,2.530484
2.2606995,2.6743376
2.3192844,2.5277674
2.2583857,2.5013356
2.2901108,2.5971706
2.2493067,2.505666
2.1547747,2.6022203
2.1322122,2.6219525
2.5288086,2.6419492
2.1217291,2.6460123
2.2881908,2.5049744
2.1477556,2.6625533
2.1083274,2.679117
2.2982051,2.6436417
2.4080625,2.531887
2.1240995,2.5551815
2.1253748,2.5155118
2.4284143,2.563508
2.1084738,2.5700088
2.16414,2.6315286
2.1073132,2.5700479
2.2787218,2.630796
2.1129284,2.588012
2.2476323,2.6371405
2.1831672,2.6206748
2.2763894,2.660929
2.4594688,2.5999522
2.1886613,2.590042
2.3605537,2.655872
2.3458326,2.5841897
2.173071,2.5507717
2.1041567,2.628053
2.4930384,2.5624654
2.520142,2.6076014
2.1577144,2.5024772
2.1300886,2.5979395
2.11883,2.5522313
2.1659133,2.595781
2.1870265,2.6407995
2.1560807,2.5648026
2.1474612,2.618969
2.1987877,2.5858977
2.4523566,2.6048982
2.2556472,2.5278041
2.104067,2.565284
2.1559618,2.6458967
2.2643034,2.643717
2.185504,2.6280181
2.158632,2.5035741
2.3847718,2.6979637
2.2809618,2.5557876
2.2004848,2.5354593
2.282695,2.6356509
2.1168888,2.694125
2.45599,2.6975968
2.403849,2.6506176
2.1623523,2.674514
2.2653713,2.5284598
2.21154,2.6926248
2.1584451,2.6488175
2.259576,2.5396554
2.1455035,2.5159347
2.2512295,2.642753
2.4356456,2.5068858
2.2446628,2.5635934
2.174937,2.676392
2.1588995,2.569095
2.367261,2.5927856
2.1876986,2.5775146
2.1470337,2.6682632
2.4855032,2.5307074
2.2390718,2.6444125
2.2652814,2.6778476
2.1068149,2.513566
2.1640975,2.5279272
2.317575,2.6647396
2.179227,2.66385
2.224333,2.6706624
2.3412645,2.5728185
2.4480298,2.5367568
2.1395023,2.6267438
2.178145,2.605699
2.1530848,2.5821068
2.1108167,2.5730371
2.169149,2.5989277
2.1397026,2.6138368
2.1172972,2.5011926
2.215077,2.5235603
2.1754172,2.6806035
2.2847657,2.534192
2.4282143,2.538574
2.2530077,2.5205672
2.271665,2.6576924
2.4769466,2.6822531
2.208332,2.5018275
2.2025597,2.504343
2.1028461,2.6016142
2.4731972,2.6541228
2.111367,2.6606636
2.205565,2.5767624
2.4226015,2.6971562
2.171923,2.5113413
2.288965,2.6802673
2.269884,2.514432
2.1673958,2.6620326
2.2345457,2.6109245
2.2301037,2.5153258
2.1648111,2.6782675
2.327105,2.57074
2.339347,2.6652262
2.2314003,2.5817556
2.3375838,2.5728161
2.111252,2.6662507
2.2149682,2.5473533
2.2621753,2.5845296
2.2949293,2.593223
2.1432445,2.5558596
2.1963012,2.5996306
2.403338,2.6450174
2.1067736,2.6509461
2.1268306,2.5930293
2.1178148,2.5262883
2.4067163,2.6563523
2.287374,2.6383166
2.5128565,2.6856039
2.2682736,2.6292136
2.1577876,2.6358984
2.1928077,2.6034594
2.103978,2.6582696
2.3414562,2.564945
2.3368278,2.5243082
2.3296003,2.5036025
2.1964753,2.6399395
2.144549,2.5144455
2.204645,2.6321208
2.1814458,2.6259289
2.1828086,2.623062
2.4630015,2.5490615
2.1712391,2.5155265
2.2638884,2.57793
2.2028787,2.553241
2.1253405,2.5339367
2.3546999,2.594859
2.1864135,2.6324613
2.3429735,2.6081598
2.3666115,2.5833533
2.1053162,2.6170912
2.347439,2.5968184
2.201536,2.6904168
2.1633334,2.5874183
2.1174476,2.51722
2.209351,2.6516645
2.4817176,2.5174236
2.1214066,2.5343232
2.141925,2.548391
2.5000126,2.517651
2.2796664,2.6406615
2.2094848,2.685441
2.1331513,2.5363877
2.1161666,2.6468086
2.215227,2.694631
2.2537417,2.5970316
2.2644117,2.6450188
2.2483914,2.6437
2.2106318,2.6813223
2.2603176,2.547069
2.1373098,2.552762
2.4287522,2.5740414
2.1662183,2.5670805
2.1914651,2.5084074
2.146787,2.5285568
2.2281144,2.554532
2.250361,2.6097262
2.3145156,2.549218
2.1659448,2.6239264
2.1574445,2.6017945
2.266536,2.6425045
2.2611585,2.539622
2.2675965,2.6322434
2.3445518,2.5580988
2.1177783,2.6894999
2.3622046,2.600932
2.1114998,2.5992622
2.1206403,2.5103776
2.2581851,2.6715229
2.3176234,2.5417879
2.1374345,2.5350196
2.1635587,2.694018
2.2179549,2.5099382
2.1457474,2.5668402
2.2200255,2.5770354
2.3114142,2.5303273
2.5322852,2.5492377
2.2158685,2.628078
2.1256137,2.504781
2.1949313,2.513652
2.1730194,2.502358
2.2079635,2.5437574
2.119017,2.6254306
2.2919905,2.629587
2.3010166,2.5783522
2.2916932,2.6781244
2.1041558,2.5217905
2.1972113,2.6494522
2.311133,2.6303868
2.263798,2.5830007
2.2254548,2.5113482
2.1510396,2.5711362
2.149765,2.631238
2.2673566,2.5178547
2.1865284,2.6881568
2.3206065,2.5088668
2.1440623,2.6694167
2.1815886,2.5219405
2.3446918,2.5538752
2.2907329,2.549803
2.1237204,2.6549847
2.390359,2.5938969
2.1167445,2.6271737
2.1482358,2.542396
2.1485755,2.5309875
2.2197897,2.5807796
2.400083,2.656222
2.4836047,2.580123
2.1689947,2.6422493
2.2305477,2.6121585
2.121052,2.5892766
2.140488,2.5248528
2.1712883,2.5574667
2.3885531,2.6486843
2.1428928,2.6113846
2.1515996,2.5535824
2.1141195,2.5610504
2.278746,2.5693758
2.1903722,2.6977265
2.4625027,2.6469576
2.125593,2.535776
2.2297382,2.5287046
2.1821766,2.531175
2.1029618,2.5217667
2.1828578,2.5162551
2.1045837,2.551514
2.459915,2.67214
2.1960955,2.5151765
2.331189,2.596005
2.2717485,2.6512973
2.1237597,2.5435686
2.2483532,2.5749474
2.1938596,2.6400824
2.2775905,2.6325538
2.4659543,2.540533
2.3469539,2.5794833
2.3015099,2.6768434
2.323077,2.5544872
2.1963046,2.5447776
2.3871558,2.6946168
2.378024,2.52013
2.1637528,2.6663942
2.5355458,2.613042
2.1696618,2.6301978
2.1563118,2.5393322
2.17841,2.5672264
2.1975913,2.635512
2.4709318,2.5180695
2.2186732,2.6934257
2.1751184,2.6990318
2.2692416,2.6377153
2.1039827,2.5749264
2.1930206,2.6023076
2.1110003,2.6120424
2.413736,2.5614178
2.5185993,2.5758
2.1617715,2.6895094
2.2321043,2.6185977
2.4530497,2.5142171
2.1395047,2.5455446
2.4317822,2.5240726
2.1401293,2.6000924
2.2052085,2.6315248
2.1701314,2.6150095
2.1526992,2.680931
2.237268,2.635509
2.2010703,2.5022671
2.2749279,2.5058405
2.216353,2.5038524
2.2956572,2.6304977
2.3289704,2.6826773
2.1529882,2.500695
2.2384362,2.6251311
2.1772206,2.6408648
2.1967556,2.527448
2.223349,2.674912
2.4246244,2.6392872
2.1111243,2.5232184
2.1475098,2.614747
2.136541,2.6439776
2.117267,2.558387
2.1553237,2.5440176
2.1050658,2.5435162
2.3556025,2.5825577
2.1142924,2.541578
2.314218,2.6887498
2.2417617,2.558239
2.1865106,2.6280136
2.3718169,2.6372912
2.2445254,2.6611204
2.1898525,2.6026816
2.158964,2.521122
2.129771,2.6690137
2.125787,2.6244214
2.2010837,2.6829727
2.2123878,2.6680493
2.2078395,2.6852586
2.322053,2.6269336
2.2576804,2.6237478
2.1485689,2.629606
2.1013834,2.663496
2.1629972,2.6727815
2.5039036,2.5327272
2.2213624,2.5381894
2.1952674,2.5321596
2.1528118,2.5479813
2.164584,2.5291936
2.12423,2.6974277
2.1695452,2.675026
2.168084,2.6623015
2.1031427,2.6477234
2.44314,2.6531992
2.167653,2.5416465
2.2206426,2.665012
2.1275215,2.5625582
2.4384599,2.636498
2.2224295,2.5226543
2.1250134,2.6785612
2.435547,2.5270138
2.138587,2.6943142
2.1927938,2.5958955
2.1716304,2.5441566
2.2213542,2.6835635
2.103924,2.5201387
2.246894,2.5309904
2.29189,2.611123
2.2135754,2.647968
2.1694267,2.551529
2.194675,2.631814
2.29406,2.565968
2.365687,2.5744412
2.212419,2.6999326
2.2488925,2.538682
2.452725,2.5124044
2.2720106,2.5212939
2.1938603,2.6127784
2.223327,2.5538325
2.1938717,2.5413363
2.283002,2.6217976
2.4902325,2.6339717
2.143439,2.5624924
2.281301,2.6895175
2.3783116,2.562126
2.1371026,2.566647
2.2503777,2.5293682
2.2883875,2.5148442
2.324705,2.5015264
2.1531625,2.5849323
2.4171875,2.584658
2.4728374,2.5183632
2.1387308,2.6401737
2.1356902,2.5486825
2.314747,2.6857653
2.501537,2.5616374
2.139335,2.6544178
2.3998883,2.5992746
2.2936552,2.581446
2.442385,2.6090765
2.2899265,2.6696327
2.2081516,2.6806173
2.1672275,2.575646
2.1370802,2.694763
2.3573837,2.6043005
2.176208,2.5613787
2.2255218,2.6041455
2.2921398,2.604722
2.1015108,2.5629299
2.3074968,2.685956
2.2825842,2.6420434
2.1343462,2.6587443
2.1388881,2.5937612
2.2353077,2.591632
2.3275208,2.5926476
2.1101952,2.6703167
2.1471045,2.6960154
2.1107583,2.6436613
2.4682443,2.5518909
2.1458242,2.6363406
2.307264,2.6901011
2.274002,2.5070336
2.1895616,2.5827603
2.3286457,2.5495992
2.3328307,2.5023105
2.5035062,2.5432024
2.1477466,2.5496721
2.1203,2.513927
2.4272714,2.6947188
2.2100809,2.6767776
2.1469598,2.527237
2.5490181,2.544491
2.2197084,2.5091813
2.2470214,2.5840597
2.1278133,2.6787906
2.1287515,2.5743423
2.3072002,2.6410189
2.192172,2.6102421
2.1288843,2.5045495
2.1758683,2.5809958
2.1201367,2.6782057
2.3231463,2.659573
2.1693375,2.6547484
2.219676,2.5010421
2.2529156,2.6718426
2.3000479,2.588794
2.1473315,2.5046196
2.284987,2.5393937
2.2479794,2.6108665
2.2012947,2.6517916
2.1713345,2.5221298
2.5340707,2.6021416
2.1901758,2.5768104
2.40391,2.6480863
2.1735687,2.680749
2.3296535,2.6941845
2.101661,2.6356423
2.1452343,2.696973
2.1132817,2.595256
2.1448724,2.520732
2.2161002,2.6572309
2.3320527,2.5247781
2.462512,2.5495298
2.1065295,2.698968
2.1734073,2.6790416
2.3128965,2.5698183
2.386946,2.6342463
2.2563748,2.5632663
2.149742,2.5496726
2.4698646,2.5131927
2.149933,2.5724425
2.1745403,2.6557918
2.1618836,2.5331552
2.5362787,2.6415331
2.240659,2.5972502
2.2859879,2.5518525
2.2473562,2.6404154
2.209898,2.6323862
2.1487405,2.5041394
2.2602975,2.592
2.1539977,2.558166
2.205257,2.5522525
2.4063303,2.5355833
2.243137,2.5156038
2.2240555,2.5309007
2.3753846,2.5714931
2.2739193,2.512389
2.2939863,2.6175513
2.4766605,2.6910856
2.4432988,2.6044288
2.1739216,2.6552408
2.4423447,2.5352743
2.1625473,2.6749198
2.1983323,2.5054696
2.2929175,2.5014777
2.1930747,2.6024678
2.3958957,2.501064
2.1088252,2.5586174
2.4156024,2.579521
2.5096753,2.5755365
2.466487,2.5300565
2.3241363,2.6431477
2.3586857,2.5210452
2.2517073,2.5760279
2.1734607,2.6397634
2.3562622,2.523674
2.2874508,2.5839555
2.2958791,2.6643739
2.416392,2.5173512
2.2188804,2.5571854
2.1517544,2.6144402
2.126945,2.6666818
2.3048272,2.5611773
2.3327398,2.6417785
2.1278534,2.6211805
2.1463094,2.6629934
2.111777,2.6537945
2.2031925,2.5755055
2.2048914,2.5465362
2.1799197,2.5600014
2.232277,2.5226986
2.2647202,2.5297449
2.2234964,2.5047212
2.177507,2.5422795
2.1992373,2.5507817
2.3144724,2.669118
2.149169,2.597046
2.1231842,2.5378895
2.1170895,2.530418
2.1327593,2.5743577
2.2047048,2.6461997
2.2553353,2.511583
2.5200734,2.6366243
2.2970917,2.6811624
2.144861,2.5850039
2.100974,2.5473945
2.3474338,2.6263618
2.1871703,2.6459677
2.2825375,2.5285308
2.1097906,2.5425715
2.3915024,2.5268078
2.1322033,2.5365088
2.5353703,2.630905
2.2796638,2.5772953
2.286684,2.5989037
2.4347029,2.5766416
2.2533913,2.6123013
2.36021,2.5510666
2.115301,2.5825284
2.1569474,2.5705404
2.3259978,2.6180835
2.1908154,2.542906
2.2865295,2.5129669
2.3683765,2.5967908
2.332945,2.6234956
2.1115627,2.6220088
2.4453673,2.5789828
2.2748525,2.6441715
2.1040792,2.654058
2.1855886,2.512345
2.3746676,2.6929123
2.146801,2.6542113
2.161731,2.5400496
2.2829375,2.5206592
2.108558,2.6700644
2.2231057,2.5176716
2.216712,2.6792881
2.1541567,2.5649912
2.40632,2.5392256
2.5149279,2.5183742
2.1033387,2.522475
2.2397108,2.698885
2.1371982,2.594421
2.4406857,2.5928445
2.2942555,2.5306678
2.1308393,2.6967165
2.1109931,2.631121
2.1735482,2.661575
2.3128345,2.5036132
2.2350368,2.577687
2.2489634,2.5407975
2.3752813,2.6119232
2.357766,2.6194177
2.209296,2.515218
2.3268719,2.604466
2.3055358,2.524641
2.382653,2.5324705
2.5016959,2.5876732
2.4114373,2.594641
2.3448868,2.644471
2.3831904,2.6655972
2.279027,2.5070205
2.1225326,2.6160731
2.1345065,2.5838313
2.4010699,2.6234617
2.3633583,2.5384345
2.298136,2.6674578
2.2674205,2.6312706
2.409246,2.5437663
2.2320533,2.576231
2.2693312,2.538894
2.2754965,2.524873
2.2249444,2.633097
2.191644,2.5335765
2.30747,2.5452852
2.2888918,2.67402
2.1402826,2.6645222
2.1102216,2.5636163
2.1007864,2.6760948
2.1395316,2.544716
2.4240015,2.661603
2.2425985,2.5959494
2.4017007,2.6112897
2.2168896,2.6957376
2.2785645,2.546253
2.1956952,2.6500149
2.4604092,2.5442858
2.3198864,2.6890109
2.401544,2.503003
2.139891,2.667383
2.2676399,2.5398576
2.2604513,2.6091838
2.2079754,2.5394874
2.2061,2.606173
2.165482,2.688611
2.1919956,2.6124134
2.236876,2.5245478
2.2077203,2.5951223
2.3821018,2.6938791
2.1121528,2.5684147
2.261494,2.5628722
2.1596065,2.5957153
2.1979027,2.5636418
2.1785762,2.584811
2.1059384,2.6492863
2.301301,2.5198088
2.1334174,2.584024
2.212381,2.5765386
2.2165182,2.6892154
2.3462443,2.5395267
2.1631196,2.5469863
2.4292924,2.6379914
2.1419942,2.55793
2.182428,2.5102842
2.387464,2.6631954
2.3963573,2.6428945
2.1325777,2.5340512
2.162772,2.5056484
2.1892076,2.5898442
2.1672633,2.5019326
2.4541504,2.5937593
2.294349,2.63999
2.150131,2.5215116
2.1535125,2.5329173
2.2417433,2.5462544
2.3111427,2.6484146
2.130908,2.551786
2.4595203,2.5734947
2.2313054,2.6731603
2.3156106,2.630503
2.3716743,2.5854216
2.154953,2.5007505
2.2231708,2.6724265
2.1228232,2.6738882
2.1445897,2.6257129
2.13686,2.5341113
2.2366006,2.565905
2.1539705,2.5452163
2.4078012,2.6573157
2.178094,2.6826532
2.1047199,2.6748502
2.3117945,2.5223215
2.2334046,2.5924091
2.479221,2.603901
2.124829,2.6771672
2.1445215,2.5935788
2.1726115,2.5369701
2.3744395,2.5173645
2.280195,2.6748073
2.3649917,2.6273055
2.149896,2.6744063
2.3568397,2.5209363
2.3686996,2.6808028
2.150303,2.5392277
2.510778,2.579373
2.1476338,2.5250826
2.272265,2.6234426
2.2494345,2.678279
2.528054,2.5677025
2.3223534,2.6868985
2.4324617,2.5097764
2.1648512,2.6565669
2.459864,2.6820626
2.4340272,2.685646
2.3868172,2.52561
2.3993714,2.697065
2.1057446,2.5071816
2.1231773,2.531637
2.3545165,2.5295289
2.1441064,2.6347349
2.3369389,2.6796813
2.2058363,2.6031435
2.1469893,2.5860417
2.4335525,2.5576718
2.3497903,2.553791
2.1944234,2.5044544
2.4103894,2.5977926
2.1065593,2.5427217
2.1235287,2.6755188
2.198336,2.5549276
2.2308223,2.5117102
2.198318,2.5600758
2.452337,2.6168756
2.272548,2.698148
2.1461937,2.6928263
2.2722125,2.5112627
2.200021,2.59842
2.3104486,2.569613
2.292547,2.628133
2.504524,2.649878
2.1549518,2.5628242
2.207233,2.6958017
2.4125884,2.6701508
2.2432902,2.5918934
2.306258,2.5684123
2.123415,2.5700803
2.412412,2.548815
2.114941,2.5200453
2.1466184,2.633449
2.3235004,2.591428
2.282708,2.5055501
2.3093941,2.661455
2.4872627,2.5412126
2.2604375,2.6656752
2.2453473,2.530339
2.2339528,2.5618227
2.1075902,2.51293
2.1920426,2.6494894
2.2946165,2.6944907
2.2690902,2.561802
2.151304,2.566535
2.265816,2.5199044
2.5015929,2.6654196
2.194308,2.5315793
2.4030478,2.6129537
2.3881729,2.5423725
2.152212,2.6107416
2.1241627,2.5509918
2.2308736,2.5109396
2.2461848,2.587419
2.2956293,2.5142925
2.2153976,2.5368998
2.1443071,2.6789408
2.2761188,2.5939033
2.3898375,2.546127
2.2266061,2.653965
2.1093607,2.534167
2.3269558,2.6539416
2.2161539,2.6634412
2.495131,2.6010725
2.332926,2.5570521
2.3127134,2.5263882
2.2250934,2.6044145
2.4019942,2.5021336
2.4211628,2.6635072
2.277834,2.5399554
2.3689363,2.576121
2.513357,2.6414828
2.1650946,2.5350146
2.4930716,2.6508858
2.2282822,2.605348
2.151644,2.5904882
2.2467341,2.5590189
2.1451628,2.5110173
2.2454002,2.602979
2.1467063,2.6301274
2.2139165,2.612542
2.3327591,2.620271
2.313028,2.540761
2.1666477,2.5826073
2.3640997,2.516772
2.2458382,2.5518413
2.2123337,2.6456542
2.4102073,2.6848426
2.3719556,2.6308815
2.4392564,2.5767918
2.1150851,2.6421955
2.226726,2.6941936
2.15788,2.5119467
2.211235,2.6110592
2.1484878,2.599669
2.153226,2.526749
2.1135397,2.5589023
2.1001878,2.527559
2.3148415,2.6861663
2.1839566,2.5438273
2.3278131,2.5924132
2.1064718,2.6253393
2.1535316,2.6616256
2.3100233,2.5960865
2.2011607,2.602116
2.2349157,2.6967568
2.1394947,2.5456307
2.1184738,2.6971164
2.2660012,2.6801596
2.4150832,2.6973553
2.1462855,2.6446424
2.10254,2.5441003
2.1522434,2.6881526
2.1085913,2.5932596
2.3128061,2.6171203
2.1820183,2.6462212
2.144688,2.651723
2.2773197,2.580803
2.221586,2.5567324
2.157945,2.534195
2.1087012,2.650562
2.1065493,2.5287337
2.4524179,2.5855136
2.524703,2.6479907
2.409479,2.6412325
2.2002528,2.6213648
2.1013086,2.557748
2.4892778,2.671055
2.1243825,2.5797398
2.256953,2.5714395
2.2944806,2.6011922
2.2578862,2.6011922
2.4380133,2.6525602
2.2327635,2.5718746
2.2476623,2.6846511
2.386971,2.5412478
2.1049352,2.601168
2.113979,2.5396037
2.2534473,2.5390532
2.4769564,2.5561106
2.4858775,2.697386
2.299121,2.5641196
2.1110141,2.6551907
2.1411102,2.518269
2.5276744,2.6490145
2.123621,2.5219405
2.318703,2.5302043
2.367503,2.5139105
2.1479728,2.679738
2.4747932,2.6652884
2.4277937,2.5589583
2.3047132,2.5364358
2.1958802,2.6226914
2.2347636,2.6526263
2.112652,2.6393085
2.3616507,2.5265067
2.160287,2.691986
2.396397,2.5034132
2.230801,2.6622553
2.497194,2.626638
2.4920928,2.541479
2.1484509,2.5753298
2.1169677,2.6269002
2.2729733,2.553744
2.4922247,2.6597736
2.1922662,2.5543258
2.4328594,2.6954484
2.1448977,2.5136626
2.1552045,2.6145957
2.325916,2.644426
2.1021085,2.6569862
2.4277298,2.6700618
2.2120013,2.515731
2.3402088,2.5868092
2.141756,2.6630273
2.104916,2.510549
2.4306223,2.5261605
2.1960325,2.5064583
2.1280956,2.5860548
2.1062248,2.6525714
2.3504412,2.6233323
2.1376579,2.5500753
2.451238,2.5886855
2.1984296,2.5951397
2.2849424,2.5787327
2.2406032,2.6118374
2.1979795,2.6563647
2.1145616,2.6585715
2.5367055,2.5465379
2.3230457,2.5806527
2.1397452,2.68379
2.319597,2.5677497
2.2839327,2.6334708
2.1452155,2.6143417
2.377937,2.6216357
2.1438005,2.633221
2.3875315,2.6678245
2.176501,2.6224058
2.482584,2.648417
2.2135832,2.5362916
2.2200005,2.587304
2.121133,2.5351934
2.2244186,2.5229063
2.185588,2.5390882
2.4286048,2.6373415
2.2863207,2.570561
2.3618023,2.636043
2.1234217,2.5738542
2.1468923,2.5375109
2.2494469,2.5082703
2.1449225,2.58709
2.2912736,2.6108587
2.230841,2.6795664
2.1387305,2.672488
2.3854325,2.5565908
2.2229576,2.58332
2.4157457,2.563143
2.3410037,2.6876209
2.1701288,2.5377498
2.256773,2.5477843
2.199891,2.566997
2.1646945,2.5193365
2.1862473,2.681492
2.1376817,2.5607665
2.4468122,2.697589
2.2717242,2.622984
2.269802,2.6486552
2.1206539,2.5126007
2.40407,2.6590118
2.4332373,2.6578152
2.127367,2.6935685
2.1201465,2.572968
2.2325861,2.567661
2.1013842,2.6913042
2.1379597,2.5122225
2.1475518,2.6054118
2.1477323,2.617631
2.338561,2.6675742
2.1859517,2.5027845
2.2461612,2.5434666
2.2425833,2.6277335
2.2181067,2.5659435
2.222117,2.5701358
2.5223587,2.6886687
2.4721518,2.526817
2.1252456,2.5534613
2.2238274,2.5769603
2.2109494,2.572387
2.2805843,2.6700468
2.5105927,2.5317917
2.2290013,2.5515442
2.3801265,2.6235812
2.2308247,2.504049
2.4493632,2.6870763
2.1886086,2.6791794
2.1398408,2.5836518
2.1190066,2.6310267
2.1387205,2.6956558
2.1259565,2.6498208
2.3537886,2.6156359
2.1442008,2.5793734
2.167756,2.6546981
2.2471113,2.691992
2.284808,2.6083803
2.4085517,2.6199827
2.1960676,2.6289804
2.1422744,2.5581133
2.1351855,2.5591166
2.1916256,2.6415277
2.2073638,2.602605
2.143553,2.6635265
2.5127735,2.6527386
2.2203684,2.6543505
2.337791,2.6797903
2.4788945,2.614937
2.193102,2.642759
2.2926164,2.648472
2.110739,2.6794255
2.2663279,2.5952337
2.1278312,2.5068934
2.3526592,2.658913
2.115454,2.5675638
2.2222457,2.5122035
2.1652157,2.602041
2.1540637,2.6764119
2.1471848,2.5776942
2.2791374,2.6511414
2.437335,2.6507022
2.1635988,2.5723214
2.4221783,2.6819654
2.388597,2.6985965
2.5168915,2.601994
2.3681962,2.507217
2.2681432,2.680608
2.5375392,2.5289195
2.4607685,2.5892625
2.1239328,2.6820378
2.1582673,2.6040556
2.1050034,2.5343163
2.341184,2.562608
2.3416138,2.632361
2.2445896,2.5652726
2.1173148,2.5569005
2.1679163,2.5286756
2.151568,2.6865745
2.1388,2.5362504
2.1753385,2.5213544
2.1011093,2.667958
2.135546,2.5490143
2.4984498,2.600793
2.3981957,2.6324418
2.1505966,2.6919239
2.4818273,2.6699796
2.546397,2.59761
2.3906698,2.6717496
2.4538395,2.682369
2.1756568,2.60565
2.3109465,2.5203233
2.3913133,2.5495942
2.1369205,2.6521392
2.4245925,2.6354978
2.3045454,2.6346989
2.1297176,2.5517647
2.115796,2.6315358
2.1788967,2.5029483
2.2712278,2.5801299
2.2704415,2.6826587
2.1617594,2.6210926
2.2993248,2.6532009
2.4948294,2.6528502
2.1291125,2.5465007
2.100382,2.5637794
2.2546678,2.629357
2.1049187,2.640253
2.1385493,2.6574647
2.175816,2.519121
2.23366,2.656386
2.1590965,2.596057
2.3086975,2.6178005
2.258142,2.6605282
2.125146,2.6717858
2.1559346,2.593171
2.2397592,2.5541637
2.1220737,2.5630813
2.4736018,2.5099359
2.1392498,2.6527624
2.5143387,2.5013452
2.275604,2.5490875
2.1888397,2.6252778
2.219485,2.5036607
2.2885842,2.5345373
2.4092262,2.5793636
2.3064735,2.6113567
2.1880226,2.5476649
2.1400554,2.5372314
2.119906,2.5921142
2.3362741,2.6325006
2.193103,2.643469
2.5278754,2.6134725
2.1473157,2.5691702
2.2715867,2.5878904
2.163132,2.5308604
2.1121087,2.5637367
2.2632198,2.5732596
2.1441717,2.6676633
2.287192,2.5205045
2.5260847,2.64549
2.4156823,2.6724
2.3496397,2.5739987
2.2079446,2.5107598
2.1358137,2.5213187
2.1421022,2.548845
2.2721608,2.6011467
2.409928,2.522992
2.1114957,2.6792412
2.150477,2.566698
2.538215,2.5517857
2.274031,2.6143398
2.2007945,2.5536354
2.2926865,2.5802946
2.1357937,2.5743437
2.2885847,2.6525161
2.2350888,2.6814907
2.1862593,2.5839682
2.113749,2.5767977
2.4413471,2.683329
2.2282658,2.538738
2.1171763,2.5094094
2.2914758,2.532791
2.1085095,2.5178514
2.388375,2.6531122
2.1126027,2.6062684
2.158612,2.6373444
2.1374812,2.5377488
2.2415748,2.5176005
2.127678,2.6720421
2.1052792,2.57194
2.2181697,2.678121
2.1488075,2.5556412
2.2795172,2.6279387
2.261891,2.5505314
2.4005098,2.5455344
2.2679214,2.5984876
2.2160537,2.6209328
2.158423,2.6427045
2.4721613,2.5451806
2.3984694,2.6228843
2.1068928,2.512306
2.219585,2.6585717
2.1853867,2.5767493
2.1560504,2.6352847
2.4842582,2.6529295
2.10258,2.5402524
2.4889903,2.6664999
2.1458871,2.5920565
2.3192093,2.552594
2.1302266,2.545876
2.211371,2.5438306
2.3083923,2.5544097
2.1860204,2.6586525
2.2243135,2.610643
2.14086,2.601675
2.315058,2.568706
2.5367768,2.5895684
2.1397977,2.5411086
2.493032,2.556472
2.3175893,2.6128333
2.1467745,2.694849
2.178406,2.5510964
2.1978524,2.5899603
2.2262614,2.5260773
2.150137,2.6606507
2.4837117,2.6976786
2.2456307,2.6287053
2.1640713,2.5511763
2.1065693,2.5753942
2.1428754,2.602813
2.4869473,2.604369
2.1478004,2.664205
2.3961735,2.5850015
2.4062247,2.5115542
2.267013,2.6457925
2.1052399,2.5072234
2.155714,2.5364137
2.191857,2.676158
2.2599165,2.5963793
2.4735897,2.5486133
2.3371925,2.6457381
2.2387016,2.6212888
2.1843138,2.517607
2.1835756,2.5892422
2.4341156,2.6153693
2.2268152,2.592055
2.2216303,2.605449
2.2433152,2.534181
2.209574,2.6589627
2.2195854,2.6885645
2.1078176,2.53492
2.3367364,2.566164
2.1555645,2.6678655
2.1478937,2.6313684
2.2920694,2.5707145
2.270213,2.6414769
2.1966038,2.6613889
2.1514847,2.639699
2.2706184,2.66355
2.3448129,2.595432
2.2104259,2.5001078
2.2713168,2.591701
2.2841003,2.5241888
2.1100996,2.520021
2.172001,2.6357727
2.2091837,2.6733239
2.1382697,2.511527
2.243743,2.5708816
2.1808026,2.6898289
2.2450607,2.6519594
2.151829,2.6841063
2.226296,2.6856606
2.260622,2.6447968
2.2346654,2.611226
2.1993132,2.561903
2.253054,2.615675
2.1131952,2.5410738
2.1946235,2.6527436
2.351823,2.5336206
2.390675,2.5283992
2.4454749,2.5582983
2.2316527,2.5333958
2.4770372,2.5933623
2.2558837,2.5418556
2.376788,2.6725502
2.1383364,2.589379
2.3523924,2.6255803
2.3489254,2.5617998
2.407192,2.5856082
2.370456,2.604713
2.4365811,2.6249318
2.118794,2.6652515
2.373485,2.5522535
2.2110863,2.5261981
2.3462067,2.6726644
2.277608,2.5689945
2.388194,2.5776389
2.1993783,2.6749103
2.285546,2.5666144
2.1553197,2.5242236
2.2740247,2.6712935
2.4045336,2.5339556
2.219649,2.5243003
2.1816173,2.5654862
2.1474023,2.5651064
2.1962032,2.508382
2.3713114,2.5155852
2.2424073,2.5263693
2.3460724,2.6542058
2.3056657,2.5649912
2.2070482,2.615476
2.5474064,2.6784494
2.139864,2.5951133
2.1799068,2.563375
2.2078595,2.615051
2.2021654,2.6890492
2.362648,2.697519
2.305994,2.6840749
2.111703,2.6300294
2.3497725,2.5176904
2.183397,2.5271773
2.2276323,2.558449
2.4872663,2.5493176
2.1121964,2.5934343
2.2293007,2.5443256
2.1357238,2.585649
2.1898682,2.6522675
2.2792788,2.5050297
2.3236864,2.646538
2.2111666,2.6388056
2.1951144,2.576482
2.320262,2.6418293
2.2501836,2.6150963
2.27923,2.628264
2.3079598,2.608571
2.1099224,2.5394938
2.1658263,2.586073
2.133065,2.621417
2.4648879,2.575868
2.100072,2.6128187
2.2399292,2.6144476
2.2343726,2.5020883
2.2384927,2.6996562
2.114891,2.578986
2.3845282,2.535906
2.2547915,2.5742402
2.1104434,2.5910373
2.133791,2.672014
2.1591175,2.5627866
2.1644685,2.5138044
2.4498117,2.5074542
2.3067787,2.561286
2.3515522,2.6450067
2.501623,2.6440816
2.2471282,2.686715
2.141117,2.5046241
2.1475928,2.5715308
2.268345,2.633883
2.1249626,2.536949
2.1108892,2.5709302
2.2565331,2.6787915
2.1985586,2.5899184
2.530624,2.55417
2.2340121,2.675957
2.2101912,2.6909714
2.1458495,2.596633
2.2921684,2.6377528
2.333107,2.6843019
2.1605804,2.5636895
2.123639,2.601859
2.1143835,2.6582863
2.1756735,2.5195882
2.1510415,2.569865
2.3623827,2.5248375
2.1302223,2.63746
2.143137,2.5097315
2.1368208,2.6066303
2.3778641,2.5991075
2.5134509,2.597013
2.2772424,2.6578822
2.2588906,2.6428237
2.2111518,2.5003893
2.4140983,2.645147
2.2767494,2.5757382
2.1462247,2.6551592
2.4506679,2.6297245
2.143825,2.5332294
2.5202925,2.5593524
2.2888987,2.6718793
2.1118627,2.5970404
2.10628,2.6604228
2.2656455,2.582445
2.1467412,2.6085832
2.3817081,2.5708969
2.104807,2.6783283
2.1227696,2.5037122
2.1522565,2.6175034
2.1957638,2.5303123
2.1643662,2.5695004
2.109129,2.6707745
2.2601655,2.540449
2.1338193,2.6284945
2.1941097,2.555706
2.1653454,2.5212042
2.2242203,2.6917157
2.1716926,2.6576605
2.2897055,2.5439494
2.516647,2.6156101
2.1704607,2.5633023
2.2280772,2.6449265
2.1607165,2.540729
2.3837173,2.5602145
2.2418513,2.6460986
2.1716745,2.611988
2.1396465,2.632601
2.336888,2.6596766
2.1730096,2.5904937
2.140935,2.5511358
2.1533935,2.61488
2.1548114,2.563351
2.1362836,2.5807323
2.1325405,2.556931
2.2929509,2.5797927
2.4063933,2.5771377
2.1927328,2.599448
2.251511,2.5008183
2.2591755,2.5837777
2.2644234,2.6344607
2.187056,2.5032256
2.2895901,2.519992
2.180712,2.5883737
2.1603756,2.5488498
2.2488246,2.5842798
2.105462,2.562333
2.4485877,2.6833022
2.2481964,2.6405916
2.2558868,2.5235846
2.4376304,2.5304937
2.1905355,2.6328106
2.1759913,2.5714457
2.443205,2.6781538
2.1883376,2.6041698
2.2541387,2.5019975
2.1938741,2.5765383
2.4092462,2.552932
2.263775,2.5404088
2.323896,2.5640745
2.3301065,2.5857086
2.259017,2.687605
2.3572116,2.6568794
2.3308363,2.6568794
2.2288938,2.545816
2.1161861,2.5021582
2.2575667,2.545082
2.3457515,2.6300607
2.1554441,2.5907187
2.525372,2.6475859
2.292854,2.522096
2.1706886,2.5051947
2.142261,2.5855663
2.346436,2.6937
2.3667011,2.6885457
2.269187,2.5808716
2.1565936,2.5332901
2.3704646,2.5184531
2.1045787,2.6677277
2.4172626,2.628266
2.2145276,2.5907702
2.2989614,2.5954812
2.2615159,2.5266461
2.4888692,2.5502465
2.4754074,2.6776035
2.2485006,2.6144714
2.1252213,2.6992946
2.187494,2.583883
2.1859934,2.6101959
2.2898414,2.656
2.3063965,2.6203501
2.266276,2.6825166
2.3896391,2.5759566
2.139881,2.6703892
2.1805604,2.505306
2.1594288,2.5942895
2.3026297,2.563145
2.2489216,2.513795
2.2005577,2.6723397
2.2558818,2.5030053
2.1359472,2.5540664
2.13669,2.576518
2.2405398,2.5652027
2.2985945,2.5001488
2.152307,2.6162047
2.2836525,2.5820973
2.1868398,2.6998713
2.145619,2.5045583
2.1423125,2.6927567
2.2053337,2.5256467
2.3991923,2.5389674
2.4087288,2.5684092
2.117412,2.5118566
2.2215395,2.5176444
2.2545402,2.6720228
2.1538467,2.511891
2.1414928,2.6516936
2.1479726,2.506102
2.4210174,2.5959156
2.2777665,2.5915723
2.1219623,2.6333382
2.1164014,2.653589
2.3877792,2.5863984
2.331901,2.5105724
2.2705202,2.5916808
2.2456615,2.5060575
2.122244,2.647936
2.327019,2.5211182
2.2282734,2.515912
2.2074106,2.5819325
2.198201,2.5954525
2.239465,2.6540446
2.4345655,2.6044369
2.1965334,2.6558855
2.167065,2.5608888
2.3011475,2.5893762
2.1526315,2.5747051
2.3681512,2.6120977
2.2243578,2.639326
2.1626692,2.6597657
2.5190837,2.5466979
2.39295,2.5715406
2.1318097,2.544282
2.3644133,2.6776242
2.237961,2.5911226
2.1578689,2.5173452
2.1067595,2.5562186
2.3111515,2.6652606
2.1389577,2.6353965
2.2494743,2.576718
2.2587693,2.5339243
2.155752,2.6903358
2.1782925,2.627894
2.3927195,2.5322971
2.1987998,2.6775448
2.2098382,2.6479669
2.3047996,2.6888406
2.1856863,2.5352614
2.104399,2.535866
2.2180111,2.5977206
2.158938,2.532506
2.22161,2.5500243
2.135201,2.5909598
2.372935,2.5418358
2.4628477,2.5127964
2.1987157,2.628714
2.4030063,2.512074
2.2035913,2.6011233
2.2778764,2.5559661
2.329148,2.6843305
2.4850683,2.5396338
2.2273011,2.658073
2.2870607,2.6663167
2.2140632,2.6351614
2.1310313,2.561454
2.4222884,2.5698683
2.2118804,2.6791818
2.1774764,2.6070783
2.2650857,2.5165365
2.318872,2.5881534
2.4960034,2.6326826
2.2713435,2.65897
2.164105,2.6134164
2.346418,2.5308423
2.1950867,2.6012356
2.5026977,2.6678753
2.2420416,2.5095518
2.102647,2.596087
2.490997,2.6685412
2.1975617,2.671024
2.176402,2.6129074
2.1034005,2.6802416
2.1661553,2.5841959
2.214313,2.6259072
2.194609,2.5793371
2.4564645,2.5502427
2.1105323,2.6267893
2.4926367,2.5109096
2.2272625,2.5336783
2.4897883,2.6570556
2.1261683,2.5779126
2.3214216,2.6928515
2.184077,2.6923509
2.122391,2.642023
2.371377,2.6165063
2.2620797,2.5293326
2.3554008,2.6704805
2.2078335,2.6728013
2.183642,2.6329303
2.1544251,2.5367577
2.1764195,2.5825896
2.3225608,2.5559251
2.2890172,2.5376809
2.2435865,2.6381772
2.2472403,2.6622748
2.1815355,2.5083668
2.2701468,2.5293906
2.1690195,2.6659095
2.1297543,2.555461
2.4440186,2.6822448
2.4029713,2.6883502
2.304426,2.6919231
2.153979,2.6627865
2.1902459,2.6185403
2.1126385,2.6413677
2.3840518,2.6098526
2.1206794,2.6073763
2.3007617,2.6192358
2.178117,2.6987689
2.5186336,2.5934
2.336145,2.6194732
2.2270525,2.5924184
2.1563456,2.501983
2.2870004,2.5129697
2.2560096,2.681582
2.1147819,2.6565444
2.1214,2.6043007
2.5183198,2.502283
2.2376285,2.608167
2.12922,2.5609736
2.5053995,2.5183134
2.2298677,2.6810863
2.4026716,2.6023107
2.5446253,2.5177565
2.2876322,2.6767085
2.3641126,2.5772078
2.348968,2.629876
2.2020137,2.5559542
2.1219208,2.5205967
2.4391391,2.6938307
2.2543337,2.6957352
2.1962862,2.6820517
2.1129508,2.6335351
2.2473266,2.5547726
2.172926,2.5566497
2.3411689,2.64748
2.1210256,2.6868162
2.1506426,2.5585947
2.1919532,2.663677
2.3582184,2.5973828
2.2646422,2.571775
2.222557,2.5036008
2.3209176,2.5367532
2.108165,2.5948267
2.2822633,2.5102346
2.4704146,2.6170666
2.2731826,2.5084
2.341841,2.6243424
2.4071434,2.6230733
2.121392,2.546696
2.1163185,2.524206
2.1316016,2.571795
2.1289105,2.5171673
2.1447182,2.5484598
2.1571932,2.618634
2.1067936,2.6089962
2.1822624,2.5918033
2.1630406,2.5108635
2.3767993,2.629489
2.120304,2.6742823
2.2685275,2.599713
2.1139278,2.622996
2.3428123,2.5598097
2.155121,2.6242833
2.1957293,2.652771
2.1552284,2.6206758
2.1076086,2.6654136
2.291253,2.586602
2.2032962,2.6155481
2.3868065,2.5999684
2.1830218,2.562382
2.2215388,2.5238426
2.4177177,2.5246153
2.347001,2.6471694
2.3075228,2.5156887
2.174634,2.6030478
2.4811263,2.6700428
2.1346283,2.6123097
2.2921023,2.6153748
2.4662097,2.6327672
2.5105712,2.5071423
2.1732864,2.5713062
2.1583333,2.6659477
2.2797046,2.581432
2.198747,2.6878648
2.1310089,2.6429312
2.1481514,2.6595125
2.252296,2.6134453
2.4022694,2.5150943
2.1961277,2.6683156
2.3515477,2.653158
2.1315753,2.5429964
2.2873468,2.5291142
2.2521138,2.653368
2.1209261,2.5660906
2.2593117,2.539613
2.254466,2.616491
2.4089987,2.571857
2.335638,2.5780594
2.29754,2.6574023
2.522821,2.5979526
2.506102,2.566986
2.2383957,2.6321526
2.1081128,2.5853224
2.1186597,2.534606
2.3028374,2.5148196
2.29399,2.6469703
2.3233764,2.580891
2.4442093,2.6629891
2.2437778,2.6365895
2.200333,2.5359833
2.1640036,2.5267744
2.1662693,2.62891
2.114482,2.5524714
2.1894236,2.5636344
2.5020413,2.67047
2.4638054,2.628771
2.488857,2.5268269
2.1019185,2.5669215
2.1695528,2.58579
2.1669326,2.6973023
2.5265355,2.5403962
2.108396,2.5072858
2.1907616,2.6118298
2.10097,2.5091922
2.3218694,2.551011
2.2410982,2.6441727
2.4374058,2.6945417
2.3017526,2.6414647
2.4108748,2.6998181
2.1791458,2.5640445
2.3062668,2.688518
2.2482882,2.656095
2.143659,2.6756606
2.1712482,2.5782678
2.2647007,2.5936863
2.351981,2.6702726
2.2070546,2.58337
2.102347,2.599064
2.1257715,2.566903
2.3595645,2.511509
2.3571222,2.6253476
2.2471929,2.5951893
2.159979,2.575466
2.1457505,2.5479975
2.244488,2.5337806
2.2563856,2.64435
2.1096337,2.6940174
2.2215495,2.5161083
2.2286289,2.6688845
2.4541762,2.650257
2.3524349,2.6400409
2.471729,2.536626
2.2018657,2.5880783
2.2998614,2.5333676
2.1032343,2.5097487
2.108408,2.6284602
2.2663171,2.53076
2.2771277,2.5444562
2.1713936,2.6802833
2.1214142,2.6245985
2.11438,2.6781921
2.486411,2.5105205
2.42631,2.5640512
2.2638025,2.6863372
2.199663,2.5256042
2.11597,2.5165532
2.127881,2.6410608
2.2604554,2.548162
2.1729238,2.5507476
2.4847562,2.6363914
2.1662292,2.5838811
2.2404761,2.5362494
2.2688062,2.6019628
2.1478071,2.5927393
2.126342,2.530678
2.3676026,2.619978
2.2016408,2.6991577
2.1383882,2.5114799
2.1173956,2.621331
2.4789176,2.6796985
2.1720493,2.5287468
2.2416894,2.6295314
2.2768388,2.6557004
2.1713028,2.521717
2.4628134,2.596596
2.3417141,2.6938035
2.2207246,2.543392
2.3629043,2.5031624
2.2155454,2.6943605
2.147306,2.641188
2.1622746,2.691279
2.208606,2.672927
2.1390672,2.5720856
2.4030955,2.6536496
2.1430879,2.617902
2.1223443,2.5528855
2.2189324,2.6218593
2.1125848,2.5371897
2.1054084,2.6070964
2.1298184,2.6510322
2.1027865,2.6632419
2.296596,2.6061895
2.2272134,2.6280682
2.53394,2.5299163
2.2455516,2.5293996
2.3820512,2.5977576
2.296203,2.676089
2.4267795,2.6790037
2.1198516,2.6414418
2.2256932,2.569254
2.2431684,2.5965242
2.544328,2.5308259
2.2540724,2.6620536
2.153324,2.6211462
2.108974,2.5198076
2.5211475,2.5904462
2.164247,2.5312722
2.168244,2.5761075
2.2260244,2.6027179
2.3940415,2.5570617
2.448314,2.610693
2.1302466,2.5539927
2.2891457,2.5800226
2.1518433,2.5228736
2.4721713,2.536273
2.4246838,2.5677037
2.1634989,2.5967102
2.2880557,2.6585953
2.3756719,2.6999726
2.166794,2.5692277
2.202425,2.5173845
2.4287374,2.560733
2.3097565,2.5330591
2.133777,2.5161772
2.1668074,2.5938127
2.230416,2.5628505
2.1735969,2.6083438
2.2120419,2.6469684
2.1858213,2.5069726
2.119637,2.6796267
2.1505814,2.6477897
2.405203,2.557303
2.1683867,2.5758917
2.3643088,2.6037745
2.1637714,2.6006932
2.1315722,2.6132035
2.355786,2.652103
2.3012757,2.5925412
2.1303554,2.561091
2.1045618,2.5974874
2.103066,2.698965
2.1116755,2.5995295
2.4078343,2.5146334
2.183672,2.5800617
2.5223339,2.6766715
2.1165895,2.6731794
2.3341737,2.539496
2.1195796,2.5933409
2.139406,2.6103933
2.1169155,2.6834812
2.210648,2.6602788
2.254514,2.6654246
2.297697,2.5882504
2.2711372,2.5794294
2.3333943,2.6419332
2.2306821,2.5231624
2.1627293,2.6871252
2.1202152,2.6776679
2.4194095,2.5651164
2.4098783,2.6288128
2.4192984,2.5552719
2.1395085,2.5324502
2.4492476,2.5069773
2.2168138,2.5194783
2.2538812,2.6280673
2.308404,2.5697832
2.4626687,2.6303837
2.5422513,2.6214938
2.2183824,2.5256085
2.1312854,2.5774415
2.377421,2.5151067
2.320038,2.5263221
2.1731122,2.5365257
2.2154005,2.697571
2.4921358,2.5754538
2.1760414,2.5886748
2.1690638,2.5423348
2.1450105,2.5900269
2.3503976,2.6165807
2.124687,2.5186238
2.3640707,2.6980975
2.455502,2.5464654
2.1037247,2.5028896
2.383246,2.5266972
2.2641919,2.5128987
2.1225932,2.5003257
2.125852,2.676779
2.1028292,2.518362
2.461738,2.6194468
2.325083,2.602092
2.232205,2.6994169
2.2700078,2.6770124
2.2995632,2.5198987
2.1425273,2.5729449
2.1667457,2.5925508
2.1642256,2.5629983
2.247978,2.6151338
2.4042761,2.506505
2.1178598,2.5534465
2.2855783,2.576283
2.1655054,2.5848765
2.104302,2.666423
2.1877701,2.6065793
2.1171057,2.509067
2.1891315,2.5629926
2.1591382,2.662404
2.1258676,2.5170941
2.1036599,2.6632042
2.1530302,2.645622
2.4777586,2.556365
2.116263,2.6108375
2.3054733,2.5596595
2.3268652,2.530211
2.318033,2.6083198
2.3210068,2.5085552
2.437867,2.5456245
2.1369586,2.5590901
2.297999,2.6209712
2.1396043,2.5138614
2.3167198,2.6115408
2.3764768,2.6684313
2.1396828,2.5927744
2.1489081,2.550704
2.4516757,2.6992924
2.3646684,2.6792095
2.2381876,2.6293306
2.3362384,2.6896448
2.3494084,2.6896448
2.297865,2.5886
2.234292,2.5858607
2.189726,2.5262523
2.397664,2.6986947
2.240554,2.5260797
2.1314037,2.5883522
2.3042147,2.547549
2.144515,2.5332057
2.2906206,2.592473
2.1927109,2.5763602
2.2451956,2.5319815
2.5168717,2.6716423
2.2173498,2.6716006
2.2162993,2.5475862
2.1423752,2.6298783
2.4985483,2.5215864
2.1669188,2.512437
2.1719306,2.6389978
2.4179745,2.641883
2.1049216,2.604877
2.2263477,2.52328
2.1888447,2.6149561
2.1239781,2.6850371
2.3631368,2.672171
2.4984462,2.6037412
2.3035395,2.53621
2.1924765,2.6293283
2.1089497,2.626422
2.3060546,2.5282888
2.2751665,2.6327338
2.2600894,2.6667933
2.3503475,2.5797765
2.4812827,2.5065632
2.1442044,2.5935423
2.344971,2.6778846
2.2751079,2.5918121
2.13198,2.6213021
2.2328372,2.5934322
2.4302287,2.5105205
2.1174052,2.540749
2.160886,2.6599712
2.2294164,2.5268102
2.1034997,2.5876787
2.3381212,2.6434243
2.1089385,2.5805686
2.27687,2.6027095
2.1571753,2.5299304
2.4851074,2.5987113
2.159022,2.5177598
2.1809406,2.5739179
2.281566,2.5088656
2.314555,2.6544218
2.1912646,2.5004387
2.3181148,2.5741596
2.1172366,2.6914961
2.1805384,2.5369303
2.1142414,2.564555
2.266988,2.5769775
2.2368326,2.689848
2.4644523,2.6429396
2.190592,2.5935218
2.146614,2.509363
2.131729,2.6558638
2.3870325,2.5603342
2.4080915,2.6010923
2.3506656,2.684281
2.3617494,2.6293364
2.1115937,2.5747178
2.365152,2.5642674
2.4289124,2.512169
2.1307297,2.6808097
2.1676054,2.5885463
2.3817294,2.6269643
2.4746718,2.6542263
2.1794941,2.5512564
2.1471715,2.5531237
2.1095018,2.6871674
2.126616,2.5860622
2.3378036,2.5623891
2.2895157,2.605534
2.1723056,2.5700321
2.1848266,2.5420825
2.1260517,2.6091354
2.4415145,2.6470025
2.501599,2.5896313
2.2795596,2.5845613
2.2738895,2.5539908
2.1092584,2.612514
2.2877924,2.6025853
2.2361877,2.524198
2.1643367,2.5699143
2.1649983,2.5582056
2.1624458,2.6611743
2.205556,2.5128317
2.23077,2.6727843
2.1078765,2.6300724
2.1970325,2.520958
2.4071345,2.547005
2.1709964,2.5627608
2.3306172,2.5519254
2.3457966,2.6728418
2.1552455,2.6164062
2.4716127,2.6457877
2.2920296,2.5214145
2.3900995,2.5921874
2.546703,2.5621889
2.2026737,2.630325
2.4152403,2.5581675
2.4848833,2.5033324
2.1708448,2.649694
2.229445,2.5294833
2.3400931,2.5164397
2.1186326,2.5842633
2.3611224,2.6289458
2.4420476,2.552864
2.4725132,2.5063584
2.179802,2.5697827
2.1986253,2.5769472
2.5209966,2.5287037
2.2309968,2.504686
2.3364527,2.5086918
2.3057816,2.506091
2.2077117,2.5886946
2.341698,2.5518343
2.254266,2.6180282
2.1648777,2.588732
2.3924289,2.69503
2.343934,2.6639183
2.2166448,2.6928434
2.1348817,2.5722792
2.3843894,2.6627483
2.2855055,2.5215232
2.2225525,2.5243683
2.2836807,2.5620017
2.1486738,2.600266
2.4041996,2.630879
2.3776643,2.6440675
2.32578,2.6629355
2.4285033,2.6592743
2.459093,2.625342
2.508117,2.6395895
2.2335048,2.6187246
2.1623673,2.5242083
2.1015525,2.663771
2.2885165,2.5576537
2.234843,2.5793936
2.2499437,2.6467597
2.1985087,2.6750295
2.2858872,2.6733408
2.2755542,2.6733408
2.347294,2.5462077
2.4350607,2.5319653
2.1625123,2.5322528
2.1475136,2.6795304
2.316071,2.514862
2.1337228,2.57521
2.2088814,2.506741
2.2358057,2.5679488
2.223463,2.5642538
2.2903676,2.503134
2.302093,2.6794171
2.159207,2.6694906
2.1854699,2.5425982
2.1934466,2.5792756
2.1689193,2.6615765
2.189193,2.528885
2.1374724,2.525082
2.2264,2.501837
2.131348,2.593184
2.3560262,2.5829337
2.1250226,2.555174
2.1431892,2.5484471
2.1100287,2.626657
2.3615606,2.6054473
2.1965992,2.6332448
2.288643,2.5414999
2.1595867,2.6567805
2.1416106,2.532733
2.3859081,2.6328242
2.1213644,2.6901376
2.1693723,2.6688027
2.1864073,2.6613057
2.1823516,2.5181704
2.1195335,2.688051
2.4878526,2.5311193
2.1978116,2.522199
2.1028607,2.667488
2.4566178,2.6110692
2.3462129,2.64863
2.3418005,2.5036013
2.1014216,2.591561
2.1980011,2.5149903
2.1697237,2.6706135
2.1883907,2.5087476
2.1346056,2.6261017
2.5369942,2.6097844
2.1839497,2.5151377
2.3294199,2.6149602
2.133625,2.579558
2.2072327,2.593421
2.263155,2.5828266
2.1929376,2.671371
2.1905682,2.580691
2.4529157,2.5997124
2.225413,2.6778603
2.371504,2.5678031
2.1067824,2.6261017
2.2766504,2.5277915
2.4434164,2.690298
2.3242235,2.6591485
2.2865357,2.6012263
2.132689,2.580344
2.2651064,2.6305747
2.1609802,2.5721323
2.210667,2.5616262
2.4917617,2.5906773
2.201686,2.5666895
2.2141452,2.5414538
2.4750116,2.587228
2.197615,2.5460937
2.23684,2.5117583
2.1811876,2.5739439
2.2050002,2.5948713
2.102781,2.5649564
2.1778615,2.6761475
2.1262965,2.5552385
2.3137996,2.5916877
2.2801065,2.6556392
2.1050146,2.6338668
2.5036728,2.5770369
2.2247715,2.5753074
2.1023912,2.6892107
2.3359218,2.569765
2.2474172,2.5889282
2.2314181,2.5158842
2.3731344,2.5471237
2.2315516,2.53763
2.3346481,2.6081903
2.3773048,2.5191448
2.3401515,2.562834
2.2927587,2.6381054
2.1152089,2.570607
2.2478712,2.5119135
2.166452,2.5904899
2.1082785,2.5230536
2.143262,2.6077158
2.2521205,2.644794
2.4145753,2.6366096
2.4689398,2.6178083
2.4236407,2.5306273
2.1972868,2.5388293
2.3782825,2.679249
2.2584996,2.5724697
2.3085358,2.6057143
2.1149492,2.6946836
2.5462887,2.5275679
2.1900125,2.5796044
2.1234381,2.668651
2.1576576,2.5980673
2.4019053,2.506581
2.4194582,2.6378593
2.3470752,2.5765448
2.1543605,2.6096578
2.16524,2.6599689
2.3503723,2.636289
2.3166578,2.6706786
2.3250146,2.6824393
2.4032583,2.5448813
2.3871408,2.5126138
2.2901802,2.5419657
2.168821,2.6305532
2.1471426,2.6320844
2.506135,2.6047473
2.313423,2.6878068
2.3743465,2.6964798
2.3862054,2.6876314
2.2372293,2.6046722
2.2301114,2.6851308
2.148166,2.5502634
2.1778026,2.5716035
2.2572396,2.6938608
2.2930336,2.5586605
2.3567472,2.6037128
2.1508777,2.5885987
2.358437,2.6951475
2.1282632,2.5513363
2.2928884,2.5860186
2.1531808,2.5000348
2.1958606,2.6536617
2.3436048,2.6875646
2.1622627,2.6404717
2.193423,2.6305285
2.1077209,2.5290024
2.300705,2.691757
2.101059,2.5389132
2.3747337,2.5323262
2.1394548,2.5476408
2.5252752,2.5522938
2.2762792,2.51494
2.1049657,2.6825986
2.2232113,2.6469355
2.3068252,2.6041808
2.2742758,2.5012395
2.104875,2.6491663
2.3766422,2.5689335
2.1054175,2.534114
2.2032785,2.6496673
2.1493065,2.5071077
2.413955,2.5631447
2.103918,2.656354
2.3905222,2.5528011
2.2467527,2.547659
2.1133475,2.6813607
2.172408,2.6058354
2.101874,2.595274
2.2083886,2.6935906
2.3222988,2.6795769
2.1426768,2.6288764
2.1730225,2.5274835
2.1784308,2.6215577
2.229397,2.5387602
2.1913226,2.6090493
2.226913,2.6848962
2.5191662,2.5828955
2.2364845,2.5118337
2.3559377,2.521917
2.1061718,2.5482209
2.5407803,2.5865643
2.1746757,2.5369995
2.222816,2.596587
2.1563795,2.5227337
2.538659,2.623922
2.2096307,2.55806
2.5298676,2.5099611
2.366711,2.505026
2.366286,2.6960118
2.3005292,2.5925763
2.144437,2.5000927
2.5403483,2.5352588
2.1872709,2.5305328
2.315114,2.603069
2.3443313,2.680733
2.2097697,2.5762854
2.2647645,2.6038206
2.19896,2.585136
2.137732,2.6120362
2.3257258,2.598298
2.1816826,2.6495862
2.183639,2.6674469
2.271474,2.6733797
2.4670742,2.502569
2.1094804,2.5200477
2.209,2.5079694
2.1222386,2.604823
2.4098399,2.5229795
2.363232,2.5363123
2.1758218,2.6291525
2.2165356,2.57367
2.2368355,2.6849258
2.164459,2.5915534
2.1099958,2.5924635
2.4724894,2.5938036
2.1122622,2.659879
2.1277754,2.584928
2.1963518,2.5660622
2.121136,2.6922252
2.1163862,2.6269994
2.2122324,2.5692267
2.290161,2.6430514
2.4150896,2.5820687
2.2384238,2.587627
2.1045978,2.6755085
2.281463,2.65951
2.2745607,2.5348165
2.104814,2.515873
2.1421497,2.5605388
2.2746427,2.5026467
2.5424235,2.5548458
2.2145116,2.6158164
2.1134262,2.572953
2.148161,2.6245656
2.140073,2.509735
2.1054447,2.6269267
2.479852,2.6931624
2.19369,2.585458
2.4452872,2.585458
2.2632687,2.6543407
2.2794275,2.5001054
2.286882,2.5050287
2.1879685,2.5864015
2.1944895,2.540955
2.2891283,2.6547644
2.4050658,2.534579
2.1823459,2.6010797
2.1014225,2.6749685
2.3067296,2.5543406
2.2236505,2.6244547
2.291028,2.5308576
2.1298368,2.675175
2.2148037,2.6853695
2.28992,2.5384243
2.47811,2.5166526
2.306731,2.6754615
2.1481173,2.5628319
2.1710942,2.6419857
2.5284588,2.5746508
2.2748094,2.5023844
2.2994256,2.5388296
2.2462022,2.5048642
2.2395515,2.6303763
2.194833,2.556471
2.1486237,2.6078982
2.2391596,2.5140378
2.291613,2.536447
2.5282197,2.5174007
2.283756,2.5559597
2.409897,2.5093744
2.2714567,2.65549
2.2153044,2.6957831
2.5201383,2.6855237
2.119842,2.5398746
2.4980168,2.5904431
2.5478961,2.516006
2.3536894,2.6737292
2.5265098,2.520291
2.3360126,2.6699064
2.1563673,2.591319
2.4589782,2.5138056
2.4211342,2.5810404
2.108977,2.5817935
2.4785397,2.545095
2.1000738,2.5259886
2.1653194,2.6406965
2.2920291,2.6502345
2.1519094,2.5091367
2.1565845,2.621815
2.368251,2.6625373
2.1332004,2.6258545
2.2655394,2.5029964
2.1383424,2.5595856
2.1360583,2.5528424
2.173519,2.6525664
2.1957412,2.6409845
2.280184,2.5932221
2.3195894,2.5033293
2.1396532,2.6778934
2.132158,2.5766952
2.2818763,2.5043406
2.227522,2.536217
2.1550293,2.5645025
2.1018612,2.5142267
2.12869,2.6218662
2.2405963,2.559298
2.2153122,2.5760827
2.1239703,2.5108058
2.1851063,2.6852043
2.1841655,2.561421
2.1226864,2.6076634
2.487182,2.6935859
2.2849853,2.5905972
2.2174106,2.5491226
2.1160746,2.5282102
2.2293828,2.6139376
2.1612418,2.571581
2.1089475,2.5239966
2.5391562,2.6644452
2.2642047,2.6172655
2.1024542,2.6429493
2.3203852,2.5966763
2.177475,2.502746
2.101959,2.6806183
2.2916965,2.6104984
2.1498308,2.5888512
2.1874943,2.5860717
2.1620739,2.582925
2.1472187,2.563409
2.2637422,2.5751138
2.2179315,2.5781996
2.1664038,2.548353
2.1932585,2.6694148
2.3068116,2.6372962
2.1014044,2.6285317
2.2000568,2.6128795
2.3227513,2.535924
2.1324148,2.5960782
2.1492715,2.6844184
2.2096229,2.6728046
2.1038535,2.5626876
2.1862674,2.6302662
2.2340379,2.5476322
2.4839063,2.6349068
2.377529,2.55534
2.2590904,2.5158854
2.1980374,2.6119444
2.1678705,2.5933485
2.1453526,2.6130888
2.3631568,2.5514355
2.1840367,2.628156
2.1477969,2.6466632
2.1828754,2.6073596
2.2975206,2.6109295
2.2711532,2.666598
2.359368,2.6576366
2.1838617,2.6927633
2.1053567,2.555145
2.2255676,2.618333
2.237087,2.6799827
2.1137908,2.5088305
2.2741857,2.5604713
2.267149,2.5685935
2.3103921,2.6749394
2.1783786,2.5631697
2.2009583,2.5646727
2.3436134,2.539732
2.1129868,2.6274729
2.1536565,2.607354
2.2645357,2.5151615
2.197678,2.518655
2.201665,2.698847
2.1200926,2.5164037
2.1216266,2.6588993
2.3021195,2.5355456
2.1310055,2.600822
2.4612405,2.5245764
2.5031767,2.618978
2.1532397,2.5329497
2.2534425,2.556476
2.307764,2.66921
2.3037994,2.5567892
2.1449106,2.6956916
2.1342576,2.6593406
2.2442102,2.5091288
2.50172,2.5984623
2.1650684,2.5387013
2.2171943,2.5144114
2.395031,2.551375
2.2565377,2.5034196
2.1662955,2.5862556
2.1194506,2.6745183
2.1614225,2.5965366
2.1134882,2.5844018
2.2751575,2.679936
2.1499813,2.528386
2.220451,2.6085117
2.1182714,2.6564865
2.3000593,2.6831193
2.1984508,2.537568
2.1409795,2.600398
2.4430082,2.5258276
2.413289,2.6217482
2.2093973,2.695043
2.113866,2.500781
2.2086751,2.6273098
2.5035186,2.5353847
2.2772276,2.512424
2.2236307,2.502216
2.5088036,2.5666997
2.2754602,2.6084816
2.198938,2.6568503
2.2033281,2.551706
2.1145456,2.6150718
2.1210916,2.5788503
2.286152,2.5225165
2.1001008,2.640283
2.2581995,2.6528182
2.1597104,2.505864
2.1028662,2.6218193
2.3556523,2.5918767
2.4109619,2.540182
2.188437,2.5561178
2.1376595,2.607339
2.2070827,2.6717203
2.2489588,2.6766691
2.513081,2.5790324
2.471381,2.5142138
2.1528482,2.5406685
2.4040446,2.6753044
2.361365,2.5712256
2.157557,2.600707
2.1450744,2.5105298
2.1509671,2.5522861
2.1122248,2.520202
2.5325093,2.5904517
2.329932,2.6097376
2.302439,2.6598716
2.201629,2.6141045
2.1125443,2.6101367
2.1358624,2.6739328
2.2855036,2.555483
2.2977953,2.5630128
2.3775582,2.502818
2.101638,2.6010058
2.2717023,2.6669536
2.113063,2.504856
2.2043378,2.6732638
2.4818656,2.574639
2.3602073,2.6540236
2.299825,2.5167763
2.2029188,2.5721254
2.1788902,2.622556
2.169913,2.6150534
2.1515727,2.525852
2.1751363,2.5205932
2.1844318,2.5960546
2.3646388,2.5479782
2.1421056,2.6819515
2.3351579,2.5680814
2.4123116,2.593023
2.218993,2.5644996
2.152131,2.6125867
2.2042823,2.6370099
2.4229467,2.6007378
2.3770585,2.625773
2.1209588,2.6098
2.2137015,2.5865865
2.243966,2.5247834
2.5321841,2.5702744
2.1358986,2.5385008
2.148485,2.6259062
2.1207805,2.6356432
2.1564205,2.6674862
2.2258892,2.6000524
2.1814492,2.588799
2.4988859,2.601653
2.301212,2.6172616
2.1142597,2.6509647
2.120234,2.5732272
2.2299368,2.669461
2.175059,2.5982645
2.454575,2.693564
2.1315837,2.5665064
2.1208987,2.604241
2.508179,2.6125321
2.2790368,2.532288
2.1652954,2.5811012
2.2106671,2.576668
2.3965385,2.6069956
2.2927752,2.6441433
2.1336803,2.5646617
2.4098766,2.6454725
2.2708318,2.5491865
2.5010312,2.6252766
2.2952824,2.643081
2.221604,2.5756397
2.1161742,2.612407
2.2740614,2.691397
2.1001215,2.5263371
2.140301,2.579235
2.4148908,2.5723233
2.2061007,2.6369836
2.3367777,2.5470054
2.1310189,2.5534198
2.3167539,2.5699518
2.1053214,2.5046024
2.29244,2.6563947
2.103899,2.5450745
2.1623719,2.5626242
2.1205997,2.58683
2.1732335,2.526513
2.2350419,2.5890276
2.237048,2.5620804
2.299756,2.6867335
2.2124012,2.6594036
2.2661939,2.5788236
2.1255107,2.6957521
2.4345925,2.5907636
2.3626492,2.5716608
2.297033,2.536847
2.1368449,2.583005
2.1549723,2.5744863
2.1376183,2.607474
2.2800977,2.5708642
2.1496694,2.6557422
2.4404342,2.6826673
2.1579773,2.5977926
2.321621,2.5750482
2.2331455,2.5958288
2.384928,2.67549
2.2900903,2.6820035
2.137322,2.6965883
2.5354826,2.6326828
2.1536481,2.6072402
2.191001,2.6644714
2.1133242,2.5483646
2.176824,2.6433008
2.2092514,2.6536012
2.3970833,2.5996666
2.188686,2.529941
2.1408794,2.606149
2.537677,2.5344214
2.3723898,2.5313795
2.1810386,2.6169002
2.4293587,2.627545
2.135368,2.6301982
2.1046436,2.631336
2.1455884,2.5886421
2.1128643,2.5194364
2.273459,2.6359954
2.140934,2.5098245
2.1818826,2.5677922
2.2307348,2.531306
2.2473927,2.6546793
2.2183974,2.6898873
2.3442101,2.631687
2.19468,2.6965332
2.1253412,2.5917764
2.2618651,2.5711582
2.1267512,2.6068225
2.11065,2.630538
2.2146587,2.5096889
2.2768211,2.6288607
2.2920806,2.6550977
2.1241279,2.673962
2.33926,2.5582044
2.1381755,2.5731215
2.1552088,2.5302904
2.1058133,2.6467361
2.1931684,2.503914
2.1101394,2.5793006
2.1729085,2.5212271
2.1759248,2.5097225
2.1529398,2.6229804
2.191093,2.59319
2.1718698,2.5690496
2.4426053,2.5046992
2.212315,2.6924262
2.1745481,2.6730266
2.2477262,2.5814893
2.1191347,2.53541
2.3580847,2.620916
2.241643,2.6609771
2.3792865,2.5413291
2.1325505,2.6141064
2.1120207,2.6721084
2.1494272,2.5759082
2.2841163,2.5451007
2.3433096,2.598409
2.2367198,2.643551
2.2339752,2.629726
2.112659,2.668746
2.3401446,2.6052103
2.172631,2.6842873
2.14403,2.5024698
2.434509,2.6489556
2.1767411,2.527978
2.2089312,2.5585043
2.1558492,2.505954
2.1704087,2.5973113
2.1587873,2.664681
2.1040852,2.6551323
2.3538883,2.6372855
2.201491,2.6049817
2.111764,2.6258674
2.1744285,2.6479127
2.1013563,2.5605712
2.4448245,2.5575976
2.2324178,2.681335
2.3266387,2.6760368
2.144477,2.5671003
2.4617975,2.5841897
2.1280491,2.5591016
2.134436,2.679436
2.379931,2.5052478
2.1439946,2.5100646
2.4560592,2.6258578
2.2138376,2.5875413
2.3815403,2.63851
2.1604404,2.624808
2.3368886,2.6876168
2.1878042,2.5564353
2.4855099,2.5047307
2.1185372,2.5322056
2.4114418,2.6515617
2.4924736,2.564247
2.3678477,2.6513195
2.257918,2.6264143
2.3358219,2.5467932
2.247534,2.6776476
2.5486321,2.5041215
2.47101,2.6154706
2.1763072,2.5554295
2.3269348,2.5309253
2.1157603,2.549064
2.2925699,2.660718
2.1899447,2.598462
2.1018546,2.5888195
2.161026,2.661303
2.1003277,2.6408405
2.490559,2.580356
2.11573,2.6242163
2.3085673,2.681496
2.2409623,2.5720904
2.179307,2.6153193
2.2347052,2.5719495
2.2248278,2.5670576
2.1666944,2.5157876
2.1481664,2.698417
2.1830394,2.5223792
2.2000778,2.5754247
2.1095028,2.5807185
2.1286767,2.5294235
2.3572202,2.5142112
2.18245,2.5714467
2.318651,2.6825116
2.1668217,2.684412
2.1018965,2.5908427
2.1041377,2.5618608
2.2101333,2.5655122
2.1344764,2.5669205
2.3308134,2.6864045
2.2404933,2.6980948
2.1818025,2.6851847
2.2062602,2.6122243
2.1416042,2.5712903
2.2437582,2.6443334
2.138783,2.6659136
2.1636605,2.6586497
2.5130885,2.5074294
2.2039704,2.501111
2.289891,2.612175
2.4435344,2.5532985
2.2782104,2.6147544
2.1502795,2.5811622
2.2157018,2.5983686
2.1419666,2.5653427
2.11959,2.6094148
2.1037202,2.5169506
2.326184,2.507838
2.1463933,2.541986
2.1126187,2.699324
2.1487672,2.5899353
2.489625,2.5995014
2.4100409,2.572055
2.1269495,2.5073924
2.2418706,2.5793178
2.2294383,2.508531
2.1163425,2.6250095
2.5204692,2.6652014
2.1562216,2.533485
2.1670072,2.5345554
2.335464,2.5513775
2.1612067,2.507597
2.1028142,2.5595007
2.1966202,2.6175337
2.1892314,2.6912901
2.1175041,2.553299
2.4825368,2.5627198
2.328644,2.561713
2.54802,2.6729147
2.1698232,2.6348295
2.1082623,2.6012208
2.406912,2.6994069
2.1307616,2.6459515
2.244936,2.5391126
2.1296186,2.5093784
2.462791,2.547519
2.1367624,2.5489256
2.1249328,2.6251435
2.4676697,2.5350626
2.2381482,2.5646386
2.4903219,2.6201909
2.2885582,2.5864396
2.2735956,2.6153123
2.274152,2.5149233
2.4912474,2.6565354
2.105669,2.5494475
2.4903474,2.575712
2.3019059,2.683435
2.1251433,2.515956
2.2095673,2.5247657
2.1116652,2.6337924
2.1072628,2.6145775
2.3631055,2.5174022
2.4655864,2.5588288
2.2608154,2.6270604
2.2677543,2.6073923
2.302217,2.6521976
2.1059222,2.6249664
2.1798038,2.5201552
2.3652115,2.5761538
2.3361769,2.677945
2.2374735,2.5040185
2.1798327,2.6377351
2.2190316,2.6701045
2.3198793,2.5416946
2.2460942,2.509048
2.1358607,2.674979
2.1769311,2.5078678
2.5197585,2.6842854
2.3534453,2.5749063
2.313989,2.695496
2.5234761,2.6460207
2.2372315,2.5114913
2.1102822,2.526564
2.2390077,2.6071863
2.1546438,2.5527432
2.2028496,2.587365
2.1521342,2.5167844
2.1319935,2.5424056
2.2345316,2.574248
2.1635778,2.6047251
2.238633,2.557585
2.3520703,2.526113
2.1050115,2.5385306
2.2882998,2.6488943
2.2636883,2.5342045
2.1352293,2.510986
2.148722,2.5824983
2.2628777,2.6809638
2.263661,2.5369236
2.1932154,2.5716968
2.306509,2.5089958
2.295037,2.567156
2.2184882,2.5417922
2.4286048,2.6970558
2.1136942,2.6494942
2.2899969,2.640583
2.4513638,2.698722
2.1294096,2.5999722
2.2990153,2.6618352
2.1819763,2.5933015
2.180373,2.512915
2.3301241,2.512039
2.2841313,2.5940135
2.2115433,2.5892966
2.3057456,2.6571991
2.1490912,2.5517926
2.292476,2.6103902
2.3254662,2.526078
2.272276,2.6047153
2.4359355,2.5491774
2.168259,2.551659
2.2414558,2.5677183
2.18928,2.6083016
2.3383539,2.576565
2.193812,2.5784905
2.1356392,2.6075206
2.1434941,2.689418
2.1611552,2.599835
2.2553568,2.578808
2.1463642,2.5447476
2.4562266,2.6886077
2.1077871,2.5837793
2.3121297,2.636387
2.1780112,2.630011
2.1559358,2.5887377
2.3666162,2.5567286
2.2017574,2.6074834
2.136461,2.5942922
2.2006965,2.6722713
2.1891499,2.6397815
2.2088797,2.587718
2.2728815,2.677034
2.2844422,2.6955795
2.3157434,2.6060598
2.4129047,2.6667895
2.3700147,2.555314
2.1844394,2.659431
2.4626021,2.6652396
2.212475,2.6727998
2.1099927,2.686877
2.3009477,2.546637
2.4039674,2.6643238
2.1027124,2.6105902
2.223232,2.5324914
2.3320432,2.6702502
2.1977665,2.6312082
2.5469005,2.5146408
2.2079666,2.5314813
2.2218697,2.642602
2.1119342,2.5334022
2.2091188,2.525447
2.2874198,2.6032298
2.3332675,2.5581284
2.3110077,2.6519513
2.4896832,2.5740025
2.4002454,2.570778
2.1183183,2.627158
2.4868035,2.6213489
2.3395162,2.5396864
2.1655293,2.6952627
2.23072,2.6457498
2.187146,2.5888643
2.4053993,2.537486
2.1148498,2.6870646
2.3809514,2.665395
2.2625105,2.5771835
2.348136,2.5963285
2.2967513,2.6523712
2.1078937,2.5903428
2.2491052,2.5257363
2.1807249,2.6473076
2.1364436,2.6444063
2.1160233,2.5086043
2.464522,2.6785598
2.5488381,2.6359284
2.189134,2.5686274
2.1856554,2.639773
2.139864,2.653017
2.171952,2.595868
2.1627886,2.6592882
2.1174548,2.5443242
2.2295396,2.5056357
2.3040836,2.51063
2.2264822,2.552033
2.231562,2.697786
2.1107054,2.5882967
2.2723343,2.602287
2.32993,2.6858182
2.1471918,2.6893985
2.30421,2.5982857
2.499142,2.6811798
2.1226218,2.6552613
2.1381762,2.5042682
2.177288,2.6830156
2.2936826,2.5687318
2.1114829,2.557585
2.1002312,2.567817
2.4988723,2.5336077
2.2091672,2.5004807
2.4298992,2.6451883
2.116375,2.5571609
2.2285626,2.553102
2.4982314,2.5157404
2.5146325,2.55691
2.1778853,2.6087608
2.331671,2.6320138
2.3857489,2.6562517
2.266299,2.6705234
2.1939545,2.5544026
2.1149158,2.6203156
2.1331427,2.6010644
2.1768708,2.6748347
2.2968702,2.5891163
2.1037335,2.6297257
2.1537905,2.6404293
2.1968687,2.6029518
2.240952,2.506125
2.217149,2.5855393
2.2987757,2.5675752
2.4696198,2.5479424
2.1442652,2.5507796
2.464204,2.5402899
2.5340059,2.687914
2.2817538,2.519921
2.132699,2.6389687
2.4588356,2.5582469
2.4149308,2.6855745
2.1873636,2.593326
2.426367,2.6266923
2.1467931,2.6004941
2.418435,2.6202402
2.1432128,2.6179512
2.3539407,2.587292
2.2298543,2.5622244
2.1103206,2.5235662
2.1359928,2.5950394
2.1056929,2.6687741
2.1401875,2.5793998
2.182946,2.6942272
2.203589,2.6624465
2.339244,2.5862691
2.3634143,2.5503142
2.2080476,2.575202
2.3366022,2.5091352
2.103165,2.5409474
2.2249677,2.6014915
2.1210985,2.698164
2.2904186,2.5185213
2.1287353,2.6548035
2.122167,2.5373394
2.1526928,2.6593175
2.2001705,2.6544895
2.3249896,2.542856
2.2593417,2.5124893
2.1635337,2.5629609
2.1341386,2.6133041
2.1220632,2.6037817
2.1117864,2.5189433
2.1594636,2.5560358
2.1081839,2.527979
2.407848,2.5755184
2.4669409,2.6992795
2.1163914,2.6974115
2.1315348,2.5001109
2.2409565,2.6467676
2.2422667,2.5622015
2.2392085,2.5850332
2.1608891,2.5531526
2.207525,2.6648278
2.1142268,2.5043635
2.2123682,2.5960538
2.231411,2.5050263
2.4509566,2.628546
2.1166282,2.6462066
2.4131608,2.5934768
2.227419,2.58768
2.2989867,2.5113366
2.2891605,2.5788436
2.4855945,2.6763103
2.2825449,2.6712062
2.213147,2.5455751
2.2737248,2.5687094
2.3225188,2.629625
2.1714804,2.69334
2.404613,2.655207
2.1279707,2.5623462
2.1344943,2.6288812
2.1330144,2.646926
2.2129211,2.5224943
2.1076438,2.5612333
2.2530692,2.528984
2.2859125,2.6239753
2.2879453,2.5707328
2.4938319,2.6683145
2.3560581,2.6050808
2.506251,2.5276704
2.1390169,2.6838334
2.148042,2.614892
2.1639898,2.507226
2.3276405,2.5711427
2.484836,2.694025
2.382163,2.5457785
2.288382,2.5121884
2.151713,2.5901089
2.4158428,2.606413
2.109287,2.545977
2.4103687,2.6956573
2.1948419,2.6161242
2.1782422,2.5017664
2.2566059,2.531732
2.1279979,2.5240433
2.1634834,2.599806
2.1063476,2.6691642
2.2075298,2.5119143
2.1425467,2.6162627
2.2364707,2.6983097
2.2200975,2.5347774
2.2089868,2.5738235
2.1257267,2.5502975
2.1811798,2.6041193
2.41158,2.5158048
2.4472954,2.5728278
2.2986107,2.6119385
2.2438881,2.5819883
2.213209,2.6099546
2.537166,2.5412886
2.1780672,2.6281419
2.1626506,2.6759517
2.3331316,2.658844
2.180317,2.633942
2.1779053,2.521764
2.1485398,2.667454
2.2064073,2.5753572
2.140875,2.6578295
2.1066954,2.5734136
2.2184944,2.5539098
2.4957888,2.6552007
2.4033349,2.6604037
2.11293,2.67468
2.129641,2.5369978
2.223151,2.6893842
2.3960712,2.6819077
2.2856543,2.6701841
2.1710773,2.6063306
2.275036,2.5607352
2.1720216,2.589951
2.216904,2.551448
2.5243824,2.5345545
2.5128524,2.6000946
2.1020608,2.5946062
2.1162574,2.5485413
2.1931303,2.5212133
2.2526894,2.590694
2.11098,2.5846105
2.1752803,2.5972483
2.1607106,2.5097225
2.187314,2.6528246
2.4081957,2.5449777
2.1276488,2.58413
2.2634466,2.6889603
2.134486,2.5755317
2.2730613,2.5414538
2.168444,2.6090956
2.2313876,2.5312989
2.4163766,2.566454
2.2955556,2.5333571
2.2806165,2.648232
2.2770698,2.6546667
2.114629,2.5940473
2.216406,2.575467
2.2597773,2.6043706
2.1100821,2.5691648
2.107944,2.6076639
2.2435234,2.5962846
2.1119716,2.590194
2.2665782,2.5316334
2.220937,2.5382893
2.4080281,2.5638955
2.1386209,2.6781702
2.2868493,2.5584645
2.1067967,2.6283865
2.3197029,2.643795
2.462602,2.6751487
2.1032963,2.6006005
2.210608,2.51946
2.5172226,2.5818403
2.106713,2.6035087
2.1050577,2.6076987
2.5272417,2.5727062
2.431187,2.6716807
2.3445263,2.559709
2.1504667,2.5822759
2.2755458,2.5235238
2.200934,2.6582932
2.1943467,2.5744658
2.326502,2.665642
2.3038135,2.5933695
2.2553368,2.514128
2.1076074,2.5280387
2.2286134,2.5170395
2.1613626,2.5543222
2.5396278,2.6673203
2.4500096,2.6137261
2.2355387,2.6052313
2.165066,2.6769688
2.4775054,2.5873353
2.3447728,2.5263593
2.1253972,2.584809
2.3596792,2.6786406
2.2669556,2.6138854
2.2071412,2.5599825
2.445954,2.5014477
2.3117359,2.694866
2.3164706,2.6479578
2.2350183,2.5236156
2.1365223,2.51888
2.1462305,2.6687307
2.3772824,2.534799
2.5028348,2.5746796
2.1862512,2.5006142
2.242352,2.5126207
2.217182,2.5259976
2.3844495,2.5083923
2.4115996,2.6126332
2.2988896,2.6896796
2.2926853,2.6186767
2.1136642,2.548136
2.2520165,2.5569675
2.1604037,2.6450427
2.2912674,2.630332
2.1096628,2.5083761
2.226321,2.638023
2.144552,2.6723878
2.2588766,2.5735958
2.3326433,2.5269897
2.51621,2.6366894
2.4361842,2.5168505
2.1916604,2.527158
2.5073135,2.6403348
2.162116,2.6179059
2.160746,2.6998816
2.1527467,2.5788686
2.1801891,2.5339174
2.2817373,2.671829
2.3693588,2.644391
2.1003072,2.648956
2.2029028,2.5828416
2.137189,2.67107
2.49865,2.6835682
2.471905,2.6902134
2.372236,2.6102636
2.1679482,2.6335654
2.111817,2.6241093
2.1384034,2.68647
2.1474178,2.6452873
2.1991787,2.56778
2.228009,2.6008413
2.124543,2.5495358
2.147533,2.5140967
2.1097982,2.6428103
2.1351805,2.5421038
2.402603,2.6790419
2.1844018,2.6708536
2.195635,2.6930976
2.1820493,2.6387005
2.3106203,2.6971996
2.3396237,2.6843905
2.2788858,2.59515
2.2086673,2.6378226
2.32921,2.5227687
2.3378043,2.5115778
2.1503808,2.6035979
2.3320842,2.619941
2.2743027,2.554781
2.2180696,2.5462704
2.302809,2.634107
2.2119896,2.6332898
2.4390435,2.5449655
2.225261,2.5912402
2.2058744,2.6174579
2.1243982,2.6692934
2.1069462,2.680843
2.14322,2.6384017
2.1559906,2.615806
2.1553466,2.590188
2.1131084,2.6220348
2.1633453,2.515318
2.3078625,2.6873736
2.2286046,2.6542554
2.1136742,2.5647876
2.2188644,2.522402
2.101713,2.5418708
2.3610563,2.6974752
2.4558907,2.6797032
2.4122088,2.5461788
2.468604,2.5875642
2.2828374,2.6203835
2.1090772,2.519129
2.1902568,2.5651283
2.137941,2.6241138
2.1026192,2.6232913
2.1991441,2.6892161
2.306347,2.5461018
2.1866248,2.647217
2.1088278,2.655143
2.4640465,2.6413321
2.285192,2.5606039
2.2778676,2.5648026
2.1640532,2.6247303
2.162069,2.5756927
2.1030424,2.5586538
2.1519837,2.627523
2.175843,2.6383402
2.2303839,2.595314
2.3438725,2.5972738
2.1905997,2.6632326
2.2592857,2.539024
2.4738734,2.6659153
2.1355991,2.509442
2.286316,2.529886
2.1625433,2.5946538
2.1620653,2.539698
2.107729,2.5695548
2.101804,2.5951614
2.4589355,2.5070274
2.1255026,2.552169
2.25767,2.592859
2.3038905,2.6235685
2.1516209,2.5835736
2.4196198,2.5871794
2.2366865,2.5899487
2.2037098,2.6739757
2.108139,2.6821353
2.1057115,2.6692927
2.2838664,2.6252065
2.2640705,2.5860403
2.391043,2.606552
2.2511277,2.6200125
2.1737292,2.5291972
2.3061936,2.5142496
2.196599,2.6708055
2.419097,2.585357
2.103759,2.6907377
2.2524047,2.629699
2.2138495,2.5915978
2.2794492,2.5349588
2.51158,2.6390593
2.4849114,2.5825372
2.203574,2.5607135
2.5046299,2.5960524
2.1232216,2.5806909
2.2756617,2.6417923
2.1760302,2.6342943
2.2005904,2.5194764
2.3009317,2.6670158
2.3292394,2.5629551
2.2151425,2.5001266
2.1515956,2.547739
2.5182848,2.5256557
2.1922393,2.605241
2.112987,2.6189413
2.3367937,2.521006
2.1643445,2.5924773
2.1227465,2.634938
2.168403,2.663979
2.1615283,2.5769053
2.4568877,2.6925263
2.3621058,2.5862415
2.3211994,2.639173
2.1955614,2.635119
2.1173,2.595449
2.130606,2.6352453
2.357489,2.5419528
2.380028,2.5432508
2.3981442,2.6540213
2.1223462,2.5866249
2.1829767,2.676244
2.2087893,2.5222902
2.3792849,2.6470885
2.5070088,2.593879
2.3034773,2.5866435
2.4601767,2.5850036
2.1898425,2.547458
2.465968,2.5611794
2.1536329,2.554904
2.3162258,2.5704281
2.2488358,2.5315566
2.2905698,2.500672
2.187402,2.6094878
2.3947556,2.6685417
2.1471157,2.6705632
2.1192563,2.5436766
2.2464542,2.6850433
2.1918688,2.646165
2.128692,2.5111618
2.1521146,2.664295
2.5405264,2.6489897
2.1480398,2.58981
2.1333945,2.643861
2.1845744,2.517369
2.417464,2.5255027
2.2977507,2.5304863
2.347265,2.671669
2.1362505,2.658207
2.312527,2.5914829
2.1323,2.6047647
2.344499,2.6819644
2.1738484,2.6473517
2.15666,2.6288588
2.3087244,2.6448338
2.536824,2.5001147
2.2424936,2.6172707
2.2738163,2.5723212
2.1852877,2.628143
2.2777255,2.6868906
2.1702895,2.6361392
2.338672,2.59189
2.1460836,2.5278697
2.1436853,2.6193001
2.3730466,2.5476797
2.3329186,2.6846101
2.187802,2.553789
2.2180493,2.678822
2.28792,2.6227856
2.1743627,2.5368803
2.2703393,2.6800802
2.3243797,2.6115162
2.2895129,2.672469
2.109404,2.658993
2.1527393,2.5882266
2.1199622,2.5726776
2.2292628,2.5160723
2.1858635,2.6906934
2.250119,2.6217818
2.332735,2.6123402
2.3027158,2.672652
2.2153592,2.5934947
2.2687132,2.675495
2.2979138,2.5590193
2.411493,2.6185358
2.4485278,2.6440904
2.2243793,2.501698
2.3798862,2.660333
2.14054,2.625224
2.1190293,2.5077205
2.227044,2.5032482
2.1062303,2.626771
2.1025805,2.6316326
2.3770206,2.508195
2.1556585,2.5253494
2.2709868,2.6241307
2.3349776,2.5274384
2.398655,2.6890504
2.405855,2.604512
2.2196176,2.593281
2.3299177,2.5504203
2.4907308,2.557903
2.1041124,2.586291
2.2592406,2.5517886
2.173136,2.5443857
2.2609425,2.6584518
2.2614772,2.687468
2.460157,2.5123916
2.5120442,2.5708046
2.1036632,2.6713479
2.2796984,2.6029365
2.1708336,2.6920686
2.2359807,2.5165482
2.360775,2.545273
2.1461823,2.587549
2.201035,2.5127766
2.4175062,2.557333
2.127614,2.5297604
2.4912,2.6360714
2.265748,2.571771
2.1083553,2.674781
2.230556,2.5649652
2.1252463,2.5652404
2.144601,2.5484436
2.1874967,2.6999445
2.2061598,2.55375
2.1009455,2.693433
2.3866916,2.5117004
2.1397085,2.5806742
2.1643922,2.568338
2.1263876,2.5978327
2.4042034,2.5854073
2.1038973,2.6277738
2.1741521,2.6860638
2.1072092,2.6872306
2.1271467,2.5551214
2.1772606,2.6715894
2.1146092,2.6781292
2.355458,2.6238282
2.107278,2.6683764
2.2012289,2.5003223
2.120618,2.681066
2.1202898,2.5028236
2.1501324,2.6515265
2.3269625,2.508578
2.4089496,2.61947
2.1951368,2.588858
2.1711156,2.6946235
2.200307,2.6290872
2.2112918,2.5265088
2.3249898,2.5397458
2.212952,2.6488473
2.4966462,2.578061
2.2186644,2.5077426
2.15054,2.6323164
2.1219535,2.5103488
2.1544874,2.5188785
2.1443717,2.5344834
2.1213465,2.6089282
2.2544081,2.6795936
2.300735,2.5626554
2.282903,2.6239543
2.1471019,2.5532467
2.1058803,2.6835659
2.267941,2.6904974
2.16293,2.6324267
2.2500858,2.5926354
2.3235548,2.5399244
2.1271133,2.622132
2.1281824,2.6143024
2.202378,2.6388288
2.257329,2.6802409
2.1587138,2.6758475
2.2122467,2.5961847
2.1573594,2.5196884
2.1168976,2.5193782
2.1179974,2.5582304
2.1556864,2.6133444
2.2042093,2.5101497
2.182872,2.6539667
2.2704043,2.6637583
2.2168307,2.525982
2.2852306,2.6374025
2.1869566,2.6259055
2.1710382,2.5609212
2.2043624,2.6700737
2.151361,2.5952396
2.106887,2.5626495
2.109739,2.6255977
2.265326,2.6909547
2.2808578,2.6004436
2.2161005,2.622841
2.379911,2.570149
2.2594445,2.5360188
2.1746514,2.631622
2.3333948,2.603165
2.3049781,2.509973
2.148186,2.6115682
2.127486,2.6003563
2.2185013,2.6284885
2.1179051,2.5118263
2.1767333,2.627998
2.1087232,2.6040468
2.205949,2.6226325
2.2876458,2.5185776
2.3546693,2.655021
2.2904,2.5640275
2.101244,2.5640557
2.1063118,2.6257007
2.2034123,2.6199777
2.4970396,2.5252001
2.1004171,2.5581875
2.3054085,2.5873327
2.1637278,2.6501167
2.211119,2.6318123
2.2353446,2.687192
2.1299129,2.584572
2.2054453,2.5160906
2.191949,2.565601
2.1021504,2.5232275
2.1405313,2.6323688
2.1838365,2.621586
2.1675458,2.535335
2.121639,2.574336
2.1628654,2.5258882
2.465668,2.668219
2.4660482,2.628081
2.4575438,2.572015
2.140808,2.5698667
2.3310974,2.6327512
2.12452,2.6268377
2.127777,2.5455227
2.3488297,2.5274186
2.3380055,2.6915941
2.1183813,2.6507034
2.1258762,2.6377583
2.2679768,2.6677434
2.240614,2.5765638
2.1342866,2.6952016
2.1804388,2.651401
2.452061,2.54927
2.165249,2.6781077
2.1613274,2.5588038
2.4408023,2.6607833
2.213327,2.6550505
2.2837336,2.5314333
2.1014006,2.5592678
2.426114,2.6588686
2.1278634,2.6001124
2.291318,2.6495152
2.1433072,2.572282
2.4042504,2.6540565
2.139193,2.655612
2.258736,2.5134733
2.1254818,2.53294
2.3668454,2.550535
2.1181276,2.5180566
2.2124643,2.515705
2.120643,2.5564268
2.3505404,2.6846187
2.2197015,2.528055
2.1124456,2.5335314
2.435138,2.6866999
2.1115048,2.684479
2.1312394,2.628581
2.2845585,2.5307424
2.1929443,2.5682104
2.356111,2.6955695
2.304274,2.6465228
2.1500504,2.6306336
2.2864428,2.5541594
2.1563885,2.682544
2.4162016,2.5847542
2.4201272,2.5138178
2.1499925,2.558824
2.2380812,2.527311
2.48437,2.6982846
2.2938788,2.6470706
2.115517,2.684671
2.4191108,2.59275
2.204905,2.6334019
2.4286146,2.5631454
2.1629114,2.5288517
2.4861958,2.6191583
2.4359438,2.575032
2.400527,2.6735034
2.1642783,2.5096426
2.440273,2.5472853
2.11209,2.6089542
2.1477172,2.6957068
2.410784,2.6945226
2.1730742,2.5184937
2.1054714,2.5182557
2.1637058,2.5745215
2.3365633,2.5625422
2.141305,2.6342707
2.2429578,2.5145228
2.203048,2.5646496
2.2304,2.5326169
2.1821866,2.5163112
2.3444538,2.6774251
2.3298678,2.6120143
2.1444595,2.6027417
2.1631932,2.5000417
2.3805046,2.6379902
2.119499,2.677788
2.2648594,2.5192175
2.10003,2.5940442
2.4224207,2.513415
2.290808,2.5019495
2.25396,2.6538942
2.2352633,2.5713103
2.4799666,2.5415
2.2393036,2.6295304
2.5039837,2.620673
2.2367392,2.6858811
2.271132,2.5401506
2.1038632,2.6488447
2.1456263,2.6792114
2.1172996,2.5698519
2.1871169,2.660331
2.2943594,2.6917489
2.4595509,2.5985487
2.1901777,2.5509627
2.1572187,2.6751912
2.28643,2.6720264
2.2378151,2.5875347
2.1307597,2.6201127
2.4584997,2.5366445
2.3535466,2.684958
2.1799586,2.6502419
2.320004,2.5756629
2.3416784,2.614551
2.1068316,2.5730898
2.1954343,2.6845653
2.1107857,2.5866637
2.3089006,2.543584
2.3293726,2.5150669
2.516052,2.5341668
2.200893,2.6201425
2.3587267,2.5933514
2.3778088,2.5174456
2.1443837,2.507757
2.5230713,2.6215172
2.2139735,2.645277
2.295062,2.5212502
2.1199527,2.6247451
2.121245,2.554574
2.4172025,2.502548
2.1731691,2.5736487
2.287611,2.6565204
2.1488228,2.5852687
2.2327342,2.6942732
2.2035522,2.6725793
2.1874526,2.6148615
2.2897747,2.5458233
2.4578593,2.5710187
2.3452613,2.6596017
2.240974,2.6802647
2.1827314,2.6536477
2.4030592,2.6873345
2.4486814,2.651095
2.1059406,2.6153843
2.1220965,2.5047352
2.2714865,2.5705996
2.2151883,2.5330927
2.2336786,2.5581117
2.1780276,2.5774248
2.3951807,2.5257792
2.1281993,2.5734417
2.1675718,2.5118582
2.1737847,2.6515467
2.274017,2.5683606
2.1202853,2.5336263
2.1763763,2.5837393
2.1654723,2.5753608
2.2216625,2.591273
2.1270282,2.6034899
2.3310413,2.669892
2.154851,2.5050688
2.126806,2.6493452
2.4588125,2.6532817
2.2442145,2.5460622
2.1009128,2.6797714
2.2916863,2.5066266
2.2488992,2.5458336
2.1676583,2.585746
2.217856,2.580369
2.1983018,2.688486
2.3128572,2.5602107
2.3070037,2.5489495
2.5134873,2.5213814
2.1882937,2.5581007
2.2514982,2.5145402
2.1116776,2.585886
2.1577013,2.5201838
2.252569,2.564081
2.1779969,2.5381744
2.2821417,2.6869404
2.4873736,2.5562027
2.2598383,2.5600054
2.4932415,2.6747665
2.1270993,2.6648924
2.3712296,2.5700777
2.1470397,2.6905499
2.37589,2.5164013
2.2344677,2.6184483
2.2242875,2.5151985
2.2452404,2.5640395
2.2940114,2.6012585
2.1620233,2.6743233
2.207376,2.6374454
2.2212522,2.6191423
2.2070043,2.6351604
2.248683,2.5838764
2.1127808,2.5692995
2.3335648,2.5463245
2.1591933,2.5015323
2.1038144,2.5954082
2.344316,2.6583824
2.1260042,2.6926727
2.1928163,2.6221972
2.222957,2.5715
2.1221104,2.5562148
2.5214508,2.5482237
2.2090735,2.6228404
2.4221344,2.6376808
2.3696895,2.5338464
2.2736697,2.5815792
2.506446,2.677469
2.3693368,2.6508904
2.4199414,2.5471895
2.136254,2.6905074
2.1386814,2.6721063
2.263783,2.5900433
2.318182,2.677607
2.3360257,2.5248675
2.1669223,2.520639
2.2229314,2.5645902
2.4082954,2.5219502
2.2450702,2.5311947
2.477073,2.5735025
2.1167784,2.545289
2.1317523,2.6125436
2.3139775,2.6235795
2.1246202,2.5364025
2.4657156,2.612082
2.1624103,2.5760462
2.367292,2.502742
2.148722,2.5637844
2.2930703,2.5527148
2.1975367,2.6037889
2.1133976,2.6879318
2.1092985,2.6506984
2.2507873,2.591091
2.19725,2.5040164
2.2889621,2.679049
2.3914144,2.5584364
2.2646432,2.6405816
2.2326822,2.5674942
2.23629,2.5332732
2.1729484,2.6083486
2.4081116,2.6653137
2.100693,2.573676
2.2058342,2.5351663
2.1584766,2.542851
2.187895,2.672597
2.2045832,2.5529523
2.1228828,2.5831623
2.2679548,2.684737
2.1235063,2.535274
2.1429527,2.5490065
2.3211868,2.5388303
2.312946,2.5255187
2.2158523,2.5327382
2.225463,2.5966613
2.3208785,2.6711202
2.2322655,2.5604596
2.254924,2.6475227
2.1792295,2.6177788
2.139731,2.5006266
2.4894793,2.5375023
2.1015124,2.5586014
2.1676667,2.5877917
2.1107168,2.5096667
2.2183921,2.6015522
2.2200406,2.584936
2.3054347,2.5782144
2.3545535,2.678082
2.2269423,2.6733382
2.356043,2.6598861
2.1234477,2.6990979
2.114351,2.668015
2.1725702,2.665637
2.252527,2.6846147
2.1925058,2.5594084
2.1558378,2.6763515
2.2431016,2.5201566
2.2232957,2.6011744
2.2043393,2.5696216
2.1523707,2.581637
2.265161,2.6110587
2.2393672,2.5485003
2.2071028,2.5613048
2.1751363,2.542588
2.266887,2.659861
2.195395,2.632173
2.1558874,2.6976411
2.2898831,2.5133698
2.4332612,2.5208006
2.3094842,2.578272
2.16614,2.6247656
2.10483,2.6251132
2.1987143,2.6174026
2.4234128,2.5428426
2.2257645,2.5074067
2.2886274,2.5149548
2.3591003,2.5868726
2.1785746,2.678879
2.2580192,2.6081746
2.2475002,2.5012746
2.1443326,2.6314147
2.251346,2.6250372
2.1134262,2.5618603
2.1183069,2.6315727
2.203142,2.5110273
2.2038636,2.693037
2.1413372,2.693045
2.1595418,2.514185
2.1212497,2.5095077
2.305373,2.561668
2.1543653,2.5772297
2.1128564,2.6316366
2.149309,2.5493574
2.1837585,2.507358
2.130866,2.6167507
2.5160797,2.5381918
2.2577622,2.53807
2.4904168,2.5537739
2.259649,2.5975058
2.1459405,2.6817932
2.5270503,2.6242783
2.1002336,2.6637578
2.3280075,2.5826511
2.1983132,2.5769417
2.5229127,2.5565324
2.2733407,2.6040177
2.1337485,2.678608
2.2475395,2.6272137
2.155131,2.5052276
2.1355643,2.5115533
2.125818,2.5389025
2.1563787,2.569191
2.190726,2.5688834
2.4801855,2.6754344
2.2075462,2.557979
2.2326605,2.5256479
2.110756,2.6117454
2.4170518,2.6039968
2.2349687,2.6816413
2.3802462,2.5339167
2.3054018,2.6111329
2.284498,2.6692472
2.1041758,2.537986
2.2565863,2.5781193
2.2336843,2.5082853
2.1997025,2.6618617
2.214127,2.6081352
2.1043746,2.688829
2.3774397,2.6243858
2.1567001,2.685049
2.2877526,2.5057144
2.2390728,2.5924037
2.3564324,2.514946
2.1793919,2.6026232
2.305125,2.5889664
2.3653708,2.5244122
2.3791351,2.523522
2.1683898,2.6957066
2.1540532,2.6884315
2.1813989,2.5317304
2.2637713,2.692804
2.2021692,2.5253353
2.3418303,2.642335
2.130519,2.509225
2.106285,2.5746017
2.2034988,2.5091558
2.3937016,2.6297174
2.1190162,2.68986
2.1865208,2.628715
2.1447575,2.587839
2.4194863,2.5395927
2.4051015,2.5799823
2.4638333,2.5240211
2.3276877,2.55127
2.2979982,2.5994446
2.1428304,2.6181717
2.1843631,2.6116889
2.1736782,2.5540316
2.2118723,2.5692682
2.1788187,2.6874156
2.4215515,2.5781481
2.2392828,2.5948327
2.2656062,2.6158185
2.353133,2.5552258
2.2372737,2.6303096
2.5178716,2.5277634
2.2925835,2.5448692
2.1647747,2.6706996
2.177757,2.5059795
2.526175,2.5069778
2.1454985,2.6264155
2.3623905,2.5741503
2.2061827,2.6932025
2.2964997,2.5712483
2.1451278,2.5469434
2.1972117,2.5574653
2.1221347,2.6422904
2.106077,2.5511284
2.25089,2.6376116
2.3869896,2.5770464
2.1773765,2.5058882
2.4520953,2.5903473
2.1013649,2.606974
2.3948324,2.6780107
2.3001082,2.6959615
2.3260875,2.6159074
2.5093958,2.579085
2.1400762,2.6523113
2.2738264,2.5120828
2.207568,2.5946808
2.5206387,2.6140728
2.1830041,2.522234
2.361634,2.696109
2.1053085,2.5515864
2.4060018,2.5987709
2.2273712,2.5839293
2.2820709,2.6496844
2.376454,2.652406
2.164659,2.6268353
2.130418,2.5474088
2.3359044,2.6048703
2.341555,2.6873147
2.242882,2.6747625
2.123965,2.6851778
2.269984,2.5079644
2.1852527,2.5751002
2.3611853,2.6802547
2.1360314,2.6221287
2.214078,2.5140965
2.1607153,2.6231728
2.3365963,2.6789029
2.4190786,2.6855547
2.202027,2.502222
2.1383808,2.5183024
2.1548274,2.5043886
2.1479697,2.5076292
2.1916285,2.690036
2.2878277,2.6350567
2.1042528,2.6668255
2.2808726,2.511135
2.4572456,2.6943738
2.276617,2.681858
2.3801882,2.5776293
2.4986837,2.6611502
2.1086392,2.5172167
2.2151132,2.5417607
2.1083477,2.5131965
2.1433315,2.6221247
2.1570528,2.59032
2.3459117,2.5107408
2.1244345,2.5384655
2.2334821,2.5014548
2.12671,2.5944917
2.1636264,2.680106
2.2009413,2.6774626
2.5028336,2.6895506
2.4260962,2.5120208
2.5431566,2.5899136
2.4839406,2.6405575
2.521344,2.6414328
2.1416304,2.5299008
2.1064053,2.5257857
2.1010683,2.5058796
2.3120937,2.573309
2.1013353,2.699365
2.1310964,2.59691
2.3527293,2.591269
2.128562,2.5643146
2.1442318,2.5830636
2.3907132,2.5337234
2.2747862,2.5220435
2.1740255,2.579404
2.125041,2.5246966
2.1663597,2.6788726
2.2110934,2.5229292
2.2626724,2.510933
2.2599103,2.6357586
2.3677309,2.525856
2.2033398,2.6768856
2.1695333,2.592021
2.1138315,2.5766053
2.205494,2.6956682
2.190747,2.5778005
2.16403,2.590046
2.1364243,2.6456287
2.256113,2.5958798
2.177836,2.6682608
2.2066565,2.607823
2.2990396,2.5865858
2.5103688,2.5643616
2.1732512,2.6014643
2.4674456,2.5223649
2.365739,2.5894067
2.4048696,2.6030037
2.1946497,2.6140094
2.1303322,2.5118883
2.3889241,2.6187942
2.436221,2.6225526
2.1869106,2.5919156
2.3161778,2.639967
2.185039,2.646622
2.2486403,2.552206
2.166904,2.6311698
2.110144,2.6424413
2.2610278,2.5398197
2.230973,2.5655293
2.1062446,2.599541
2.1829047,2.636842
2.1521325,2.6260896
2.1623366,2.5712066
2.1839015,2.665999
2.101779,2.6506922
2.2059913,2.517317
2.134781,2.646182
2.2065392,2.6524477
2.170463,2.6477723
2.3323066,2.5465777
2.2380807,2.6414363
2.25981,2.5069618
2.220097,2.6907678
2.34077,2.6059556
2.1657934,2.6343126
2.2708642,2.6711416
2.2325685,2.5068197
2.3526533,2.5500455
2.1275685,2.6928449
2.1426256,2.5819616
2.1166055,2.5010386
2.309446,2.5230534
2.2630377,2.5936043
2.1940289,2.5922894
2.2374876,2.5104191
2.4298077,2.5947964
2.183119,2.5464034
2.3647587,2.6552176
2.1328573,2.6378438
2.3607147,2.5727656
2.120994,2.5723467
2.2735953,2.5399294
2.122911,2.5228934
2.3017046,2.5313175
2.200916,2.6560125
2.205209,2.6695607
2.2832108,2.6908681
2.291054,2.6695416
2.1943398,2.5730317
2.136185,2.5157435
2.1120033,2.5828779
2.4952123,2.6375303
2.2159295,2.5701666
2.2043858,2.6869333
2.2524428,2.5224044
2.1011024,2.6227646
2.1240785,2.5657394
2.3769777,2.6958563
2.383897,2.6037798
2.1136208,2.6483862
2.3587234,2.6069505
2.1290288,2.6235251
2.4439464,2.5075474
2.382055,2.526571
2.2004292,2.609307
2.1493266,2.5710702
2.105305,2.566796
2.180469,2.678956
2.2930975,2.5490248
2.1823301,2.595843
2.1804836,2.5566926
2.2195992,2.6848738
2.422464,2.6702626
2.3651352,2.5405354
2.3356364,2.5346384
2.4957683,2.6213033
2.1035693,2.5335305
2.4265215,2.6085734
2.3492312,2.5675485
2.521336,2.6874478
2.1779869,2.6656451
2.276366,2.506776
2.2752726,2.6853156
2.197458,2.5099783
2.127479,2.5843446
2.2539716,2.612744
2.1685467,2.5127096
2.3550994,2.5166516
2.3380034,2.6409297
2.4373627,2.6181326
2.1370368,2.5359595
2.2462254,2.6799057
2.1025,2.5286229
2.30049,2.6151354
2.2150948,2.5095527
2.1395247,2.5187917
2.1862726,2.5219595
2.1165843,2.5095665
2.1514733,2.6559863
2.2011437,2.6295073
2.3081698,2.5781777
2.1459289,2.5079768
2.3536053,2.5276058
2.1315289,2.5462065
2.1192684,2.62811
2.220757,2.614401
2.1956317,2.5526361
2.185917,2.5425699
2.295707,2.6248412
2.4781651,2.6239862
2.2877328,2.549397
2.241411,2.6470551
2.2257385,2.675878
2.4678864,2.677616
2.1788547,2.5500941
2.3741987,2.568203
2.1397269,2.526983
2.2025633,2.6281903
2.19396,2.6151628
2.1165311,2.597455
2.113784,2.6342583
2.1741016,2.5268931
2.4653246,2.5593154
2.1596847,2.507159
2.4332345,2.6678863
2.2523046,2.664964
2.2425756,2.5727816
2.1298585,2.5097818
2.281411,2.6853797
2.1112826,2.5151603
2.3323455,2.5260117
2.2740111,2.5239885
2.2465992,2.52045
2.2857106,2.6727123
2.2627203,2.6956778
2.505636,2.5231538
2.1570017,2.6137347
2.1789975,2.6162748
2.142225,2.614748
2.3573396,2.5033813
2.11295,2.610807
2.1098254,2.5437284
2.3340218,2.6046815
2.2110271,2.6527953
2.2900977,2.5393054
2.3395252,2.5843868
2.2200937,2.5458376
2.1797314,2.6592057
2.2233913,2.5759494
2.2099476,2.594664
2.21158,2.5081103
2.5182703,2.5060546
2.1747985,2.687388
2.323841,2.58281
2.1306884,2.6628828
2.2925577,2.6106536
2.1891427,2.6868916
2.4023888,2.599624
2.1488001,2.6853006
2.3046038,2.66362
2.161598,2.6231546
2.1086674,2.5179973
2.1148472,2.5536652
2.205613,2.5042722
2.361023,2.5495768
2.1880572,2.5313175
2.2743466,2.6550243
2.2069457,2.5026388
2.1792305,2.6041968
2.1096375,2.56334
2.326019,2.5098157
2.4787803,2.5050027
2.4501867,2.6453025
2.1959026,2.5542088
2.157838,2.6077046
2.1770973,2.552826
2.267852,2.5851796
2.5426962,2.624734
2.465346,2.5041976
2.1468616,2.58771
2.1268501,2.5500903
2.1926248,2.6346538
2.3681886,2.624704
2.50336,2.6284466
2.3772793,2.566992
2.4028924,2.500356
2.1651485,2.505999
2.2465737,2.5066826
2.4049284,2.6382031
2.2704582,2.6359742
2.1222243,2.5855503
2.2484288,2.5218952
2.101026,2.57337
2.4903088,2.6510623
2.298933,2.5748024
2.1662295,2.6798847
2.3900895,2.5879254
2.1370006,2.5382206
2.2030306,2.677585
2.2808397,2.5125725
2.1856048,2.6004596
2.1329901,2.5103981
2.3415785,2.6650453
2.2032015,2.5029283
2.1497025,2.529155
2.1180155,2.5735774
2.1666965,2.5013554
2.109983,2.6624637
2.1894047,2.637509
2.1664515,2.6150038
2.2703936,2.621125
2.1824367,2.5704591
2.1347802,2.638893
2.222921,2.6841092
2.301411,2.504305
2.1171455,2.6850805
2.293195,2.518063
2.247777,2.6216805
2.121864,2.564872
2.1674786,2.6049066
2.1385338,2.5054908
2.101347,2.584874
2.40509,2.5176091
2.2348225,2.6210172
2.4653993,2.6742678
2.1681893,2.6254673
2.3003461,2.5845044
2.3938162,2.5315146
2.1988702,2.572237
2.3764064,2.6521275
2.1343431,2.6989021
2.2192924,2.5295703
2.1584713,2.5075676
2.2659078,2.6753173
2.2058613,2.6620677
2.1811838,2.679079
2.1150248,2.5855467
2.1117127,2.5590296
2.3184652,2.6140113
2.158105,2.5725372
2.1062133,2.595953
2.3389866,2.6114597
2.26492,2.5232038
2.110591,2.6630602
2.324126,2.5279088
2.128167,2.573325
2.1310081,2.51773
2.2214992,2.6440012
2.4044914,2.5122252
2.1314003,2.5632315
2.156457,2.5111558
2.146467,2.604438
2.2596781,2.5416744
2.3554673,2.6052892
2.1211476,2.6523898
2.438255,2.57908
2.2290678,2.6462903
2.2550883,2.5470443
2.246425,2.6647365
2.1031415,2.5608432
2.2331648,2.6857321
2.2395043,2.599194
2.4924114,2.6504054
2.1556346,2.6877165
2.2594643,2.6102908
2.1091352,2.5283515
2.5489237,2.6029024
2.1624422,2.6310713
2.126393,2.5282514
2.1793854,2.6789825
2.1094065,2.5975878
2.5031457,2.574941
2.1548781,2.547038
2.1978934,2.5517812
2.1100693,2.6308615
2.256793,2.5826066
2.2578337,2.611408
2.1921458,2.6038723
2.177079,2.6397674
2.2407622,2.5399122
2.12473,2.5320222
2.4803421,2.6570985
2.171246,2.6027162
2.322053,2.583114
2.1404846,2.540994
2.486021,2.5823755
2.2353318,2.6997979
2.2995782,2.6924417
2.394811,2.5222862
2.2211983,2.5890117
2.2129986,2.680585
2.3555627,2.6376467
2.180991,2.6444087
2.199366,2.645437
2.2549489,2.6065922
2.1035464,2.5329294
2.1352956,2.5626059
2.117549,2.624681
2.2478638,2.543996
2.4905846,2.6410003
2.185584,2.5019515
2.4394448,2.6834311
2.1337242,2.565411
2.1426888,2.5745027
2.1958332,2.622117
2.1426277,2.6990042
2.2424533,2.6703918
2.1513822,2.5303178
2.1686985,2.5877411
2.2997477,2.614486
2.1421216,2.5159492
2.17081,2.5088816
2.1760113,2.6795006
2.3171766,2.6222076
2.3294365,2.5735173
2.394647,2.5531538
2.1377435,2.6406348
2.1529968,2.6438384
2.1909428,2.6849186
2.4978175,2.5611014
2.3393338,2.6722379
2.1155617,2.6596613
2.1606677,2.6548698
2.3824613,2.675467
2.129214,2.611775
2.214083,2.606954
2.2346413,2.5304372
2.1222234,2.6045763
2.3865964,2.624125
2.2934043,2.5931787
2.254326,2.6237042
2.5015042,2.6910193
2.1602428,2.6975524
2.1245878,2.5847905
2.2639096,2.6854913
2.1276655,2.6101472
2.274027,2.6563041
2.147244,2.6311557
2.161257,2.6999202
2.1198936,2.544052
2.2994506,2.5111012
2.2097201,2.6131225
2.1040714,2.6693933
2.1849213,2.5575552
2.1374998,2.6265051
2.2624679,2.5936308
2.3025336,2.5861406
2.1765728,2.634782
2.1182811,2.5233808
2.1060727,2.5207024
2.2008219,2.5967634
2.2349916,2.5081415
2.2159786,2.6064858
2.3168325,2.6697881
2.2663822,2.6391723
2.1281354,2.5615828
2.1273751,2.6233592
2.1276305,2.6774256
2.1596344,2.6319785
2.437462,2.5395012
2.410546,2.5947735
2.4588175,2.6844275
2.132001,2.566861
2.275471,2.549077
2.397194,2.512804
2.1835756,2.549854
2.2314029,2.5065343
2.1337883,2.5861523
2.2307673,2.617956
2.1074827,2.6282837
2.3965628,2.623508
2.1358035,2.5738454
2.2878234,2.5780416
2.1430702,2.5203917
2.2711165,2.670217
2.3076975,2.5643172
2.4661713,2.5060725
2.143805,2.563646
2.4747398,2.5636916
2.289929,2.6463199
2.511828,2.5231323
2.149369,2.5714152
2.1910017,2.6876912
2.2509592,2.5787683
2.2520783,2.5758357
2.3715534,2.520087
2.353342,2.6574838
2.2573743,2.6722915
2.1241179,2.6234374
2.120445,2.5741727
2.1039655,2.5567806
2.1325183,2.6673176
2.179657,2.5706272
2.3361783,2.5062182
2.3344169,2.6632442
2.159762,2.5985398
2.1071136,2.5126226
2.1793985,2.6575935
2.2421653,2.6263652
2.4357977,2.638765
2.2217488,2.5552294
2.2575424,2.6761544
2.521064,2.6022563
2.1592138,2.596132
2.3396335,2.5592256
2.5204527,2.50052
2.2485776,2.5080788
2.1876667,2.568776
2.1823056,2.6312795
2.1440449,2.5208116
2.2529817,2.5940828
2.3268833,2.5782788
2.202659,2.5934026
2.325537,2.6167214
2.204776,2.6147492
2.2815983,2.5281982
2.3246684,2.5666015
2.5380487,2.625787
2.2479692,2.5353878
2.2134187,2.67143
2.2414777,2.5641453
2.202493,2.5305185
2.1394942,2.6374571
2.3679442,2.575112
2.3461466,2.6459663
2.1006098,2.6846738
2.499136,2.6353102
2.2502344,2.5279937
2.4124105,2.55331
2.356658,2.607939
2.529142,2.516394
2.384528,2.6020923
2.104724,2.6859784
2.2621722,2.6495862
2.133775,2.6688676
2.5472734,2.6985624
2.1688943,2.635704
2.244649,2.5588524
2.109912,2.6444883
2.1256251,2.5598314
2.277161,2.5358095
2.1384084,2.6038868
2.1133606,2.5397148
2.4154253,2.5381513
2.2131472,2.636709
2.3679898,2.665661
2.3009362,2.5788379
2.3688633,2.5088913
2.1059215,2.609767
2.1091645,2.5605037
2.1832407,2.5710607
2.5116758,2.5500975
2.1451964,2.6529877
2.2458625,2.6634367
2.1582835,2.662767
2.1506507,2.5374804
2.3273082,2.6854894
2.4291937,2.6125386
2.2036724,2.648965
2.3115752,2.5576732
2.145857,2.527763
2.2248945,2.5737684
2.207622,2.6577308
2.10162,2.6147552
2.1449704,2.5070236
2.1310062,2.6062553
2.1790237,2.507316
2.165279,2.6085758
2.1218374,2.6512172
2.162857,2.6460156
2.4089906,2.6890666
2.3240383,2.5378041
2.5140805,2.5107782
2.307912,2.55856
2.2390378,2.5178957
2.1881566,2.5455859
2.54056,2.5047135
2.1163332,2.6262453
2.3636467,2.5434864
2.1359327,2.6723824
2.106946,2.589889
2.1346543,2.6770291
2.3426769,2.6407585
2.1244087,2.6740453
2.1822941,2.5326684
2.4404807,2.522138
2.1224618,2.5926688
2.4190245,2.6976519
2.2285616,2.5290804
2.1463242,2.5634627
2.1943889,2.5551977
2.3708432,2.5321636
2.313095,2.5189059
2.2349603,2.6103842
2.2757492,2.5892894
2.2010698,2.5059652
2.3010886,2.5459323
2.2124043,2.5386643
2.1987207,2.6327949
2.5015836,2.6951075
2.1604242,2.687608
2.3922007,2.6221495
2.1487577,2.503463
2.161739,2.5093822
2.159005,2.5461376
2.1925359,2.5699534
2.1591992,2.6706846
2.1086273,2.5762537
2.3223836,2.5172732
2.1736305,2.5748165
2.1138668,2.64286
2.3361738,2.6176775
2.1077952,2.52078
2.229161,2.5255208
2.180168,2.5341375
2.1166086,2.593882
2.4410284,2.5447767
2.1395042,2.5584898
2.2015557,2.5767846
2.5335596,2.5041392
2.3119245,2.5846481
2.141876,2.69038
2.3497381,2.6384423
2.3428016,2.5703247
2.3859289,2.6514735
2.2517605,2.601304
2.2434795,2.549687
2.2707026,2.5315127
2.2358696,2.6862345
2.116729,2.649252
2.2642605,2.6236289
2.2415693,2.5276878
2.2501373,2.6280866
2.239129,2.6177514
2.265235,2.5235906
2.2143683,2.5484421
2.2558844,2.5205002
2.1219294,2.5686567
2.1704783,2.66822
2.26408,2.591391
2.366336,2.6920981
2.1910095,2.5733573
2.1174836,2.5157163
2.2497556,2.6068943
2.1846237,2.5036297
2.1219559,2.5609212
2.2080016,2.5164213
2.2520425,2.5251412
2.306572,2.6194072
2.4305618,2.5055106
2.1478727,2.6323183
2.1423643,2.5702894
2.4605908,2.682937
2.2498057,2.5771856
2.1976633,2.5558038
2.1323266,2.5537133
2.1160078,2.5843341
2.1969001,2.6923897
2.2931693,2.5411863
2.3190026,2.6503851
2.1179588,2.5151198
2.293527,2.6277003
2.1187117,2.5392678
2.3011508,2.6739821
2.1595368,2.6200452
2.3626451,2.6573365
2.1991622,2.5704546
2.1680832,2.6567032
2.537301,2.5976253
2.2129138,2.511814
2.193051,2.6148918
2.2535803,2.6532614
2.3985105,2.6932106
2.1548755,2.6631007
2.104097,2.5317633
2.3028877,2.5674362
2.207924,2.6171532
2.1706033,2.6987336
2.2450824,2.6270294
2.4314506,2.6777065
2.5154283,2.6449885
2.393663,2.5897655
2.3183315,2.5101385
2.227187,2.6416712
2.2582417,2.5961332
2.332528,2.6126814
2.2154336,2.5743797
2.1868792,2.60357
2.349064,2.5982766
2.1468554,2.6919856
2.3373668,2.6186392
2.250817,2.6334732
2.1821983,2.6050313
2.1056693,2.666451
2.2983952,2.604698
2.3026073,2.546403
2.1901689,2.6380591
2.1306338,2.5224183
2.253862,2.5798697
2.5419414,2.63964
2.2323217,2.5119371
2.136621,2.693115
2.2913518,2.6731977
2.3148534,2.5173843
2.1959257,2.5047786
2.282552,2.555034
2.1743917,2.6926498
2.2164044,2.5880117
2.2661386,2.6589391
2.1460292,2.6625974
2.195504,2.5036902
2.236854,2.5987802
2.1846378,2.5852964
2.1087012,2.6591313
2.164059,2.6413083
2.260418,2.633006
2.14077,2.5050423
2.3541458,2.6152866
2.3103247,2.6076207
2.3485322,2.6033497
2.1672456,2.636727
2.1096008,2.6393335
2.254225,2.669064
2.368587,2.6357965
2.264484,2.5959928
2.1112764,2.694755
2.1106887,2.650654
2.1378353,2.5004635
2.45183,2.5990086
2.2654157,2.5985734
2.3939838,2.5050075
2.4561238,2.5513482
2.3165503,2.5157378
2.2435923,2.6607769
2.1223311,2.528977
2.2508004,2.518603
2.3071527,2.6401663
2.2513158,2.5907042
2.1564324,2.5085213
2.2822037,2.5669053
2.3548162,2.693494
2.3135536,2.523664
2.4431884,2.5647516
2.1541903,2.6416633
2.2309604,2.6721313
2.144322,2.6136453
2.4947853,2.6230278
2.2055545,2.6504555
2.1693032,2.6957812
2.4396162,2.6059036
2.3897185,2.6621063
2.3495748,2.6572578
2.1721098,2.5900967
2.1939878,2.5607073
2.3502748,2.5796075
2.1479292,2.5348504
2.3645465,2.5372736
2.1850638,2.572374
2.2259557,2.6306903
2.1754384,2.6203592
2.1085572,2.5671864
2.310839,2.5423281
2.2769685,2.5110185
2.3796961,2.6655204
2.45516,2.633318
2.3874168,2.6374319
2.2477455,2.52356
2.217225,2.6985326
2.213837,2.6166263
2.4218707,2.6318617
2.1644166,2.6730945
2.1260438,2.6176856
2.198633,2.53098
2.1468232,2.621215
2.3768187,2.5300717
2.1250114,2.5650358
2.3172705,2.6636343
2.1169538,2.5370011
2.1831722,2.6187263
2.2679772,2.601491
2.245736,2.5573378
2.206552,2.6816623
2.276565,2.522905
2.370439,2.5277834
2.152181,2.6232848
2.1944528,2.609759
2.1916342,2.5390787
2.4175467,2.6681082
2.2171395,2.6599352
2.178496,2.5905259
2.3379145,2.651777
2.378705,2.5190413
2.2914197,2.5879776
2.2104251,2.5917957
2.3170717,2.5157847
2.1624427,2.65937
2.1070921,2.5428624
2.299147,2.603046
2.137808,2.6481402
2.1114643,2.6479304
2.4865022,2.5785751
2.1491613,2.5736718
2.223967,2.63984
2.2364597,2.6431384
2.1445363,2.6133828
2.2423556,2.602796
2.1495945,2.5444183
2.5160723,2.5136259
2.4151983,2.6318996
2.227899,2.5119445
2.3709373,2.5063746
2.1649764,2.6744792
2.2577972,2.5268488
2.4058056,2.6784804
2.3108962,2.653511
2.222226,2.621874
2.3408628,2.5870225
2.1355693,2.5660703
2.2946517,2.6867743
2.256241,2.6270812
2.2757475,2.6988964
2.138789,2.5376308
2.358783,2.65442
2.5010672,2.6058104
2.396259,2.5743854
2.3535562,2.506977
2.2002492,2.5311048
2.1825325,2.69234
2.291785,2.6951988
2.1335914,2.5818806
2.1063516,2.5608482
2.206224,2.6308784
2.1009262,2.6090987
2.3425221,2.698188
2.2093172,2.6040258
2.4759088,2.657042
2.2853148,2.5157063
2.1242783,2.560428
2.109716,2.599352
2.2100031,2.5830712
2.1782367,2.6004286
2.434496,2.5586994
2.3060453,2.629355
2.3848262,2.6170456
2.1459095,2.6510427
2.1877284,2.5327675
2.1408427,2.663533
2.2586467,2.5423055
2.2129784,2.653299
2.161005,2.5319402
2.259287,2.6417437
2.5323527,2.6886315
2.1281836,2.602906
2.212516,2.6637146
2.2919233,2.6458147
2.125195,2.609109
2.1871483,2.5011766
2.1730247,2.5839665
2.3272593,2.5505369
2.2442925,2.612191
2.3478103,2.6568866
2.1463766,2.6244938
2.4112241,2.6504934
2.1297076,2.5194476
2.4812953,2.6855125
2.3120978,2.589192
2.3492432,2.5084221
2.2198486,2.5115173
2.1958795,2.6817455
2.2548394,2.5072992
2.2656732,2.6378267
2.2384527,2.5417998
2.1066122,2.5674787
2.1260767,2.6659372
2.1053038,2.6618767
2.324535,2.6132846
2.1651888,2.5400963
2.2848675,2.574621
2.1090207,2.589997
2.3876987,2.6113176
2.1141124,2.5800085
2.1874275,2.5518086
2.161984,2.628949
2.2188983,2.5855422
2.1844373,2.5967965
2.2439952,2.5478992
2.4900634,2.5881312
2.2353427,2.5535598
2.1749005,2.517785
2.2876804,2.5142565
2.2167604,2.6221619
2.1462955,2.6370058
2.204481,2.6789446
2.3813102,2.549755
2.1455805,2.6094072
2.519807,2.5480433
2.4306958,2.678681
2.1628437,2.6914003
2.1380174,2.555743
2.398278,2.6006515
2.293033,2.5694587
2.1959584,2.6746497
2.225061,2.5620248
2.4977522,2.6319485
2.2973936,2.5087447
2.1112833,2.5383506
2.2119753,2.5931845
2.5163662,2.5679443
2.439721,2.6827567
2.103229,2.603313
2.1621084,2.6835194
2.2521772,2.5176923
2.5465112,2.6759224
2.2811935,2.5477622
2.239346,2.5543056
2.3043795,2.6770947
2.2163148,2.5418906
2.3648112,2.6997302
2.143218,2.6638825
2.2180166,2.5300605
2.1542401,2.5675774
2.188991,2.6287496
2.3521624,2.632122
2.277087,2.5513885
2.1139724,2.674766
2.222221,2.5188725
2.1348941,2.589403
2.108793,2.6481144
2.1446831,2.5336251
2.1713254,2.5339973
2.1663024,2.5639002
2.1969957,2.557825
2.2656744,2.6771958
2.2063403,2.504737
2.1186411,2.5137846
2.171619,2.5309327
2.1054497,2.523389
2.1027362,2.525545
2.4838598,2.536826
2.345716,2.5900393
2.132008,2.5727518
2.3299005,2.666552
2.3173716,2.5805833
2.2130067,2.5206134
2.1846278,2.6184185
2.372998,2.521034
2.1602583,2.606347
2.1271021,2.5013905
2.448259,2.5236619
2.4935095,2.658733
2.2513628,2.5892036
2.1476724,2.6630666
2.1405573,2.5709944
2.3941739,2.5364063
2.2342412,2.655871
2.2054317,2.5291166
2.1674087,2.5673978
2.2166762,2.6155298
2.5357497,2.580357
2.2148452,2.6135414
2.1226337,2.57361
2.2005641,2.5242634
2.214116,2.5814373
2.1247218,2.604687
2.2898726,2.6683638
2.1330311,2.562036
2.273084,2.6640842
2.3291063,2.670956
2.115781,2.6477
2.1415386,2.6106138
2.426623,2.6866186
2.3574789,2.5763738
2.178962,2.6423876
2.1366918,2.5440893
2.1573484,2.5421638
2.1178753,2.5234034
2.2064018,2.5757513
2.2496974,2.5923555
2.4309945,2.6233432
2.3285112,2.6888585
2.1869183,2.6186168
2.3707898,2.5640767
2.1420906,2.5536573
2.111363,2.5736609
2.25267,2.5570621
2.183975,2.5705726
2.2881243,2.6535785
2.5369065,2.513435
2.4533794,2.6506343
2.134612,2.5368054
2.2236202,2.596161
2.281102,2.68205
2.3045332,2.6598232
2.107801,2.523688
2.4711647,2.611677
2.1477928,2.606824
2.1956606,2.545053
2.3608208,2.6276217
2.3420715,2.5564897
2.417392,2.5831654
2.3238177,2.6090243
2.1404254,2.5530715
2.2195535,2.5659053
2.4531724,2.6839695
2.1531549,2.6778831
2.417187,2.610335
2.1135924,2.544305
2.1147218,2.6789281
2.1151412,2.6357188
2.180894,2.6562088
2.160101,2.5267591
2.2004344,2.6575716
2.240862,2.6093152
2.1946042,2.6567822
2.2680368,2.6048777
2.123348,2.6830585
2.1832209,2.552612
2.1417508,2.5293288
2.180343,2.6116784
2.104617,2.513949
2.242273,2.5365756
2.1674068,2.6500902
2.1579516,2.5594413
2.2148736,2.5119214
2.328657,2.6941614
2.1828954,2.5789173
2.129719,2.6431775
2.1188715,2.5300052
2.1635163,2.623647
2.1845465,2.6731005
2.2036288,2.591137
2.1090589,2.612773
2.25335,2.6539614
2.1240275,2.5292294
2.5378184,2.5604076
2.166852,2.5622475
2.2179937,2.5870812
2.14293,2.5031886
2.1426075,2.550317
2.2997682,2.6624336
2.1046965,2.5527186
2.1441627,2.6344252
2.2316988,2.6882417
2.1911879,2.5751066
2.1446624,2.5720809
2.2238288,2.5876188
2.170226,2.6149004
2.1155953,2.5024166
2.2404304,2.548477
2.3586633,2.6658752
2.237932,2.6965659
2.239639,2.5845404
2.190616,2.623703
2.3604074,2.6080983
2.379206,2.5290346
2.1191983,2.6051478
2.4843812,2.6922283
2.1613274,2.5640428
2.175885,2.6250625
2.17648,2.5941417
2.2171428,2.6542368
2.2333755,2.5543976
2.144846,2.597576
2.1631021,2.573601
2.512012,2.674148
2.2108076,2.6379957
2.1375375,2.6643815
2.1849425,2.524104
2.4607382,2.5361924
2.1174345,2.547357
2.428012,2.5590894
2.1775916,2.5825438
2.5361207,2.562025
2.338809,2.6714914
2.2510395,2.647816
2.227384,2.5874596
2.1954374,2.6656413
2.2241852,2.6396844
2.1543438,2.6782098
2.1697176,2.675401
2.142675,2.5910907
2.2621677,2.5037744
2.2247975,2.5750754
2.1364567,2.5515125
2.1868014,2.585062
2.218292,2.6313217
2.299975,2.5537987
2.295631,2.5537186
2.175232,2.6151154
2.1401546,2.5069795
2.5368383,2.5072343
2.1659894,2.54359
2.2678277,2.6103008
2.3919876,2.6396859
2.4095154,2.6078043
2.4428241,2.653446
2.1417136,2.5996654
2.2323189,2.5880911
2.1721041,2.52834
2.2598372,2.5166895
2.1822543,2.5081012
2.1833992,2.530874
2.1440854,2.5301168
2.2725577,2.5737748
2.2941377,2.5280704
2.1721845,2.601851
2.4170752,2.6369917
2.3789902,2.5816512
2.121852,2.662705
2.348336,2.6333826
2.141981,2.5667503
2.1449738,2.6362815
2.1116235,2.5095437
2.1170607,2.6739233
2.2056086,2.6830785
2.13474,2.5836856
2.5072343,2.5638134
2.1755624,2.5659232
2.4097576,2.5541744
2.174244,2.5267594
2.4666612,2.5797946
2.2302096,2.6450577
2.2048657,2.6509843
2.2166526,2.683818
2.4815018,2.6632624
2.1696692,2.5427828
2.4382598,2.5395782
2.3630347,2.6425092
2.1388686,2.6226592
2.1098025,2.664491
2.1004725,2.5496922
2.1511264,2.52663
2.1301463,2.6979928
2.356883,2.6248827
2.3292317,2.6840017
2.1302896,2.510451
2.5362175,2.6400437
2.1551087,2.6372106
2.3028886,2.6315672
2.3686748,2.6366131
2.3858874,2.6638877
2.5303347,2.5090096
2.277471,2.639573
2.1951418,2.615303
2.1702461,2.5497499
2.287782,2.614904
2.131128,2.5994585
2.4640183,2.610322
2.4723501,2.6909366
2.3350396,2.6633615
2.160799,2.6468604
2.1995773,2.518608
2.2816167,2.604714
2.1689942,2.6916754
2.2093244,2.5444055
2.5291164,2.575752
2.3108828,2.5758057
2.1150186,2.502806
2.154778,2.5555904
2.1670282,2.5363805
2.2027936,2.6005611
2.362422,2.6003726
2.1718671,2.5990872
2.4019978,2.6559205
2.2142625,2.6603591
2.538067,2.5701025
2.2222636,2.6605241
2.4639912,2.6977131
2.349955,2.6497529
2.2731917,2.6353765
2.1994653,2.5779889
2.179655,2.521246
2.350706,2.527259
2.4293947,2.542706
2.292859,2.657306
2.4959075,2.5987775
2.237385,2.6621804
2.5170004,2.5098245
2.287075,2.5654516
2.2946227,2.5925288
2.1925433,2.5691154
2.1560068,2.6779788
2.3575065,2.6978505
2.209861,2.5005553
2.5197651,2.6491725
2.2016904,2.6818333
2.2257738,2.558039
2.151573,2.6079366
2.1448452,2.651758
2.1755157,2.6091933
2.1785212,2.5745015
2.214401,2.664862
2.253175,2.5510647
2.3060975,2.6380196
2.1993306,2.5359092
2.317444,2.5791178
2.1142173,2.53442
2.174014,2.5427494
2.1073785,2.5433774
2.1689699,2.5101955
2.2947872,2.5781791
2.154946,2.5053067
2.2159846,2.6524186
2.1604207,2.5253909
2.3090892,2.5107267
2.4159935,2.6452162
2.3053193,2.6632247
2.100028,2.645272
2.441335,2.6876562
2.1004317,2.5141888
2.1326072,2.6698384
2.1388865,2.644936
2.2379742,2.5069945
2.3902757,2.6615694
2.281632,2.572085
2.4040174,2.5872564
2.2503102,2.6332073
2.1436334,2.5813634
2.1819594,2.6771553
2.1056538,2.5331497
2.4055305,2.5952268
2.44167,2.5348833
2.144134,2.58326
2.1598694,2.589045
2.2028782,2.5956073
2.313309,2.6676285
2.2163901,2.5791154
2.239219,2.534979
2.212684,2.6063678
2.2530966,2.6999862
2.3737082,2.654768
2.2580364,2.6714044
2.1135416,2.691143
2.1027873,2.5601907
2.3234594,2.6566947
2.3726392,2.5138972
2.3711941,2.500326
2.3391955,2.654242
2.2502136,2.5735915
2.1071048,2.6697786
2.2273643,2.6038966
2.132995,2.5922654
2.2096174,2.6555903
2.13359,2.5018566
2.276075,2.5812807
2.1202404,2.573734
2.2265952,2.6011925
2.206098,2.6788373
2.1619525,2.5747788
2.428182,2.5903702
2.279263,2.6763783
2.113184,2.6968546
2.4005418,2.500982
2.1353307,2.620546
2.1439784,2.543461
2.112488,2.6271884
2.1694653,2.6833837
2.315802,2.5516016
2.285356,2.6716206
2.4964743,2.6837177
2.3899755,2.578124
2.2489605,2.5521183
2.3485963,2.5723457
2.3514006,2.549692
2.1333497,2.5242639
2.3899746,2.6716099
2.1337314,2.561048
2.400334,2.5966752
2.131307,2.5183315
2.3513947,2.5606768
2.1624327,2.5340703
2.2782013,2.515553
2.2530823,2.5837224
2.1207242,2.619389
2.1278188,2.538568
2.5112574,2.5066998
2.1169887,2.6595469
2.1023064,2.5826385
2.149387,2.675542
2.5420992,2.5945814
2.1639326,2.5256765
2.1108892,2.605184
2.2242696,2.5077133
2.4401278,2.5111217
2.1966045,2.6383047
2.2285576,2.5010445
2.4235792,2.5224156
2.1270194,2.520893
2.1447365,2.548144
2.2394838,2.584416
2.1760335,2.5406504
2.2758543,2.5196726
2.3012424,2.5102112
2.211046,2.5716047
2.1614726,2.5871136
2.2671328,2.681513
2.274204,2.5931754
2.119247,2.6422002
2.1945534,2.6007106
2.1633136,2.5876157
2.149969,2.6284418
2.2097454,2.5592747
2.1635773,2.5021977
2.2202334,2.6972632
2.1028628,2.6050234
2.2083063,2.5230234
2.1273248,2.5290637
2.139804,2.606145
2.2153,2.559103
2.1688192,2.5430982
2.2933164,2.6289258
2.348894,2.5511699
2.1079261,2.561298
2.1718042,2.5330734
2.1478791,2.669545
2.156475,2.5593827
2.3362932,2.6287074
2.3898025,2.5836437
2.2551877,2.6615303
2.2889786,2.5175445
2.1772993,2.514632
2.2412968,2.61366
2.2984173,2.6940198
2.4662287,2.51515
2.2240891,2.665957
2.4115622,2.6435833
2.2960591,2.6851296
2.2775214,2.57463
2.1471279,2.5069926
2.4316657,2.549974
2.369761,2.525669
2.2308214,2.5572352
2.3846235,2.5301404
2.1475995,2.5028028
2.2535574,2.5637164
2.2057397,2.537124
2.4620097,2.6083627
2.1001208,2.6897986
2.501194,2.532107
2.157255,2.6595683
2.337057,2.666743
2.1709893,2.6890476
2.2761264,2.5855556
2.2484896,2.5031211
2.4557514,2.6678264
2.3001773,2.5242612
2.4121897,2.653979
2.219484,2.5955536
2.1816947,2.5560575
2.358226,2.6192877
2.2729526,2.574948
2.2289257,2.672139
2.128113,2.6083136
2.3669739,2.5447285
2.3486955,2.5059292
2.1234121,2.6924067
2.1622303,2.6477852
2.1118174,2.6941245
2.2349262,2.5495102
2.1056917,2.5372472
2.3468165,2.6941211
2.1555119,2.5805464
2.4106994,2.560667
2.1865976,2.5715103
2.2805922,2.558174
2.2037935,2.5221417
2.1810622,2.6186051
2.168457,2.6474216
2.1321352,2.5129983
2.2244482,2.6934655
2.122423,2.6183429
2.4571621,2.6519628
2.2965794,2.6306183
2.3768137,2.5826874
2.4835746,2.5542974
2.4377453,2.564502
2.3614554,2.6745608
2.1065183,2.5349824
2.4191878,2.6112225
2.4205058,2.608863
2.187439,2.646767
2.1257231,2.6704562
2.2412963,2.6625168
2.2139568,2.5176044
2.1709816,2.5621743
2.3053603,2.6024408
2.1444595,2.645858
2.121157,2.671942
2.3764956,2.644623
2.2300086,2.599718
2.4366815,2.5865357
2.1761417,2.6684446
2.3819377,2.649717
2.4307914,2.6478145
2.1521287,2.5773315
2.1531804,2.57853
2.1591291,2.5230827
2.4280894,2.5588171
2.160801,2.5349023
2.114051,2.5907223
2.2635734,2.5071094
2.1387553,2.5157287
2.3661811,2.6046007
2.3629825,2.607116
2.2513428,2.6170874
2.2965133,2.5667143
2.3065116,2.5769181
2.1459901,2.567258
2.109864,2.5388565
2.2068825,2.5205078
2.542187,2.6237347
2.2282567,2.6248589
2.4018397,2.523558
2.2842574,2.614944
2.1737516,2.6797671
2.1547844,2.5320222
2.3328078,2.5296357
2.2064373,2.5709157
2.1761742,2.5603712
2.113581,2.557475
2.102229,2.622766
2.2614033,2.5609078
2.114878,2.5216105
2.2052515,2.5755446
2.1085942,2.61169
2.3359091,2.644197
2.1039248,2.5458791
2.3576581,2.6019578
2.1319637,2.5796647
2.1634326,2.5741065
2.1836672,2.5046163
2.5464113,2.642379
2.147108,2.6307871
2.1801143,2.5704138
2.1477284,2.610766
2.1400216,2.6218476
2.2598245,2.6595995
2.1500313,2.5488768
2.252287,2.6614556
2.2273335,2.5134518
2.1007657,2.6950235
2.2425416,2.691738
2.2756612,2.6966019
2.372844,2.6068227
2.3463242,2.6936312
2.3106189,2.5404706
2.2418828,2.5235066
2.1669514,2.6941304
2.4647431,2.651734
2.268631,2.676916
2.251867,2.6241863
2.47982,2.6137671
2.107644,2.5747585
2.528307,2.517512
2.1708193,2.6617508
2.2811375,2.5180864
2.123098,2.5090392
2.2336166,2.5139496
2.2512372,2.683794
2.3872645,2.5332272
2.1160898,2.6918464
2.1012595,2.5640118
2.3187556,2.5951064
2.1743245,2.5134678
2.2400286,2.609102
2.1628778,2.6410549
2.1200523,2.6420014
2.1037352,2.5293384
2.2917886,2.6135573
2.2354944,2.5462072
2.4462967,2.682158
2.4272447,2.6804755
2.3926065,2.5845032
2.1563113,2.5082324
2.2282288,2.6804976
2.1721938,2.6399567
2.476449,2.6041327
2.1343565,2.5284557
2.109859,2.5579224
2.2124684,2.5095096
2.1614718,2.643036
2.2307801,2.5004528
2.322353,2.5938451
2.5408475,2.571003
2.1163547,2.6926804
2.451474,2.6128814
2.128651,2.608051
2.1716866,2.559238
2.2271752,2.6736023
2.166544,2.6202154
2.519367,2.572546
2.4753067,2.6746302
2.1617978,2.542963
2.5256321,2.5547762
2.2044346,2.6945415
2.1857712,2.6513252
2.355808,2.5733924
2.374037,2.5152762
2.329306,2.5899658
2.446174,2.568912
2.2535017,2.6332643
2.447086,2.6959724
2.124118,2.6686409
2.2392774,2.6863012
2.1996787,2.5278816
2.4011424,2.565626
2.1570036,2.5213962
2.1319933,2.6944785
2.3256457,2.626689
2.476416,2.5203032
2.2712255,2.5026143
2.2125742,2.553638
2.2412791,2.6193452
2.3500962,2.5144992
2.2757485,2.548157
2.1173353,2.57489
2.3263807,2.5232604
2.2198617,2.6388657
2.178165,2.6876402
2.2744093,2.669447
2.1029212,2.6089816
2.4365358,2.6958096
2.1797578,2.6511173
2.4520745,2.6823752
2.1174529,2.6553714
2.3346522,2.651075
2.1209164,2.5141797
2.3364408,2.6437614
2.1313736,2.617233
2.1113074,2.5701578
2.3182127,2.5448306
2.157634,2.6264546
2.1915867,2.5003803
2.105233,2.6962843
2.3017356,2.5703847
2.3097432,2.6621509
2.1496456,2.5482323
2.2548687,2.5546381
2.2175784,2.6095889
2.125084,2.5880027
2.2578816,2.5691028
2.2119236,2.5615568
2.1482508,2.585656
2.2248433,2.598607
2.1307585,2.5199575
2.1446679,2.5198936
2.333471,2.689191
2.340106,2.6422384
2.3508048,2.5138807
2.1223893,2.6930223
2.4351263,2.595524
2.4713604,2.6502876
2.224557,2.5952914
2.3987436,2.5387545
2.1007767,2.5295043
2.3371327,2.535093
2.4613097,2.513824
2.22967,2.5433357
2.1234558,2.5111918
2.4208903,2.5120578
2.215874,2.6355534
2.163185,2.5974388
2.158093,2.5759542
2.1277716,2.65869
2.1748986,2.588193
2.1137345,2.6170063
2.1817656,2.5511293
2.1482723,2.6293697
2.2393708,2.6141381
2.2046132,2.515678
2.1543622,2.5231047
2.3343284,2.5319996
2.1327088,2.524171
2.2245727,2.5673668
2.305355,2.5944672
2.4896677,2.5476599
2.2066875,2.6595614
2.3554702,2.6942933
2.2695243,2.535676
2.2570047,2.5915167
2.325989,2.5376194
2.1108801,2.5138216
2.4919755,2.5191424
2.286754,2.669757
2.1533806,2.5090868
2.4556925,2.5188773
2.3671155,2.6262922
2.1704621,2.6716108
2.1594105,2.6662173
2.4508512,2.5390034
2.2418313,2.5096455
2.1398969,2.5290039
2.1573577,2.5212011
2.221743,2.5540664
2.1374831,2.6192613
2.1657097,2.5583668
2.3943243,2.5241458
2.115171,2.6492343
2.1020205,2.5622501
2.2575936,2.6995282
2.252665,2.5809133
2.1649957,2.676312
2.218891,2.5789044
2.2716465,2.528532
2.1327305,2.5560436
2.251315,2.5813432
2.1609905,2.690191
2.123465,2.5571997
2.4190495,2.620319
2.3337383,2.6209614
2.162846,2.6407254
2.2431417,2.5107822
2.143099,2.678589
2.182402,2.5300987
2.109843,2.619887
2.335178,2.688854
2.2972832,2.6938589
2.1570537,2.5028164
2.1975157,2.5774138
2.1245666,2.6854002
2.5082226,2.6835628
2.32837,2.544282
2.2276154,2.5604758
2.2371895,2.5307624
2.126318,2.5169272
2.321892,2.676334
2.1831582,2.5078275
2.1151214,2.5287511
2.290473,2.5334678
2.2060707,2.521382
2.2203834,2.6047914
2.3285725,2.6356244
2.2414463,2.5058246
2.4452028,2.6507177
2.2282681,2.510215
2.154893,2.533926
2.163853,2.5724652
2.233009,2.5239725
2.1169631,2.5495005
2.2027814,2.5733128
2.285602,2.6858504
2.2007463,2.579633
2.3278089,2.5007987
2.148221,2.6691265
2.184177,2.536552
2.1887589,2.60061
2.1155424,2.559404
2.217691,2.5619445
2.264515,2.6681085
2.2584155,2.6364188
2.1023107,2.6993246
2.10359,2.6738539
2.257388,2.5282676
2.337728,2.5557182
2.1151419,2.6271923
2.1655154,2.5646353
2.541858,2.6395223
2.1559474,2.5954685
2.1064105,2.6695683
2.3221276,2.6238368
2.2997556,2.5629797
2.2850525,2.565679
2.1314988,2.5714183
2.346976,2.5912719
2.2088058,2.6419032
2.172308,2.5008674
2.4526896,2.527388
2.3343415,2.5526881
2.3753834,2.559063
2.1241677,2.5021431
2.383738,2.6035016
2.290945,2.5202787
2.3729837,2.5017805
2.2804677,2.5821748
2.1657314,2.6294942
2.3981664,2.5628316
2.1364677,2.536355
2.431994,2.5687172
2.1304798,2.631049
2.181259,2.5796185
2.2286134,2.5883093
2.3213367,2.619495
2.1013906,2.6889
2.326088,2.6826465
2.1369562,2.5329247
2.146999,2.6547322
2.3350873,2.5771997
2.1143887,2.6032743
2.2110803,2.6129272
2.311308,2.6179352
2.201563,2.5664957
2.2988389,2.6604428
2.2139556,2.620153
2.1627855,2.6757512
2.1254983,2.5449276
2.157287,2.6009507
2.1613848,2.580399
2.1953397,2.5362818
2.1095963,2.628534
2.284494,2.6693447
2.2307415,2.5182161
2.1263614,2.6715548
2.2136688,2.611222
2.1262732,2.5664208
2.168073,2.5026028
2.100525,2.6889513
2.3203344,2.6464624
2.1994114,2.6786084
2.1350198,2.688744
2.4910223,2.5393698
2.1082928,2.5056274
2.2057316,2.5505128
2.4545362,2.5375934
2.1467893,2.617494
2.13947,2.5391648
2.3158698,2.5979493
2.2715998,2.5615797
2.342997,2.6419163
2.1198156,2.6590044
2.1318464,2.6135492
2.2075045,2.5129018
2.3468301,2.5308783
2.1600268,2.613889
2.1314423,2.5274332
2.3146183,2.5964563
2.109276,2.6182702
2.2383366,2.5932667
2.4784112,2.612573
2.1150992,2.6506104
2.141107,2.6375034
2.1012242,2.5796335
2.3702943,2.5265515
2.4215791,2.558685
2.1520758,2.5476754
2.155364,2.5536273
2.1857781,2.6858377
2.2980664,2.588447
2.3284597,2.5570872
2.1876187,2.5069435
2.118893,2.5424573
2.1652596,2.6343625
2.1707814,2.6268709
2.501246,2.5869565
2.114535,2.64623
2.4789584,2.5567098
2.2333035,2.5299876
2.1842275,2.5727434
2.5416162,2.5703318
2.2506053,2.57429
2.2618852,2.6506746
2.1019235,2.6996922
2.1573572,2.6105294
2.1100738,2.5303764
2.129066,2.5195727
2.1478267,2.541849
2.3377943,2.6932335
2.1345935,2.6997144
2.2994146,2.5652037
2.121488,2.633332
2.4765384,2.6843941
2.1732235,2.5432105
2.1375325,2.5298505
2.3334079,2.6013103
2.1852114,2.6858706
2.229883,2.5949774
2.3686957,2.5800738
2.169207,2.6303601
2.3071368,2.6052494
2.268743,2.6181192
2.2117121,2.6667457
2.3909228,2.5850828
2.1321654,2.658162
2.1061149,2.5966048
2.350119,2.6933181
2.2553625,2.67375
2.1740916,2.5937796
2.3166664,2.5220556
2.3512301,2.63069
2.4926195,2.6861537
2.1055276,2.6572535
2.1407216,2.5037763
2.3486905,2.6691146
2.2450676,2.591551
2.2842777,2.6503537
2.2481172,2.6758926
2.1762893,2.5862014
2.1224837,2.6329412
2.308025,2.545936
2.3295844,2.6923635
2.4001045,2.5349193
2.145803,2.5609586
2.2075715,2.6062672
2.1328256,2.5842333
2.1412923,2.5646393
2.1675816,2.6561518
2.3911393,2.53649
2.3266923,2.6117826
2.2183664,2.6702979
2.411366,2.54246
2.103142,2.6122785
2.3849082,2.6263454
2.4379778,2.6625543
2.150106,2.6965928
2.2225435,2.5480764
2.1302602,2.6301079
2.3341582,2.6515665
2.4794164,2.59158
2.3846288,2.6207564
2.4741898,2.5225499
2.2942348,2.53323
2.1939692,2.5053794
2.2234397,2.530549
2.242286,2.5438483
2.3197823,2.5100653
2.2780805,2.6163006
2.162753,2.5821555
2.2770228,2.6501474
2.3560567,2.6200392
2.492744,2.6720464
2.1296666,2.5559378
2.1310809,2.5919278
2.1250277,2.6882713
2.1285436,2.682448
2.2616973,2.6471844
2.2019715,2.574573
2.1753376,2.5644999
2.1569216,2.55382
2.413887,2.6508155
2.1993775,2.611317
2.224179,2.5869756
2.2491941,2.6558864
2.28111,2.580591
2.1194198,2.6285014
2.1975236,2.635719
2.143695,2.566229
2.1697547,2.6878996
2.1257162,2.553561
2.1181393,2.651253
2.2151487,2.5007577
2.1750865,2.5687754
2.1446335,2.5073192
2.1632369,2.6210103
2.3197985,2.669148
2.195004,2.5332646
2.1142418,2.6605392
2.2049527,2.6927204
2.1834517,2.5553815
2.1351366,2.555359
2.3124511,2.6131363
2.1227162,2.661145
2.2114568,2.5590284
2.4237428,2.5055654
2.4482193,2.5396318
2.3295214,2.5847392
2.1627803,2.6745498
2.2062876,2.60637
2.3429685,2.610944
2.138997,2.5566866
2.2364848,2.66847
2.4565876,2.6189275
2.15,2.5895526
2.331567,2.5924978
2.2177362,2.5577857
2.4999588,2.5881479
2.2541282,2.5585804
2.1040738,2.6653512
2.267783,2.627185
2.3742414,2.5209706
2.4204748,2.656497
2.1159987,2.641818
2.1899395,2.598747
2.3366292,2.680853
2.205552,2.5121102
2.1225073,2.6224701
2.1789246,2.6239636
2.253717,2.5774307
2.4421206,2.6221104
2.192931,2.5315273
2.2683141,2.5277493
2.2787673,2.5370045
2.348974,2.600003
2.1940596,2.6401448
2.1770055,2.5353022
2.1053488,2.567381
2.277056,2.506229
2.314823,2.581001
2.1380398,2.6534388
2.411473,2.527231
2.2991595,2.6408088
2.1272006,2.6050127
2.1119742,2.5029244
2.3240051,2.5107412
2.1121347,2.6250052
2.3751168,2.5886436
2.1426587,2.6374087
2.376971,2.6734262
2.4370756,2.6959827
2.1240509,2.6117487
2.1488156,2.6575437
2.2003465,2.5565097
2.3039918,2.56567
2.1453507,2.5880837
2.4565892,2.6458235
2.1889095,2.6947107
2.1885204,2.5395339
2.248653,2.5334451
2.2006567,2.53257
2.2110615,2.6571271
2.1784546,2.5540266
2.2942462,2.5675697
2.371075,2.5652623
2.183381,2.5496423
2.2770774,2.5806506
2.3106675,2.578199
2.365149,2.593679
2.2711518,2.6877756
2.1248298,2.6273239
2.1715243,2.5956864
2.2637613,2.5872502
2.3065214,2.655304
2.130255,2.6601028
2.2891889,2.5832055
2.160015,2.5556514
2.198213,2.6263828
2.1694539,2.5262353
2.2790768,2.5152543
2.4839554,2.5343976
2.1737008,2.548159
2.3000512,2.6025496
2.1829338,2.5616918
2.2038438,2.5293047
2.2170732,2.5524235
2.2472286,2.5277636
2.177696,2.5109947
2.1341739,2.6886542
2.201677,2.5727608
2.1023955,2.533134
2.142773,2.534863
2.1650648,2.6677344
2.200697,2.5863788
2.1159232,2.5703707
2.113755,2.5466685
2.137859,2.5672832
2.189843,2.6065445
2.3188922,2.6875036
2.1625094,2.55021
2.1685739,2.6530485
2.150524,2.6260376
2.4385154,2.6337361
2.1193047,2.6480134
2.1656344,2.5750575
2.4573147,2.5095294
2.4185276,2.551405
2.2906754,2.541088
2.2850313,2.6768377
2.1306436,2.5284777
2.2428439,2.6289668
2.1573002,2.6598787
2.2130406,2.5675797
2.1304338,2.5516684
2.2295573,2.6032922
2.3290212,2.535751
2.45682,2.6493385
2.2573879,2.5075507
2.1310446,2.6770172
2.22799,2.676889
2.4144006,2.6090486
2.3140564,2.5286787
2.1328402,2.5438955
2.1329637,2.6386654
2.2795403,2.5361092
2.1882315,2.5241196
2.277363,2.6572077
2.3127048,2.6233952
2.1448984,2.6771152
2.1319497,2.5106728
2.3480563,2.506571
2.1093848,2.5663018
2.3217692,2.614111
2.1566973,2.5596094
2.1224272,2.699178
2.4505813,2.6828408
2.1346083,2.6346548
2.3120177,2.5104976
2.328756,2.6207376
2.2094676,2.5695105
2.4875255,2.5157554
2.3098392,2.6810741
2.1356468,2.5945716
2.4221969,2.5872798
2.2982395,2.5553849
2.274753,2.5360355
2.1485248,2.602221
2.2995667,2.5891397
2.1871467,2.5206275
2.53299,2.6983087
2.3234334,2.685761
2.1781843,2.5934317
2.3618462,2.6460602
2.353661,2.6128712
2.1424694,2.506666
2.1144252,2.5770004
2.5336652,2.651978
2.155663,2.5438132
2.2210119,2.5911705
2.2569363,2.5807102
2.4985127,2.6066718
2.17312,2.5549543
2.2707372,2.5596316
2.1924317,2.5064297
2.2551343,2.5403233
2.2780185,2.5879688
2.1796517,2.6496756
2.4948914,2.6835325
2.3926167,2.6476588
2.221383,2.6392167
2.2671611,2.5568876
2.4874234,2.5041237
2.2262394,2.6870883
2.2537577,2.5371802
2.285886,2.5637305
2.1325364,2.6318924
2.2063065,2.582511
2.2811031,2.5617988
2.4067285,2.6368835
2.2694952,2.627608
2.2624846,2.6652336
2.207337,2.6646135
2.1046138,2.6591997
2.3437557,2.5747082
2.4781175,2.591177
2.1590998,2.642199
2.136991,2.526989
2.4180648,2.5151696
2.1344967,2.6673868
2.101135,2.654502
2.2269468,2.5018091
2.1799688,2.6929765
2.4013686,2.630345
2.3666608,2.552279
2.222788,2.6134036
2.297532,2.5563228
2.2534335,2.632637
2.1580842,2.6947868
2.3003733,2.5332525
2.1435533,2.591868
2.152008,2.63189
2.2427218,2.651283
2.162343,2.5455925
2.2829027,2.6668134
2.1651742,2.508823
2.2288923,2.5963275
2.5303333,2.6289744
2.2636564,2.5085943
2.3202138,2.578674
2.192007,2.560588
2.3312216,2.5875752
2.2354252,2.6168435
2.2295768,2.512914
2.1851308,2.55387
2.504368,2.5832856
2.2706656,2.6797533
2.2203789,2.5165641
2.3114,2.5097945
2.2108915,2.5702825
2.490586,2.6284087
2.5233648,2.617032
2.2603598,2.5022628
2.5280268,2.521966
2.2503603,2.6556084
2.114647,2.6997766
2.4244928,2.5299108
2.1356502,2.6748152
2.5497842,2.6550848
2.3253367,2.6417124
2.300382,2.6320426
2.3175411,2.5491025
2.181933,2.5629811
2.5473812,2.5015306
2.5281396,2.6075299
2.1898398,2.5752523
2.1395094,2.55781
2.2480567,2.6916277
2.2949283,2.6778386
2.2584221,2.6051614
2.1968548,2.6241183
2.2936997,2.699427
2.1790557,2.67423
2.2938468,2.6042316
2.141426,2.6613538
2.2357159,2.6592195
2.5028107,2.5298078
2.427228,2.5112126
2.163105,2.5971
2.2266164,2.5621624
2.3122458,2.587813
2.341983,2.669423
2.2697852,2.5843163
2.1561646,2.6484823
2.2737775,2.5481179
2.2901495,2.5854645
2.1530876,2.501588
2.3210986,2.5740452
2.1375113,2.650157
2.2055507,2.5173998
2.4141304,2.5065348
2.107692,2.5650792
2.2193332,2.5504582
2.4860663,2.5170462
2.148057,2.6633184
2.173109,2.622464
2.2697773,2.5043645
2.2113907,2.5090678
2.1724222,2.6194148
2.2493927,2.5821552
2.107118,2.5391996
2.18434,2.5703259
2.1303701,2.518825
2.339424,2.663374
2.1877983,2.5502055
2.3697,2.6250665
2.3859558,2.5376885
2.4543223,2.6970012
2.3756516,2.593226
2.151371,2.5727763
2.1606104,2.5884852
2.239002,2.633188
2.1436982,2.58996
2.2298663,2.5746293
2.1005309,2.653563
2.1060708,2.6344156
2.2777681,2.5220761
2.1546807,2.5055752
2.1567228,2.5834055
2.3171124,2.5214121
2.445754,2.5973513
2.302077,2.5848436
2.1958556,2.531335
2.174687,2.6528728
2.2459843,2.694291
2.1174312,2.6593385
2.1578417,2.5524683
2.2199032,2.6004584
2.13461,2.613534
2.161502,2.6835823
2.2618709,2.6049788
2.173172,2.6332154
2.1534705,2.60673
2.1335914,2.6930902
2.1479406,2.661875
2.221922,2.678185
2.1666658,2.5424495
2.2726707,2.6034355
2.1809666,2.576464
2.2547517,2.5101883
2.180075,2.6150413
2.3797617,2.6771286
2.3272483,2.6664464
2.1283355,2.5685651
2.1684468,2.5299957
2.1177106,2.6744034
2.1437669,2.5008461
2.2118983,2.5384517
2.2165399,2.6038535
2.3407478,2.5338733
2.3514338,2.6990314
2.3530023,2.601273
2.3335927,2.5268917
2.380086,2.534085
2.3232102,2.5218906
2.1836889,2.6758687
2.1291096,2.627411
2.360363,2.6564717
2.4204779,2.6757314
2.1850374,2.6851037
2.3676753,2.5050783
2.1556017,2.5132074
2.5447154,2.5305748
2.371893,2.6939478
2.2658033,2.590191
2.21118,2.5863934
2.1455011,2.636256
2.2362902,2.6613069
2.1414099,2.6972885
2.3211336,2.5623128
2.2586799,2.576603
2.4070938,2.607869
2.1718967,2.681947
2.148437,2.5374448
2.2792382,2.610042
2.1467228,2.5189736
2.1626842,2.5170128
2.34251,2.5565066
2.1080923,2.5305498
2.328658,2.612067
2.343099,2.5613122
2.3198516,2.6491647
2.3408082,2.6163547
2.1062791,2.5470245
2.5214884,2.6677132
2.1923437,2.6394207
2.1775444,2.6726556
2.143913,2.6969206
2.1873446,2.6195607
2.1357083,2.6533132
2.126345,2.6658437
2.4408464,2.515029
2.2511916,2.5977232
2.2302604,2.651454
2.1185117,2.5420442
2.2620542,2.6768534
2.1200216,2.652104
2.396492,2.5041585
2.124424,2.562953
2.134924,2.6572692
2.1756806,2.658189
2.322292,2.6256208
2.229859,2.6382613
2.32135,2.6639323
2.2611215,2.6804962
2.362179,2.5601544
2.368671,2.5138552
2.17337,2.6257477
2.3488097,2.545631
2.3173604,2.6026506
2.1457484,2.5089483
2.4020503,2.6475434
2.4950285,2.6630719
2.4398327,2.600475
2.2746165,2.5192287
2.1822677,2.5258553
2.2751055,2.6205955
2.1261516,2.6706774
2.4852664,2.5503883
2.2359056,2.6107075
2.1834388,2.644008
2.518359,2.6570964
2.1854343,2.6254735
2.3525512,2.6586409
2.4708931,2.5622017
2.517424,2.5708287
2.1107416,2.522051
2.1127322,2.6486952
2.2725863,2.6049392
2.3938177,2.5599723
2.2007928,2.6513488
2.2146451,2.6171522
2.2150435,2.6316903
2.199432,2.6060972
2.2605321,2.658356
2.1574895,2.5053644
2.372342,2.6004581
2.2278972,2.5570865
2.298339,2.6432183
2.2961738,2.5380502
2.2223158,2.663155
2.1250658,2.650708
2.3981595,2.6569917
2.15736,2.6822178
2.1504765,2.6023567
2.100425,2.669614
2.123866,2.5929968
2.311978,2.6151175
2.4277773,2.5425074
2.1107419,2.6283553
2.3222866,2.60685
2.1939688,2.676621
2.1136446,2.693371
2.1006548,2.5145178
2.3201332,2.5829341
2.3640182,2.568129
2.4551413,2.6832855
2.1958501,2.6247456
2.2907848,2.6680512
2.145531,2.5058882
2.270419,2.6377912
2.468107,2.526681
2.1762476,2.6032882
2.4736798,2.5371747
2.111363,2.5709214
2.1232257,2.637882
2.230858,2.50209
2.243326,2.5576317
2.396926,2.6993208
2.140464,2.5921483
2.3967392,2.6799471
2.166056,2.6804812
2.1178703,2.5334246
2.3458588,2.530036
2.1950195,2.588707
2.4436488,2.687634
2.3236017,2.5337646
2.3114107,2.6513855
2.3007617,2.5340164
2.3342226,2.6223533
2.1144528,2.67243
2.2027192,2.646934
2.2218146,2.5674043
2.151979,2.5534031
2.1394744,2.6829438
2.301601,2.5551906
2.2008476,2.6118598
2.4394507,2.5662386
2.3471246,2.6249642
2.1979628,2.5919032
2.3032339,2.6184165
2.2768788,2.6184165
2.4075837,2.6614473
2.1221414,2.6771033
2.1453779,2.5305262
2.472005,2.630553
2.3544319,2.6707332
2.2773945,2.511645
2.2336586,2.6793542
2.320804,2.594048
2.1081693,2.5132787
2.293784,2.6403484
2.2734976,2.6261144
2.2324386,2.6457472
2.2628906,2.615509
2.163124,2.5312688
2.2596319,2.6298003
2.1276648,2.6191351
2.2326934,2.5460882
2.2699466,2.6754534
2.1360867,2.6052809
2.200164,2.5513294
2.3139143,2.5476506
2.3032744,2.6615713
2.2723455,2.5214043
2.4912727,2.617355
2.3708515,2.504713
2.1978455,2.6183274
2.1583624,2.5860355
2.1187992,2.6107023
2.1707692,2.607224
2.3302608,2.6442459
2.190776,2.5849452
2.1589155,2.6587777
2.1853108,2.6338792
2.198566,2.645714
2.135508,2.6367378
2.4583251,2.5320878
2.2389235,2.5115628
2.103867,2.659182
2.2826626,2.6406825
2.4711163,2.537966
2.5125122,2.505852
2.2513876,2.6608353
2.182965,2.5113573
2.2897418,2.5040011
2.1127157,2.6828685
2.3315225,2.6606772
2.3015525,2.6076434
2.193041,2.5004592
2.2191508,2.5138865
2.4223075,2.535703
2.2144518,2.6651907
2.192723,2.5272138
2.2548573,2.6755617
2.1312468,2.5180404
2.3054492,2.5107343
2.1604311,2.6460567
2.1878781,2.5784025
2.248225,2.6318536
2.1805582,2.650173
2.1017864,2.6786878
2.242065,2.6342745
2.2513409,2.598966
2.2409196,2.6854334
2.376034,2.6638854
2.2664452,2.6874254
2.1980512,2.5418472
2.2435746,2.6890676
2.1393075,2.6687574
2.1903865,2.5748522
2.2205307,2.6095552
2.1967607,2.653665
2.100104,2.5531516
2.4576583,2.5939114
2.2641075,2.524077
2.1142898,2.5876157
2.262002,2.699751
2.3184109,2.642223
2.1716774,2.5918932
2.2181847,2.6471047
2.1644857,2.6331239
2.1030343,2.6004298
2.1386445,2.5857706
2.1805944,2.588541
2.1524973,2.5440636
2.1189396,2.5054982
2.1750188,2.5502696
2.249486,2.568632
2.5472846,2.5138662
2.2572725,2.5298603
2.1296306,2.563966
2.2536027,2.6420953
2.2984624,2.6451573
2.1104386,2.5869794
2.42746,2.5075426
2.1513827,2.573239
2.2343972,2.6911578
2.2537801,2.6726522
2.2865252,2.650031
2.1156328,2.5943882
2.1116426,2.5973527
2.101503,2.6227584
2.3229651,2.5178475
2.4195507,2.6376789
2.1392193,2.5414271
2.2932603,2.6959107
2.2889106,2.6510422
2.118975,2.6887167
2.5263882,2.6453934
2.3456955,2.615233
2.3962762,2.6501136
2.11208,2.548486
2.2590373,2.6284962
2.2184455,2.6786807
2.1255746,2.5321856
2.1754897,2.569794
2.3117874,2.5737877
2.4018621,2.563877
2.2431962,2.5926497
2.2168517,2.6917048
2.207906,2.6605413
2.2282991,2.5423498
2.2799034,2.6132812
2.2694116,2.5164244
2.1461074,2.594018
2.3151643,2.6466777
2.1512032,2.672
2.240634,2.6287167
2.14302,2.651814
2.104785,2.621185
2.1550553,2.575968
2.1221223,2.5627384
2.3195715,2.5949948
2.196941,2.5800161
2.1620014,2.5098507
2.202602,2.676259
2.1856542,2.5424883
2.5251582,2.5915332
2.3442962,2.6601074
2.371956,2.6188102
2.2452822,2.5860133
2.3324246,2.532735
2.177995,2.639736
2.3869944,2.5604205
2.1579218,2.6484218
2.3728333,2.566317
2.1391253,2.618435
2.4935222,2.5393126
2.2654114,2.6103754
2.2175694,2.549978
2.2007558,2.682926
2.177845,2.5223594
2.1712267,2.5942147
2.2031908,2.58028
2.2387931,2.5875747
2.1796725,2.5058613
2.3353014,2.5803928
2.1661136,2.5304644
2.253257,2.6217828
2.3344216,2.6740086
2.3446484,2.5157921
2.2745981,2.647216
2.1188376,2.6958277
2.173083,2.5068178
2.2185502,2.5418234
2.3250945,2.6228392
2.3301637,2.5634782
2.1363783,2.6794384
2.2116625,2.5657191
2.1498616,2.6020377
2.428158,2.5928884
2.1685045,2.6626818
2.402537,2.5774078
2.4350107,2.6085522
2.320681,2.6131568
2.2120135,2.6053383
2.1108036,2.5515532
2.265477,2.5054204
2.4720733,2.5529954
2.2207222,2.6469767
2.1018093,2.6725554
2.2805896,2.5750372
2.1923938,2.5895786
2.4030094,2.5858452
2.4608345,2.640311
2.2299604,2.5646024
2.250147,2.65234
2.1606321,2.5302794
2.3537254,2.6699142
2.1678214,2.6920393
2.1391127,2.665488
2.1024938,2.5807664
2.1340346,2.5966425
2.25058,2.542046
2.138444,2.6416888
2.2342324,2.5291374
2.288463,2.5916414
2.1624694,2.564018
2.1918628,2.5186784
2.2437034,2.6563766
2.194849,2.56982
2.354348,2.6604998
2.342922,2.5143287
2.1937153,2.5533338
2.159475,2.6683102
2.1709964,2.652811
2.1196735,2.6098814
2.5200298,2.6130455
2.141874,2.5831919
2.19679,2.646871
2.4053433,2.5221372
2.4010615,2.664678
2.4367652,2.6938674
2.1878493,2.5343504
2.112277,2.5854406
2.4787445,2.5140753
2.5115495,2.5489845
2.413878,2.6096146
2.1094458,2.5725148
2.3315728,2.6896906
2.3910065,2.6927207
2.4212058,2.6288002
2.206011,2.5160031
2.2054722,2.5832715
2.3863769,2.616387
2.1976995,2.5236392
2.2291217,2.6370447
2.1781523,2.6320684
2.534794,2.668983
2.220478,2.5432312
2.281154,2.6968634
2.3133194,2.558172
2.1128042,2.518035
2.2176015,2.6958795
2.5034554,2.5745587
2.2100546,2.5640154
2.1601305,2.579742
2.3602273,2.6831534
2.3117666,2.545732
2.2250092,2.518997
2.2386894,2.6120117
2.2412257,2.5276275
2.1785877,2.6725318
2.3620536,2.5349708
2.270586,2.6083572
2.4082685,2.6527016
2.1378324,2.6403656
2.1685548,2.6383796
2.1047025,2.606385
2.1165943,2.6412153
2.1079059,2.6123304
2.4174905,2.5322695
2.3490613,2.5746746
2.2193937,2.5888674
2.4617872,2.6703675
2.4169428,2.673534
2.367975,2.673534
2.2317135,2.5141363
2.2562485,2.6296725
2.4498005,2.5072224
2.285665,2.5899746
2.1225014,2.5941558
2.126612,2.5268285
2.2076254,2.538157
2.3648615,2.581853
2.5101573,2.6363037
2.113548,2.5452225
2.3240318,2.6854682
2.2947702,2.520216
2.133148,2.5496285
2.1873882,2.6995618
2.2194555,2.5093162
2.1235025,2.6566255
2.1117406,2.556145
2.270287,2.5624304
2.4952655,2.6666443
2.2690191,2.6348033
2.1287231,2.6647255
2.2266748,2.5500805
2.2852056,2.6505225
2.4561234,2.565727
2.330905,2.671406
2.4425735,2.528338
2.1674798,2.6095948
2.143839,2.5284274
2.1024904,2.6655774
2.1776364,2.5849555
2.1060708,2.6890535
2.1453593,2.637575
2.1094687,2.6602058
2.1031916,2.553848
2.1922927,2.5870607
2.1919825,2.6874704
2.1062727,2.5924518
2.2525764,2.5796738
2.2278001,2.515316
2.1028137,2.5331292
2.507345,2.6390843
2.1400986,2.6350465
2.1830041,2.5297937
2.116825,2.5522115
2.2394056,2.6145658
2.476616,2.5651836
2.332477,2.5022612
2.5135841,2.6106606
2.1833107,2.6818376
2.2621694,2.5077538
2.143018,2.5189667
2.4427202,2.5111833
2.1888046,2.5218322
2.247344,2.5657537
2.209328,2.6586814
2.2477367,2.6361027
2.151773,2.6757324
2.1135976,2.5271792
2.2944584,2.6787996
2.3465784,2.6248035
2.2329905,2.6706045
2.2718585,2.5555725
2.1768339,2.594796
2.513098,2.6593163
2.5289524,2.5744114
2.5378098,2.5486555
2.4480689,2.5695329
2.1317847,2.698552
2.5386457,2.57857
2.361701,2.5369189
2.2069955,2.541534
2.5342839,2.6437552
2.1091235,2.5931356
2.167639,2.516131
2.119561,2.5591571
2.187608,2.6039007
2.2192237,2.5399232
2.1530392,2.5350063
2.2347746,2.563337
2.219821,2.5629377
2.289093,2.5351577
2.1405284,2.5703132
2.2634168,2.6923747
2.1116,2.5143216
2.1800501,2.6399715
2.162973,2.5129178
2.3159542,2.5170166
2.3236873,2.5591435
2.1531136,2.690548
2.439531,2.6863024
2.3568037,2.5347722
2.3122916,2.630749
2.1187286,2.643179
2.2612908,2.5962567
2.2406166,2.5289848
2.1310198,2.6473958
2.4034219,2.6260016
2.3801265,2.6860871
2.3489954,2.6296797
2.1232512,2.6502976
2.2274957,2.6962419
2.329415,2.559819
2.4705796,2.5161507
2.1799355,2.5137134
2.1299722,2.617498
2.2006001,2.6316187
2.326113,2.594359
2.113832,2.5561914
2.3775434,2.5407789
2.4075136,2.5111551
2.3885643,2.6409328
2.3688428,2.585252
2.3039286,2.6514513
2.2224216,2.509913
2.1077566,2.5106564
2.2345476,2.6630747
2.4098454,2.6061587
2.276005,2.6457357
2.2476497,2.6004426
2.2715378,2.5791616
2.1608636,2.5975227
2.300745,2.5865874
2.3793466,2.5399857
2.248711,2.6369135
2.116746,2.6564085
2.1578352,2.5029132
2.2274966,2.560357
2.1006198,2.5971625
2.2883453,2.5310578
2.224997,2.6985254
2.1414213,2.6127503
2.1359422,2.50665
2.152406,2.6751475
2.44211,2.6184347
2.162959,2.6458592
2.4979982,2.5926926
2.203706,2.502921
2.323105,2.5377638
2.2188065,2.692988
2.5145292,2.6350732
2.166262,2.506452
2.4047751,2.5912287
2.152993,2.6498005
2.3626227,2.6035917
2.1346977,2.6656451
2.2772021,2.6268766
2.109959,2.6130104
2.3819256,2.5987794
2.2562141,2.6889591
2.2274923,2.50996
2.2916405,2.6484854
2.2106457,2.5447977
2.4080696,2.501093
2.3392875,2.696782
2.13874,2.5346086
2.1988144,2.5618958
2.4525707,2.6574125
2.1535132,2.6496382
2.1549118,2.690732
2.168562,2.6709826
2.3659706,2.6569307
2.2267485,2.5815785
2.1186936,2.6531334
2.1202056,2.5787866
2.1431885,2.546518
2.1025617,2.5129468
2.174162,2.5576065
2.175418,2.6551087
2.4476478,2.541925
2.1183062,2.64965
2.1014614,2.532203
2.1803048,2.5183544
2.2851632,2.5834978
2.1965787,2.5080214
2.3418257,2.5579858
2.3766637,2.5450356
2.3739247,2.600991
2.376605,2.521848
2.153425,2.5295906
2.2056668,2.5801814
2.2196302,2.6977832
2.1670923,2.5606365
2.1919973,2.6945412
2.1431715,2.5223377
2.1435497,2.6624463
2.3537676,2.5693145
2.1433809,2.5733163
2.462994,2.5151453
2.2315185,2.591285
2.2105706,2.642471
2.3404925,2.6397622
2.1768913,2.5483184
2.478497,2.6916628
2.284057,2.6473687
2.2182105,2.6920583
2.114792,2.5978048
2.3351662,2.5800335
2.494937,2.5384946
2.3783395,2.6249208
2.1026099,2.6449451
2.4050207,2.6928473
2.1103678,2.6124992
2.2297382,2.6764202
2.2026644,2.6027842
2.4598346,2.5989707
2.5176878,2.502485
2.2424943,2.5673404
2.1820507,2.5863278
2.20323,2.591875
2.4641836,2.561685
2.1311631,2.561897
2.1397574,2.608105
2.339186,2.6763034
2.1406815,2.5467777
2.150178,2.647548
2.1736326,2.653548
2.280349,2.5947247
2.129824,2.5305972
2.1940718,2.5148375
2.1756399,2.5420983
2.4110937,2.6693883
2.3575578,2.6693883
2.1230483,2.6492648
2.3217688,2.6758125
2.127499,2.6265576
2.3956904,2.5200272
2.2292516,2.669379
2.2939663,2.5620623
2.3609712,2.5087044
2.2838104,2.543509
2.328923,2.6776528
2.2921636,2.5927022
2.1411777,2.6525679
2.2132583,2.5809498
2.2414684,2.515372
2.260056,2.5395625
2.493922,2.590475
2.4423409,2.6298673
2.125373,2.624309
2.2624183,2.6203463
2.1436968,2.5084803
2.2612503,2.6672316
2.316143,2.6075647
2.148623,2.5088997
2.2152371,2.6275296
2.353856,2.6207392
2.1705887,2.5456293
2.46502,2.5197556
2.2704504,2.6344192
2.2897575,2.5956867
2.2859776,2.6777375
2.4820042,2.5443056
2.3780801,2.6574452
2.1410158,2.5170443
2.270304,2.553904
2.2374024,2.5219398
2.4884067,2.5558093
2.1137357,2.5036042
2.340036,2.6002028
2.1156876,2.6262913
2.3680627,2.607611
2.310433,2.5739558
2.172468,2.6875184
2.1414728,2.6441936
2.397494,2.669326
2.1545527,2.5066056
2.3251574,2.5594583
2.2520473,2.6419818
2.3000815,2.6854942
2.1840625,2.6186864
2.1043534,2.68058
2.4154398,2.6047592
2.30297,2.5015457
2.1313238,2.568273
2.2740922,2.5403123
2.161912,2.6545517
2.3100617,2.6613748
2.2856412,2.594965
2.2009351,2.507414
2.205427,2.576079
2.240271,2.563107
2.399514,2.6043184
2.2869022,2.6419125
2.3125403,2.613904
2.3611536,2.5664353
2.2139997,2.680945
2.1232882,2.658058
2.1234405,2.6817403
2.1049287,2.5369856
2.1963756,2.6198304
2.252887,2.6642408
2.339567,2.5178685
2.2753532,2.518716
2.4512753,2.5401785
2.249966,2.600439
2.1659348,2.5371394
2.3175216,2.5672185
2.1470826,2.6451192
2.2390413,2.5547998
2.106201,2.5803406
2.1293912,2.5365126
2.137057,2.5578597
2.3299348,2.6969013
2.24534,2.5739362
2.3881342,2.5650067
2.2287793,2.5947678
2.1391501,2.5493674
2.1959429,2.5476055
2.184366,2.5888608
2.1740606,2.6581714
2.1222568,2.513569
2.5314567,2.664342
2.3899934,2.5624433
2.1531405,2.5086074
2.2017798,2.523758
2.2298822,2.64447
2.2780068,2.6363783
2.313529,2.539786
2.5150063,2.6532571
2.418694,2.6115751
2.1766446,2.6546402
2.2604563,2.5884304
2.3207684,2.6883788
2.25656,2.5451722
2.2427783,2.6363358
2.1419594,2.5956912
2.1377301,2.5798712
2.1523242,2.6755757
2.30529,2.5641005
2.1005092,2.6909757
2.22891,2.573419
2.4001842,2.682609
2.1389365,2.6457741
2.1420097,2.630596
2.467978,2.5143332
2.1462986,2.5058098
2.2003171,2.5335286
2.4359107,2.6391726
2.119133,2.5037813
2.36571,2.5386968
2.2904334,2.5375013
2.3020458,2.6743956
2.5411675,2.5598242
2.1472414,2.553271
2.2693665,2.5555773
2.103093,2.62617
2.173644,2.6974661
2.107777,2.6099415
2.192725,2.5563037
2.2156239,2.58339
2.2434819,2.5105138
2.1607673,2.5017085
2.2663007,2.6612866
2.1644993,2.5160382
2.2012386,2.674719
2.2143133,2.6537645
2.1734705,2.5180318
2.2899523,2.6125484
2.1007924,2.6724484
2.1950083,2.6410344
2.1159978,2.6222727
2.4147716,2.5609555
2.198054,2.5386662
2.2874138,2.6462567
2.2648587,2.5695045
2.3245556,2.599974
2.4000525,2.684823
2.1306596,2.6875846
2.2155523,2.5531917
2.3889782,2.5877945
2.1790392,2.5268166
2.4082973,2.5921762
2.1645203,2.6275892
2.1157968,2.5880287
2.2784126,2.515978
2.1912572,2.5590825
2.2960382,2.5183082
2.13629,2.6763556
2.1084409,2.5713775
2.1467462,2.6790624
2.245738,2.6381035
2.2532148,2.6009345
2.2220495,2.5285487
2.3520813,2.5920036
2.2238574,2.639775
2.1413636,2.6074204
2.134118,2.5274072
2.149819,2.6692896
2.2679622,2.5237799
2.404584,2.570937
2.2530606,2.5499473
2.3248029,2.5421302
2.2094212,2.6633492
2.3065658,2.5377824
2.2878692,2.6619568
2.1194625,2.5730963
2.1418626,2.68352
2.1816514,2.6538813
2.218358,2.5239618
2.3628516,2.6189933
2.4894624,2.6622806
2.3668828,2.5205185
2.2995417,2.6562274
2.5462246,2.623179
2.1102371,2.5295558
2.3830109,2.6754344
2.2663236,2.5418074
2.4182773,2.6523492
2.1167376,2.6466458
2.1178644,2.6221712
2.2057142,2.661019
2.4792006,2.5788636
2.2154455,2.5658123
2.2514234,2.5431886
2.194323,2.5075276
2.2362328,2.5246027
2.1043143,2.5310745
2.2978983,2.5547206
2.3735855,2.6129847
2.1171546,2.5043628
2.2043023,2.6835976
2.1289284,2.6417158
2.331337,2.5320818
2.4089403,2.540903
2.1034272,2.5853631
2.1318293,2.5425913
2.5196705,2.668562
2.1454496,2.5988843
2.3346236,2.5269406
2.1302168,2.693376
2.172524,2.6525872
2.2892656,2.664476
2.1917522,2.560279
2.2227378,2.5582798
2.2575934,2.671383
2.5122187,2.594691
2.1782525,2.6339457
2.3441987,2.5770817
2.2590752,2.6673026
2.3094826,2.6996605
2.2790425,2.6233418
2.1225207,2.5786932
2.1970272,2.6368585
2.304971,2.525838
2.1551118,2.6487272
2.1382682,2.6097171
2.117219,2.6252396
2.2480605,2.690706
2.2870772,2.5354943
2.516125,2.5139067
2.2080662,2.5720897
2.1950684,2.68445
2.2665787,2.638101
2.173132,2.6829987
2.1434436,2.5556054
2.1856914,2.519927
2.2605424,2.6721754
2.2251983,2.6706948
2.195771,2.5859075
2.366348,2.6160507
2.1818547,2.6299672
2.4458058,2.5446172
2.1134145,2.653779
2.2765956,2.6689415
2.1552823,2.6530714
2.1069658,2.5198154
2.132768,2.5550559
2.2888856,2.5919518
2.2772546,2.5151086
2.2969458,2.6248062
2.1782331,2.6095498
2.4444833,2.6114
2.2079625,2.567722
2.3226762,2.6558456
2.2881858,2.574899
2.1677268,2.5036964
2.1222472,2.5377707
2.1589153,2.608616
2.170802,2.605464
2.1353135,2.5914972
2.1064436,2.6610575
2.1220853,2.5588093
2.1009464,2.57223
2.2375379,2.6343055
2.1373925,2.644939
2.1352377,2.5338805
2.1204536,2.5210984
2.1285734,2.546386
2.3457472,2.5745506
2.3020706,2.5179367
2.2193618,2.6778746
2.1810005,2.525799
2.1730323,2.5064094
2.134275,2.5901282
2.3270466,2.660939
2.1499217,2.6056597
2.2092917,2.6211178
2.13201,2.6228907
2.537392,2.6890652
2.1222734,2.6551888
2.2815256,2.5011463
2.2287169,2.656792
2.4225585,2.642132
2.1437974,2.6528137
2.1935432,2.5056977
2.2525034,2.5212905
2.1220472,2.6208105
2.100586,2.5428176
2.217827,2.5131536
2.3658836,2.579514
2.3410563,2.6211944
2.3700786,2.5089772
2.2373376,2.63439
2.457884,2.6524825
2.3293264,2.6959748
2.274041,2.5327888
2.2702868,2.6662347
2.1897142,2.691874
2.2593808,2.5168707
2.2557273,2.5335999
2.3484592,2.622432
2.5010273,2.519047
2.111823,2.5832655
2.1943436,2.5751894
2.1050456,2.6324368
2.3930097,2.6556075
2.1395233,2.5955052
2.3872852,2.5981243
2.1372168,2.6709223
2.3320982,2.5769324
2.2915375,2.5243697
2.4827037,2.6004896
2.3696306,2.517064
2.109534,2.6057336
2.1168387,2.5222738
2.5272183,2.6006477
2.169343,2.5815318
2.1982906,2.609213
2.2015185,2.5090718
2.1660147,2.6502655
2.3496978,2.695255
2.3345542,2.559567
2.4129145,2.5780232
2.1266053,2.6637056
2.1508737,2.5532963
2.1883924,2.651963
2.5014586,2.6803539
2.3562713,2.516903
2.4204476,2.5870862
2.3662014,2.597002
2.1555834,2.529405
2.3629904,2.5039399
2.2540412,2.5546072
2.1519527,2.5047836
2.350294,2.585551
2.3935566,2.680099
2.526711,2.5542376
2.110253,2.5448787
2.2220757,2.50569
2.2624514,2.6830711
2.1003323,2.5367982
2.131761,2.5571687
2.305968,2.5601752
2.1835015,2.5110264
2.259406,2.6103568
2.1495328,2.5161376
2.304929,2.6975923
2.2974312,2.5200229
2.1493123,2.589206
2.2132459,2.6758778
2.346543,2.5387366
2.2087731,2.611242
2.2090545,2.6503782
2.185198,2.6518652
2.1282203,2.6897476
2.1514304,2.58729
2.2083573,2.582579
2.3368666,2.5892634
2.1045566,2.5579634
2.232255,2.583517
2.1585867,2.6323667
2.1352909,2.698498
2.2027962,2.587354
2.1186666,2.5592308
2.1090403,2.6259916
2.5479152,2.5315688
2.3275673,2.6194875
2.1422389,2.6817513
2.17491,2.6799095
2.304616,2.6648893
2.3392208,2.5517561
2.5103374,2.5133905
2.4297457,2.5226805
2.382847,2.618227
2.2921207,2.6349554
2.2208905,2.5138204
2.136513,2.6124916
2.2701588,2.6631765
2.1364565,2.5304568
2.4751103,2.5560746
2.2730079,2.576203
2.2149758,2.50554
2.524512,2.502933
2.1387815,2.6302333
2.1378338,2.6435297
2.4457011,2.596654
2.2326157,2.603914
2.1976295,2.5260925
2.206943,2.6154575
2.435894,2.6785736
2.519023,2.5095515
2.5198157,2.6705084
2.3126218,2.598749
2.1375563,2.52628
2.1332293,2.6303923
2.4849038,2.6490293
2.1061816,2.6007695
2.2100463,2.6079276
2.1422153,2.5803974
2.1775155,2.5991378
2.3202975,2.5016828
2.4749982,2.667688
2.1181448,2.6329715
2.2216504,2.6880953
2.1651871,2.508602
2.1000192,2.6128368
2.2284205,2.6214528
2.2052078,2.588638
2.4018915,2.528448
2.1841176,2.6021225
2.1345468,2.505093
2.5177374,2.5974514
2.1978116,2.6107798
2.2558372,2.58467
2.128617,2.521972
2.4906466,2.661207
2.1689773,2.6546457
2.1014335,2.6461334
2.2380924,2.578258
2.440951,2.695951
2.3396041,2.5601938
2.3730159,2.6340444
2.3572812,2.6372066
2.1064782,2.6786165
2.1714716,2.5626626
2.216045,2.6499138
2.4026978,2.5579395
2.1538596,2.696842
2.203587,2.6424963
2.390738,2.6703284
2.3679764,2.575661
2.1580935,2.5065835
2.1128142,2.5474586
2.2586062,2.6413102
2.4455216,2.6845691
2.2771187,2.5926292
2.1048536,2.646396
2.2777205,2.6719308
2.289058,2.6952758
2.1995916,2.66702
2.2104921,2.6766949
2.2341118,2.5471613
2.112605,2.6279714
2.258851,2.6295402
2.4417734,2.6557565
2.3077197,2.6118643
2.3323004,2.6835752
2.4125922,2.6038356
2.1151175,2.5083175
2.320732,2.5824952
2.1770115,2.5474572
2.145098,2.5674238
2.1659522,2.6320715
2.252884,2.590185
2.173458,2.6261387
2.212709,2.6722898
2.3188279,2.5836601
2.2151098,2.633905
2.383773,2.5898812
2.3336332,2.5448005
2.1307943,2.5538745
2.1107743,2.5263467
2.355146,2.6758559
2.5094137,2.599051
2.1597922,2.5357177
2.288588,2.6218984
2.2863383,2.648329
2.3932862,2.694883
2.286491,2.6931617
2.1389146,2.6073523
2.115728,2.6573124
2.2110956,2.629768
2.1315613,2.5504878
2.112799,2.6012259
2.2135482,2.5432327
2.1198678,2.695054
2.3537223,2.5127506
2.1775172,2.5522702
2.1563034,2.5606964
2.2269697,2.6075745
2.298706,2.5704856
2.1471848,2.5166814
2.2200859,2.5951843
2.142746,2.6875308
2.1050134,2.5311556
2.4333405,2.6514318
2.4703803,2.5792887
2.1731582,2.5095792
2.132624,2.648885
2.38242,2.668351
2.2108994,2.565455
2.4459274,2.5562997
2.2163377,2.6690085
2.4851418,2.677957
2.1237028,2.6451766
2.2944412,2.592387
2.3963857,2.5471754
2.1273847,2.6056027
2.2322931,2.5790386
2.1171422,2.5936203
2.2897344,2.518813
2.1810546,2.5663998
2.2961712,2.6819987
2.1331723,2.5496352
2.1081657,2.6248074
2.3031723,2.6501806
2.2337568,2.6636202
2.3379202,2.5444753
2.1442115,2.5575593
2.1132927,2.6350353
2.219369,2.6548927
2.100213,2.6179214
2.378133,2.610964
2.302894,2.5676732
2.3700428,2.6700158
2.2371259,2.593543
2.188386,2.5943432
2.3652308,2.5803585
2.3241124,2.5629053
2.2082036,2.5573719
2.2200267,2.6072423
2.3888035,2.6428127
2.268993,2.5710173
2.146298,2.6304889
2.2317443,2.5867617
2.4155824,2.5050223
2.231927,2.5212455
2.1368227,2.633146
2.204747,2.6276622
2.3072643,2.6951406
2.1464114,2.650337
2.4766967,2.510834
2.1164207,2.5301085
2.2586167,2.6511357
2.1077209,2.697729
2.2449877,2.6411958
2.1843495,2.6116576
2.484067,2.5068305
2.2137446,2.5264142
2.446474,2.5017085
2.3772202,2.6098037
2.2310865,2.6286333
2.2803714,2.682277
2.3070462,2.680324
2.1035194,2.5246613
2.1671045,2.5334003
2.113364,2.6519613
2.2605093,2.6260056
2.3136077,2.5224876
2.1472747,2.6990557
2.2185621,2.5806537
2.4782643,2.6040385
2.1631117,2.5611784
2.2188282,2.5254457
2.4783185,2.6661828
2.3239865,2.6051238
2.3396764,2.532783
2.1628108,2.6680012
2.1128073,2.6284893
2.27463,2.5744326
2.2444975,2.5845132
2.1673222,2.5014107
2.2286525,2.6332378
2.2593946,2.6545625
2.2290277,2.5265453
2.1568735,2.6653585
2.4342446,2.5666687
2.1530359,2.5111172
2.2210498,2.6025589
2.1505547,2.6483912
2.3252568,2.5509946
2.2118368,2.523091
2.5427294,2.5530045
2.262406,2.5452425
2.1913064,2.5598202
2.159461,2.635844
2.1805718,2.6071627
2.1945333,2.6103988
2.5359657,2.615925
2.3617435,2.601882
2.3873494,2.5219543
2.1606414,2.5206103
2.506359,2.572922
2.1653597,2.666877
2.3444042,2.5663319
2.317035,2.6318853
2.4021463,2.6657274
2.314616,2.559115
2.250784,2.6484544
2.3014817,2.520846
2.418132,2.5164044
2.43888,2.6869314
2.1592684,2.5741153
2.182622,2.5040982
2.1612303,2.649153
2.2199893,2.595876
2.511089,2.5446901
2.3306103,2.5689847
2.392319,2.545599
2.1778307,2.6472824
2.1674418,2.6157012
2.1222842,2.6662235
2.1137145,2.5651188
2.1493948,2.6663704
2.349987,2.6386158
2.3030038,2.6200957
2.5221863,2.61053
2.2486532,2.5755882
2.113172,2.5244005
2.1476688,2.5829253
2.1472316,2.6041048
2.1570792,2.6641474
2.2507455,2.5085514
2.2317002,2.566704
2.1012251,2.5112126
2.3562102,2.560557
2.1593184,2.5582204
2.1094906,2.6004047
2.1242175,2.552967
2.117471,2.6948879
2.1242778,2.5764832
2.2867942,2.585334
2.2574787,2.5695903
2.1743312,2.5942855
2.200442,2.5166376
2.134828,2.6865416
2.1762571,2.69738
2.1102836,2.5564358
2.2956192,2.6518126
2.4869692,2.5807455
2.4271767,2.658445
2.4795184,2.6059163
2.1840265,2.6847463
2.3232336,2.6332347
2.1855655,2.5264416
2.4881108,2.6361907
2.2775266,2.5158355
2.5229452,2.5957472
2.143323,2.6269524
2.1172822,2.528212
2.4074397,2.5532844
2.2005131,2.643948
2.1158931,2.6307838
2.4860198,2.6048508
2.2874749,2.6111555
2.10157,2.6098037
2.143433,2.6703293
2.3752987,2.6317728
2.1200032,2.6453142
2.2992787,2.560112
2.140752,2.5554883
2.3999138,2.6443477
2.2904546,2.5381236
2.373452,2.5959103
2.297643,2.6433418
2.1117306,2.69731
2.1439695,2.5394444
2.2843242,2.5886586
2.1167808,2.549259
2.3082054,2.5660987
2.23713,2.6797523
2.2067106,2.5640984
2.3249574,2.5773711
2.253761,2.575147
2.211882,2.6997857
2.228409,2.5156672
2.2645845,2.5820787
2.134428,2.5572262
2.437573,2.622622
2.1552038,2.6928675
2.24391,2.550042
2.1310675,2.5728488
2.2779634,2.5616455
2.1305673,2.5112486
2.334069,2.5574684
2.2906969,2.5074935
2.332135,2.5618894
2.1056042,2.6407619
2.12983,2.6932142
2.335578,2.6837153
2.1544287,2.5420551
2.1459324,2.5412145
2.351374,2.627896
2.203265,2.5644476
2.312079,2.6539145
2.370477,2.5753162
2.1050632,2.5602174
2.1457121,2.6041722
2.158635,2.6911886
2.2304468,2.5535333
2.1220043,2.5120397
2.105313,2.5496922
2.2962697,2.5757337
2.275508,2.5201707
2.3575025,2.6353345
2.1051514,2.6638074
2.3261414,2.5602248
2.3287277,2.5479925
2.3038468,2.6649997
2.2469184,2.6652486
2.3885138,2.6261945
2.1524374,2.5967762
2.4570415,2.5733266
2.3863366,2.5796893
2.2896655,2.5671124
2.1181726,2.589843
2.2593353,2.5615952
2.1334438,2.6537707
2.172664,2.6072316
2.1423702,2.6028223
2.1351314,2.6835492
2.1924677,2.594978
2.1020746,2.6043067
2.3731706,2.6449723
2.1272054,2.6122394
2.118513,2.535266
2.1500754,2.6051342
2.5235674,2.6410134
2.222229,2.5188026
2.128934,2.5980062
2.1605985,2.5695446
2.2564173,2.6251607
2.3444808,2.6612651
2.286758,2.689573
2.4055963,2.6925411
2.2836041,2.5450115
2.2915194,2.5115714
2.3924344,2.5300934
2.1165483,2.6116562
2.1821337,2.6974113
2.3277984,2.656024
2.1077623,2.5724728
2.1755831,2.5694222
2.1051798,2.5248747
2.1093545,2.632296
2.1593442,2.6628907
2.1184905,2.5913098
2.238779,2.5691144
2.127447,2.665353
2.3632977,2.6088245
2.2105005,2.5278006
2.1113172,2.5540385
2.2479122,2.6312594
2.4720204,2.5436394
2.409003,2.5217307
2.1824603,2.668197
2.5042264,2.5330281
2.1003788,2.6193335
2.2149413,2.66271
2.1461504,2.5811446
2.4432442,2.6838994
2.1108425,2.5530605
2.4859757,2.65454
2.17548,2.5977283
2.276511,2.6847308
2.5315495,2.6859276
2.215518,2.5237482
2.2329755,2.6153457
2.148826,2.5217264
2.284541,2.5290308
2.530382,2.566373
2.492209,2.5319664
2.3678112,2.5530825
2.423775,2.606418
2.2056613,2.6133437
2.2198238,2.6977658
2.14988,2.6003697
2.1412828,2.616392
2.455939,2.5048783
2.1888614,2.6412144
2.1005144,2.6828158
2.4802015,2.6639855
2.1893985,2.5743947
2.1458085,2.5691729
2.1189938,2.5549266
2.41432,2.5116398
2.1535697,2.6584566
2.290357,2.576928
2.2540483,2.574972
2.105019,2.5204687
2.1503992,2.567329
2.3192964,2.600734
2.3347993,2.632853
2.1312325,2.6261435
2.1449902,2.6276855
2.2732482,2.5436852
2.5305095,2.5971484
2.1748598,2.6848674
2.2530406,2.6882417
2.1365032,2.514598
2.104899,2.6363666
2.1959784,2.6468134
2.1798763,2.6452348
2.3227952,2.5677385
2.3403559,2.653666
2.3425846,2.6413345
2.389155,2.5899181
2.262915,2.5796435
2.4246376,2.620227
2.1367624,2.5976071
2.2501426,2.564514
2.2577717,2.5713038
2.1313813,2.6370955
2.4064949,2.5456848
2.237063,2.5140576
2.2578077,2.5768266
2.2558658,2.5910652
2.4319143,2.5806794
2.3221278,2.6312544
2.137739,2.678098
2.2019773,2.6615407
2.1621757,2.60216
2.115139,2.6846385
2.228229,2.5606759
2.259176,2.5578372
2.3110073,2.6654475
2.1623633,2.6765685
2.1077645,2.529767
2.3081064,2.5797117
2.2413332,2.6021447
2.347765,2.6057115
2.2630446,2.6216738
2.1043015,2.5026958
2.2112021,2.5294175
2.2367778,2.5273092
2.393765,2.5307198
2.158291,2.6370332
2.1423252,2.5735285
2.338885,2.5313723
2.2403371,2.6568704
2.436397,2.65193
2.178274,2.5510442
2.1377416,2.6492414
2.1280842,2.5052948
2.4328692,2.5085762
2.1059601,2.5285623
2.2219713,2.6849363
2.1116061,2.63963
2.400973,2.5559416
2.1353211,2.5872602
2.2856643,2.5211918
2.440391,2.5803466
2.4281359,2.5491812
2.1034305,2.5994837
2.1266377,2.5985725
2.1927729,2.5742326
2.2599032,2.697647
2.1953945,2.5172236
2.1847258,2.5371802
2.220732,2.5337994
2.1428013,2.6213071
2.1298819,2.5202634
2.1384282,2.5368826
2.4117799,2.6853092
2.3160353,2.6451466
2.3944867,2.576716
2.3148024,2.640403
2.1713104,2.5313175
2.2997131,2.5469294
2.1054053,2.6399157
2.1394315,2.5327573
2.3797085,2.6172113
2.2989357,2.5198522
2.370853,2.646765
2.1222115,2.5087805
2.1984277,2.6743743
2.1848874,2.634562
2.2455804,2.6615934
2.3261514,2.5127456
2.483052,2.648182
2.1423209,2.516806
2.1023955,2.5108607
2.1561852,2.6037304
2.1352706,2.5489883
2.283215,2.6008453
2.112623,2.5190778
2.2307389,2.5979528
2.1596117,2.6428146
2.3760693,2.5443683
2.241072,2.6423397
2.1084757,2.5712056
2.3100183,2.5814054
2.200661,2.5726366
2.1433635,2.6463292
2.203609,2.621848
2.4620166,2.5486896
2.1263652,2.6331875
2.1012905,2.6895766
2.1124444,2.6189237
2.1725779,2.540768
2.1208022,2.5869508
2.1240857,2.6647742
2.2302275,2.6880991
2.1604564,2.5599084
2.205039,2.5224304
2.1779556,2.6875298
2.3332832,2.5009627
2.4987743,2.5863543
2.1269264,2.5821815
2.2051206,2.5351
2.3695707,2.6199596
2.5408223,2.507195
2.4251788,2.5460427
2.3239348,2.6123128
2.2759264,2.5102618
2.1115637,2.6757326
2.3737686,2.5470996
2.1918998,2.519647
2.2706828,2.502357
2.2860796,2.5504344
2.3658261,2.602308
2.2726119,2.5666833
2.205784,2.6326594
2.5279465,2.5054092
2.2446468,2.6775384
2.4033275,2.5551887
2.3179245,2.6049328
2.3131044,2.5108871
2.170468,2.6513877
2.2202606,2.685644
2.3874395,2.6451635
2.2386901,2.6682622
2.2536633,2.6481695
2.218456,2.666829
2.1946466,2.6227174
2.1373982,2.6442132
2.2432678,2.6267252
2.1186554,2.698369
2.407453,2.6772802
2.1109421,2.6212103
2.1715002,2.5919473
2.2608767,2.6687424
2.4287148,2.5253303
2.3785589,2.5026321
2.1267784,2.5602803
2.4548686,2.6785803
2.1430223,2.511849
2.1952922,2.680694
2.150707,2.5520937
2.453158,2.6900475
2.2132425,2.6117294
2.1774333,2.5495534
2.3405647,2.602934
2.121944,2.6268194
2.1731036,2.5089948
2.2448342,2.5912783
2.2598362,2.6671479
2.1612468,2.5351317
2.2105618,2.6225963
2.214592,2.60017
2.4948003,2.5886981
2.179783,2.652959
2.4948788,2.5959125
2.1484857,2.65688
2.136932,2.570849
2.2265532,2.6600323
2.281967,2.6323566
2.4921145,2.6184735
2.392445,2.640688
2.2287927,2.6989853
2.1026034,2.6725101
2.1211188,2.6083782
2.3004413,2.535766
2.2350569,2.571481
2.1528645,2.6664238
2.4230525,2.631953
2.2672417,2.6628773
2.1846023,2.512727
2.1148682,2.512049
2.54311,2.5368514
2.2415674,2.6123323
2.1209912,2.604313
2.178553,2.6645703
2.1520956,2.6341305
2.2522027,2.6206176
2.3584526,2.698958
2.1131408,2.5042112
2.1077325,2.6410768
2.1194673,2.5261366
2.2052467,2.5985975
2.194935,2.5004022
2.122307,2.5887232
2.1298099,2.5658689
2.5325587,2.639594
2.1230254,2.5400052
2.4141755,2.5801702
2.1790462,2.548925
2.1396663,2.614097
2.10625,2.5463533
2.143651,2.6956763
2.3699694,2.5483904
2.1661298,2.6246421
2.2946327,2.5642354
2.1266842,2.6397614
2.384531,2.5028844
2.1884623,2.5368896
2.1938028,2.6164873
2.2861016,2.5752213
2.1539829,2.6959689
2.100843,2.595946
2.1191022,2.5816417
2.427265,2.5397458
2.2484314,2.623334
2.3080256,2.6070662
2.2228498,2.6617892
2.2271454,2.6865456
2.1092255,2.60458
2.2666037,2.57901
2.2233703,2.6679795
2.1597683,2.5965917
2.167796,2.5299509
2.3265998,2.6034021
2.203313,2.5842803
2.524766,2.6453893
2.3120222,2.5530365
2.2147822,2.5961244
2.1036804,2.649527
2.372175,2.6901035
2.2680082,2.5247881
2.1180336,2.6397846
2.225904,2.5162985
2.2157898,2.6962216
2.4227862,2.652194
2.13657,2.6097996
2.2877047,2.61652
2.1357136,2.6744914
2.216298,2.5396805
2.5047598,2.6852453
2.1927693,2.5319095
2.2487988,2.6414144
2.2987049,2.6859963
2.5146773,2.6883814
2.1991284,2.6547298
2.1609595,2.5141416
2.1021883,2.6536376
2.2217295,2.508126
2.3639362,2.5209687
2.1016762,2.5486221
2.165802,2.6961024
2.3800082,2.6907554
2.2143846,2.6305175
2.3097,2.574662
2.2890143,2.5264428
2.5288944,2.5928447
2.1253211,2.5703764
2.2800639,2.6119275
2.4086013,2.6644864
2.2036383,2.6511443
2.1232214,2.5235147
2.2924597,2.5096285
2.1015449,2.616308
2.1816494,2.619801
2.1370003,2.6727905
2.173407,2.5425174
2.1646955,2.63897
2.2443323,2.5891144
2.121361,2.682684
2.2246723,2.6207633
2.1672788,2.519856
2.2602682,2.5800707
2.1150877,2.5641408
2.2337432,2.5919194
2.490181,2.605157
2.143893,2.5320127
2.2497048,2.5387099
2.118318,2.6499898
2.1500108,2.641245
2.124815,2.5013983
2.2352977,2.5297585
2.1790512,2.5808256
2.114919,2.6561346
2.1189995,2.57255
2.1011465,2.5301526
2.416341,2.529923
2.2551243,2.6524098
2.1496131,2.5517137
2.2638052,2.6664128
2.4804347,2.5926647
2.1933043,2.5791872
2.1705875,2.5001304
2.1162086,2.551376
2.1144927,2.5876358
2.2065341,2.6218402
2.1618433,2.6456754
2.5338275,2.5753162
2.1739676,2.5425816
2.327578,2.6743498
2.473663,2.6087778
2.117613,2.6573138
2.2617447,2.581623
2.416074,2.5117762
2.111491,2.5065188
2.1773076,2.618231
2.170291,2.690336
2.2535589,2.5538151
2.1622398,2.6122313
2.1049871,2.6206653
2.114452,2.5160716
2.2018988,2.5813067
2.1028821,2.6115532
2.1251981,2.5839002
2.3074996,2.5025246
2.2024825,2.565865
2.2180417,2.6454368
2.2157528,2.668228
2.1434278,2.5242295
2.1320748,2.6105437
2.1068344,2.6609137
2.4093277,2.6406188
2.169193,2.5121746
2.1203375,2.613482
2.1256528,2.6464183
2.1242223,2.6206114
2.3173585,2.5807533
2.2615657,2.5004728
2.4578753,2.5459845
2.171704,2.5384648
2.1663792,2.6132734
2.4343941,2.6773262
2.1011467,2.513424
2.257846,2.5166323
2.2237911,2.6567075
2.270321,2.6893115
2.2883735,2.5430667
2.362749,2.5414226
2.117834,2.6754806
2.350581,2.5068648
2.1298413,2.5608933
2.151142,2.697379
2.3154602,2.619642
2.2872007,2.5913904
2.1006148,2.5374703
2.3619006,2.5844655
2.1992927,2.6019814
2.137016,2.6889267
2.1815968,2.557306
2.2975826,2.5736253
2.3741236,2.5114105
2.3107705,2.6694303
2.2473986,2.5686226
2.2031703,2.605788
2.2990806,2.547844
2.1350152,2.516031
2.1862464,2.6621904
2.2140467,2.557224
2.185737,2.61044
2.3431945,2.5018487
2.153869,2.6716743
2.237362,2.5415018
2.4337497,2.6666484
2.1131988,2.621135
2.1579807,2.5564957
2.3059485,2.5180516
2.2884274,2.517529
2.2350361,2.685512
2.1400821,2.6483557
2.442069,2.5795736
2.2140145,2.5544326
2.335605,2.6289604
2.42221,2.5862207
2.2332149,2.5233002
2.10137,2.6506484
2.1023407,2.6168303
2.2390797,2.500981
2.1476836,2.597785
2.184227,2.5036676
2.1513314,2.660047
2.1864574,2.5003335
2.140062,2.6249244
2.3309758,2.5397143
2.2856438,2.5917792
2.2127726,2.5571275
2.5153913,2.6302233
2.309085,2.6377106
2.1157355,2.5800412
2.1152782,2.668884
2.1178348,2.5057797
2.1659393,2.6748133
2.1784189,2.5774977
2.1508026,2.529502
2.1386764,2.5863886
2.3820786,2.5759594
2.1481466,2.5997453
2.1705618,2.619667
2.158308,2.6560392
2.245267,2.6121407
2.1759112,2.527558
2.1621737,2.6839252
2.2236052,2.5627987
2.2226133,2.541813
2.1189435,2.5067222
2.1546035,2.516304
2.2742636,2.5742476
2.4414868,2.5216892
2.1743565,2.692793
2.5355155,2.5686631
2.182218,2.5255318
2.2790039,2.5184572
2.3143198,2.6717577
2.284847,2.668559
2.1433384,2.5229375
2.272893,2.5653527
2.40077,2.502534
2.1631882,2.5988894
2.3057513,2.6259313
2.1952035,2.5037441
2.2920713,2.5360587
2.3046174,2.5905116
2.200945,2.655144
2.1439278,2.663414
2.1374629,2.503384
2.2706065,2.6263561
2.2996674,2.666534
2.1032658,2.6793408
2.512885,2.5774083
2.1215208,2.6922164
2.246551,2.6474404
2.3132708,2.6250458
2.1171584,2.6701834
2.1789358,2.648144
2.224624,2.6066058
2.1789079,2.6162858
2.2506514,2.6031497
2.1271236,2.526379
2.4994495,2.5799947
2.25785,2.6001348
2.1036913,2.5831625
2.2456775,2.6513803
2.120621,2.60193
2.3586543,2.5737514
2.303023,2.6013258
2.1770577,2.6895916
2.184794,2.5316129
2.2268302,2.5787737
2.1652565,2.6789596
2.2216196,2.6423159
2.285649,2.5487218
2.2021847,2.6754692
2.2092485,2.611967
2.2627127,2.6279156
2.4050276,2.6068265
2.222758,2.6017594
2.4175365,2.5048583
2.2571836,2.6367743
2.1022837,2.5420754
2.1269822,2.5301178
2.4800422,2.5524943
2.146817,2.5134792
2.1452794,2.5619133
2.1354,2.568476
2.348455,2.604092
2.5370271,2.6635373
2.1376321,2.5965683
2.146547,2.5253139
2.5319765,2.588103
2.1148674,2.549911
2.1421962,2.5643787
2.172164,2.5223486
2.1765637,2.6469064
2.1930892,2.6398876
2.1419268,2.5040805
2.2228541,2.6108992
2.379281,2.5104733
2.2624485,2.5349553
2.1534095,2.5363505
2.1910012,2.6434162
2.2365165,2.552178
2.2670007,2.6358232
2.2100081,2.6231298
2.168141,2.5227714
2.238326,2.6391194
2.4781604,2.5921862
2.1204371,2.6639078
2.1553185,2.691537
2.4097736,2.5670805
2.1469858,2.59322
2.25569,2.5252461
2.2283616,2.5310915
2.107758,2.633252
2.4701533,2.542565
2.1181355,2.5107818
2.210847,2.5372834
2.147254,2.5910163
2.167751,2.6620498
2.356562,2.621903
2.3544865,2.5447075
2.3290544,2.6531734
2.3030534,2.5379782
2.177447,2.5168285
2.2377334,2.6581907
2.2571058,2.5860698
2.1727967,2.5557926
2.2619996,2.576269
2.238788,2.6504748
2.1708004,2.6657984
2.2813828,2.6881378
2.1362572,2.6925027
2.1988184,2.5646276
2.1092389,2.563907
2.3965368,2.5530722
2.156553,2.6296098
2.5000525,2.505245
2.1038606,2.5075204
2.2115488,2.5950732
2.2399502,2.5369067
2.1522415,2.626305
2.154388,2.6083128
2.1822193,2.5978084
2.1721177,2.6118517
2.1364274,2.5378509
2.2652817,2.6420655
2.2087417,2.5366414
2.3953166,2.5079052
2.4125485,2.5126123
2.4828827,2.561897
2.1379793,2.5634017
2.1378443,2.6079552
2.1805975,2.5824678
2.1418002,2.6525855
2.239352,2.5708592
2.1181633,2.5083141
2.4856994,2.52896
2.1603005,2.6686854
2.1859207,2.6571953
2.19528,2.621597
2.1649497,2.5654857
2.2751486,2.660059
2.316452,2.584252
2.2698185,2.510353
2.2125838,2.6593487
2.1139927,2.5617106
2.340369,2.56192
2.1901653,2.552257
2.3400764,2.5074475
2.5403664,2.6523037
2.283494,2.6362782
2.4272182,2.5114229
2.1734455,2.686393
2.4021616,2.5515876
2.2614741,2.5920339
2.3253255,2.5668619
2.1068792,2.587975
2.2344677,2.5800304
2.102509,2.5148194
2.1584558,2.6103868
2.3404996,2.5616667
2.152385,2.6408062
2.1120517,2.514732
2.1196325,2.5922973
2.104579,2.6724591
2.145979,2.5976324
2.1594617,2.6723235
2.1428668,2.5284457
2.3352442,2.501245
2.235979,2.6051466
2.2297459,2.5783753
2.4567015,2.5926795
2.1943932,2.5378118
2.1978862,2.6569881
2.2121348,2.617438
2.1244254,2.5295029
2.518084,2.662143
2.2074327,2.5294993
2.1850924,2.6392534
2.1450284,2.5534253
2.1326594,2.6324792
2.3513007,2.6098223
2.4255655,2.5795376
2.1352236,2.5875032
2.372517,2.650665
2.396185,2.556023
2.135195,2.611021
2.1378853,2.5437415
2.1158257,2.5774944
2.4174426,2.5836582
2.155998,2.6860888
2.1668513,2.5379755
2.1527412,2.5738199
2.3952024,2.6210113
2.209106,2.6446865
2.2556229,2.5011935
2.3947873,2.6426642
2.2002523,2.577087
2.144826,2.6377854
2.2826052,2.604716
2.2639794,2.6217804
2.4167182,2.6724336
2.436868,2.508855
2.4326644,2.6035678
2.3679895,2.615299
2.1875956,2.6210227
2.3201427,2.5844092
2.2872539,2.6652706
2.1885824,2.609544
2.315447,2.5431404
2.2500634,2.6539843
2.1453876,2.5497305
2.2084265,2.5263438
2.3026748,2.6693478
2.3725576,2.6081576
2.180476,2.6231465
2.1321115,2.646337
2.1588023,2.5307345
2.1571693,2.6351688
2.1966648,2.629284
2.1265872,2.648372
2.1155424,2.5555964
2.1205657,2.510406
2.2324743,2.6831598
2.2134435,2.5486054
2.3441792,2.610023
2.1831863,2.6857953
2.156117,2.6531613
2.2638302,2.5021226
2.3939939,2.535131
2.159771,2.6497684
2.3367465,2.5082564
2.4252186,2.5560439
2.4258618,2.6777854
2.1594615,2.6746936
2.5463443,2.583979
2.1840532,2.6567168
2.291698,2.647609
2.2470245,2.664236
2.1185515,2.5606863
2.3093965,2.6739736
2.385064,2.6333647
2.2283392,2.5524278
2.3644335,2.5731559
2.2450957,2.6930144
2.3202512,2.5549238
2.1705832,2.5220692
2.1124053,2.6250916
2.1726947,2.5869875
2.1329236,2.5448031
2.181678,2.644175
2.1081047,2.622736
2.1444426,2.526423
2.152541,2.6391554
2.2410846,2.6502192
2.1760602,2.669975
2.5468018,2.6028144
2.3244767,2.6776972
2.3902748,2.641242
2.1855757,2.5475771
2.155936,2.562575
2.1955407,2.5671127
2.3533657,2.5549498
2.230521,2.5309644
2.2841682,2.5960958
2.19141,2.6465914
2.1028063,2.6760569
2.3420742,2.5082965
2.2269125,2.525854
2.1050544,2.5090287
2.439882,2.504574
2.2063553,2.5777428
2.2378702,2.50146
2.293967,2.6919723
2.240348,2.5197773
2.4975839,2.585273
2.1048765,2.6135647
2.1450467,2.695605
2.1731353,2.5571675
2.2161734,2.5894694
2.2174659,2.6916864
2.1366155,2.537985
2.2282917,2.5841174
2.3008819,2.559343
2.3045886,2.609669
2.353756,2.6226876
2.1058614,2.5321746
2.1374142,2.5679488
2.1371272,2.5370245
2.3185706,2.5645428
2.113442,2.6890972
2.4500175,2.51236
2.4890492,2.556959
2.3502212,2.5180376
2.2133245,2.52391
2.2241163,2.583161
2.113794,2.5169337
2.310883,2.5920029
2.1367474,2.509403
2.1275308,2.6111856
2.130743,2.6335347
2.102274,2.5855913
2.1081479,2.6834323
2.1549566,2.6147006
2.538158,2.6474466
2.2041142,2.5976877
2.262323,2.6844146
2.373895,2.6491735
2.3467283,2.6848044
2.1871016,2.5302808
2.4896872,2.616278
2.3015647,2.5438416
2.1849203,2.5454822
2.189581,2.542368
2.1980395,2.5499825
2.5422375,2.6436164
2.1751235,2.5894964
2.2631035,2.5100539
2.3228168,2.6158297
2.3162208,2.570308
2.1900048,2.63691
2.323154,2.6112423
2.1124637,2.5218928
2.1533456,2.6061087
2.222685,2.594756
2.1518645,2.6849802
2.101323,2.6982641
2.1222873,2.6688914
2.300861,2.6809187
2.2262998,2.6601574
2.3634,2.6867807
2.4618576,2.5402706
2.2410321,2.6179194
2.3683553,2.6874838
2.1147306,2.60477
2.2303557,2.6065102
2.2751746,2.6450434
2.179923,2.6383767
2.2087889,2.6447759
2.430755,2.6619391
2.1858177,2.5229445
2.197071,2.643489
2.2666352,2.697574
2.2562594,2.509824
2.5315976,2.527078
2.257495,2.5572386
2.1232576,2.5681984
2.3595014,2.6877847
2.32914,2.618159
2.1231682,2.546956
2.2519145,2.592608
2.1196008,2.6940134
2.515773,2.6239932
2.159921,2.6580896
2.533479,2.5078151
2.3343837,2.5012562
2.2382033,2.607957
2.1874921,2.6772435
2.1055486,2.6283932
2.459037,2.5726912
2.3050437,2.5758803
2.1881719,2.52258
2.1152594,2.6416578
2.200746,2.653729
2.3449018,2.5424702
2.1401129,2.6000695
2.2599921,2.5771074
2.1767204,2.6455412
2.3188226,2.6676633
2.138868,2.5402367
2.3984535,2.5321975
2.1189036,2.6315556
2.2065666,2.6625776
2.221361,2.5444171
2.153531,2.678711
2.4220505,2.570116
2.1539311,2.5647392
2.436914,2.5779285
2.164495,2.5875988
2.4318798,2.5561748
2.185638,2.5869346
2.12421,2.5063522
2.1015012,2.5334136
2.4278839,2.5260625
2.1422079,2.5121462
2.1319625,2.503541
2.2011366,2.5560987
2.216641,2.627165
2.1032403,2.6935668
2.1923993,2.623135
2.2137883,2.6189308
2.1036532,2.6611454
2.4852934,2.580496
2.150622,2.5714066
2.3191497,2.643132
2.304051,2.579955
2.1961489,2.6757815
2.1875818,2.503494
2.2256808,2.674047
2.4336557,2.6300092
2.1980636,2.5234532
2.1518576,2.5420403
2.219779,2.5962243
2.3399687,2.530474
2.1725535,2.6531336
2.1011696,2.691252
2.4468043,2.6318572
2.247764,2.5624118
2.1979809,2.6977828
2.4813964,2.645901
2.2714968,2.51718
2.1001248,2.5311682
2.3564365,2.6124613
2.4329116,2.6771824
2.3643425,2.5703812
2.100495,2.5486593
2.227354,2.5647073
2.1090007,2.563592
2.1762023,2.5265808
2.3687932,2.6411443
2.439759,2.5636482
2.1129286,2.611235
2.3689988,2.5327275
2.127614,2.537474
2.5212774,2.6965551
2.1262765,2.665194
2.1183941,2.577684
2.1617432,2.5263772
2.4273903,2.6720319
2.4418795,2.6398735
2.2657542,2.6463263
2.331242,2.5859387
2.2992413,2.532919
2.1223378,2.6070228
2.164212,2.5058591
2.3527796,2.6718109
2.288468,2.5086668
2.1112282,2.564146
2.249899,2.5141122
2.2253473,2.5093532
2.3457568,2.5190315
2.2582178,2.6558497
2.411828,2.657082
2.1343176,2.6521466
2.1927645,2.6178844
2.2036664,2.6340702
2.1582842,2.5253553
2.1703947,2.6247392
2.1514628,2.682744
2.4596536,2.5371242
2.1293352,2.6080773
2.1877744,2.6337805
2.3361685,2.5807898
2.2447863,2.6465633
2.1657753,2.5602474
2.1717906,2.5738323
2.1004698,2.57398
2.149866,2.6746724
2.1547496,2.5758672
2.4781501,2.6487813
2.1671004,2.516885
2.3729947,2.623249
2.3843696,2.6941893
2.280154,2.5239527
2.1429105,2.5641286
2.3332758,2.6145225
2.2626379,2.6027339
2.1343527,2.6296515
2.3093276,2.6330826
2.253516,2.5029705
2.2534523,2.6691694
2.3270638,2.5979097
2.1002288,2.6385162
2.1107254,2.5258615
2.2056415,2.5478702
2.129842,2.6976645
2.3364377,2.6526308
2.1053436,2.5099466
2.1684504,2.661726
2.1972094,2.585404
2.2391026,2.6868727
2.4695034,2.6377795
2.194128,2.6624122
2.2198575,2.5329127
2.223138,2.6889768
2.1184163,2.6286619
2.1715887,2.5016937
2.293148,2.5071645
2.1961782,2.6639764
2.3567214,2.595328
2.3090622,2.579444
2.1205277,2.6831436
2.1185203,2.5056021
2.4733756,2.6829622
2.1071355,2.52414
2.5222173,2.5901022
2.1493523,2.551583
2.1701934,2.5062902
2.210983,2.565727
2.2342339,2.6628118
2.237437,2.669781
2.1607804,2.5472882
2.1164072,2.52845
2.228062,2.6330206
2.1182957,2.5015304
2.5157573,2.652025
2.5252771,2.563889
2.4462492,2.5302243
2.2964778,2.550217
2.1227002,2.5481584
2.3359294,2.6121368
2.1884947,2.6335585
2.5254653,2.5566576
2.1139317,2.5035045
2.1847293,2.6143122
2.280652,2.654741
2.4322295,2.5273845
2.2411036,2.63066
2.123438,2.5859895
2.4653246,2.5054617
2.2015676,2.6675391
2.3373437,2.631185
2.2262907,2.6187108
2.1435523,2.5712013
2.3801372,2.5814183
2.222532,2.5594194
2.13534,2.5663302
2.3450985,2.5637827
2.220836,2.6837358
2.3339236,2.6120253
2.1690829,2.620961
2.3315837,2.6003659
2.2383418,2.5869284
2.3503292,2.5937006
2.266558,2.630939
2.5090406,2.5386732
2.1717296,2.559777
2.4519002,2.686982
2.1731257,2.5417345
2.136892,2.6787133
2.1212356,2.533695
2.439127,2.5212235
2.333562,2.507053
2.525112,2.679676
2.2457354,2.6151226
2.100205,2.6411016
2.1327171,2.5237617
2.4428558,2.6853848
2.2668064,2.607596
2.2013514,2.5359378
2.3498285,2.550604
2.186537,2.562572
2.2215066,2.6520107
2.30906,2.6944854
2.2537436,2.587659
2.1086526,2.6760955
2.4211001,2.5679214
2.1364603,2.5666559
2.1787462,2.6114361
2.107072,2.5151412
2.2000594,2.6268792
2.338258,2.6365116
2.1246805,2.5623899
2.3521056,2.5434563
2.4486096,2.691557
2.4959455,2.5645518
2.1453202,2.6685362
2.4392395,2.5598042
2.1101356,2.6099823
2.3242264,2.6690385
2.121603,2.561617
2.5291479,2.6180308
2.268711,2.5337114
2.1226032,2.5727072
2.3553061,2.6837423
2.3112485,2.5443223
2.1020224,2.6830256
2.4796069,2.627933
2.1473622,2.5060925
2.3597338,2.5404992
2.2257123,2.629932
2.2942488,2.6467602
2.2149286,2.639274
2.1237235,2.5551171
2.3719826,2.654788
2.1105983,2.6177742
2.3530624,2.5439441
2.3481765,2.5111938
2.2855747,2.6373415
2.155432,2.5102105
2.168744,2.6478362
2.1952155,2.6962404
2.3595808,2.508834
2.1544142,2.6820474
2.3496625,2.6808379
2.2401965,2.6123478
2.3407185,2.5245135
2.1317122,2.546145
2.215057,2.6638796
2.4382715,2.5820506
2.1271298,2.6113482
2.434679,2.6888938
2.1249216,2.531366
2.318606,2.6032548
2.118501,2.6181812
2.306521,2.5228508
2.245626,2.6394372
2.3235385,2.616125
2.3933444,2.5026407
2.1313567,2.533884
2.13214,2.5938082
2.4338214,2.5672765
2.1590626,2.5149877
2.2207484,2.6591067
2.3900466,2.626363
2.1884632,2.563926
2.2063098,2.5424829
2.504379,2.5784562
2.1729264,2.6509285
2.2398064,2.6296675
2.4199276,2.5610454
2.1925938,2.5956037
2.1725388,2.6171765
2.243853,2.55145
2.2157784,2.6556864
2.164932,2.6234272
2.3893669,2.634562
2.3334267,2.6394699
2.1683884,2.5162697
2.4614398,2.537547
2.1089683,2.5594943
2.1677692,2.559614
2.1337295,2.6907697
2.184878,2.6105402
2.1602254,2.5935633
2.2513175,2.5960681
2.5367799,2.6714318
2.2775657,2.5799308
2.2279248,2.6595705
2.2026348,2.690162
2.104676,2.5801148
2.34339,2.5935893
2.1870053,2.5522726
2.5498893,2.580802
2.5341117,2.5174215
2.1055887,2.6726704
2.262991,2.6962106
2.4282823,2.6512737
2.37649,2.6977909
2.2466035,2.539057
2.1604187,2.6555297
2.115212,2.575375
2.2604015,2.670908
2.3645804,2.6980681
2.1129851,2.5206182
2.3556113,2.6366062
2.1812894,2.6288137
2.189286,2.6024084
2.1297076,2.6435072
2.229224,2.5988522
2.1898124,2.5193753
2.1089377,2.5370913
2.1451113,2.6236224
2.1041207,2.5168357
2.1403403,2.5025914
2.1536155,2.5325038
2.2221656,2.5628815
2.1236496,2.6504295
2.1380627,2.6667974
2.1759787,2.594502
2.164197,2.6518786
2.4233532,2.5689893
2.3178716,2.666595
2.160827,2.514092
2.139523,2.5218475
2.519695,2.5179796
2.2059865,2.5404027
2.1109068,2.5478728
2.4326746,2.6122756
2.1017559,2.6905894
2.1678598,2.5982866
2.1726987,2.6068015
2.1334403,2.5799143
2.23593,2.6592977
2.119617,2.615929
2.488975,2.6258168
2.383005,2.5314853
2.3153124,2.5762477
2.4137359,2.5103958
2.1424177,2.5118678
2.1182544,2.573495
2.1645205,2.674017
2.1063638,2.63382
2.4231815,2.6066532
2.354955,2.5285285
2.238198,2.6664329
2.286973,2.637347
2.1326249,2.6903155
2.2309983,2.6864161
2.3322897,2.6948583
2.4503624,2.602954
2.170106,2.540059
2.1221457,2.6466436
2.3538435,2.500334
2.265604,2.583698
2.159965,2.670991
2.2000933,2.5772562
2.3760972,2.6550045
2.2804358,2.595896
2.1991599,2.5169754
2.3542671,2.6334283
2.2703097,2.6512258
2.1548748,2.580815
2.2370396,2.6505911
2.133446,2.5186517
2.1407428,2.5105076
2.2376695,2.694277
2.2599978,2.5006042
2.2531676,2.5204313
2.2091098,2.5594132
2.2458413,2.6284041
2.2820675,2.5814474
2.336399,2.5500488
2.242891,2.5215933
2.1364062,2.677533
2.272847,2.534618
2.1667376,2.623452
2.160605,2.6826046
2.546194,2.5664787
2.4930665,2.5545309
2.2702124,2.607371
2.2094698,2.5078511
2.109203,2.5553257
2.2088664,2.5357902
2.1076586,2.690902
2.1023247,2.6751778
2.335096,2.5730927
2.1068506,2.5266607
2.2145631,2.5967925
2.1988804,2.5390642
2.1769059,2.5427823
2.2584517,2.5765347
2.3902237,2.5139263
2.2153096,2.6290202
2.1364014,2.6013632
2.5381916,2.5667908
2.2244985,2.623729
2.214638,2.6731157
2.1356432,2.5993643
2.214945,2.5143893
2.3330886,2.5205998
2.1757452,2.6966712
2.2055154,2.5361536
2.1510262,2.5386078
2.1588264,2.5194218
2.2586756,2.566322
2.2945378,2.62272
2.136508,2.5439048
2.1609333,2.603792
2.1399632,2.5779672
2.244844,2.6223762
2.3389575,2.5566466
2.2967792,2.6237173
2.1012273,2.668154
2.1313264,2.6237674
2.1122234,2.5774083
2.3889687,2.5261188
2.3966148,2.5606484
2.2380607,2.5300572
2.3284135,2.6266928
2.114637,2.5663471
2.5013125,2.6555476
2.3566704,2.6886191
2.2793705,2.5881517
2.293081,2.5629153
2.3213372,2.559911
2.3602886,2.6268015
2.2303612,2.6128826
2.2113369,2.513747
2.4391575,2.6604211
2.2243903,2.5994875
2.1800838,2.5640304
2.3520355,2.5351973
2.1930811,2.58568
2.1298683,2.5368059
2.2594604,2.6485188
2.4074283,2.5089521
2.1253858,2.6954324
2.1468425,2.6496754
2.2799833,2.6569262
2.3081079,2.5118866
2.1864572,2.631383
2.129893,2.607568
2.3539267,2.6005468
2.247188,2.515424
2.1316063,2.6571667
2.1318028,2.5187733
2.257906,2.6089458
2.2708719,2.5494998
2.2471528,2.6156113
2.2125323,2.6421926
2.1174202,2.5923698
2.3494654,2.546976
2.2958517,2.5282757
2.1401966,2.5109363
2.2730153,2.5024827
2.138528,2.6695724
2.1522784,2.636574
2.172809,2.5469959
2.175531,2.5624106
2.116374,2.5874193
2.1016622,2.5848966
2.3678973,2.5664566
2.1884634,2.5284166
2.3606858,2.6730175
2.3837428,2.5771601
2.459443,2.5804253
2.124099,2.6597526
2.1992974,2.539548
2.332079,2.639267
2.241104,2.6877565
2.2273962,2.5149739
2.117034,2.5344584
2.1574755,2.6344187
2.215141,2.6990821
2.1053863,2.5506804
2.1605434,2.6054068
2.170366,2.6866736
2.144743,2.6876135
2.10715,2.569228
2.3181143,2.5543115
2.322127,2.6193554
2.139952,2.5324323
2.3924203,2.513554
2.2171028,2.5201037
2.2178292,2.5401018
2.3860576,2.6981573
2.2942986,2.6134348
2.4709306,2.692621
2.1744065,2.5630429
2.3633716,2.6432126
2.1358404,2.5334876
2.1708236,2.6415448
2.1761723,2.6435673
2.3409247,2.5455067
2.140113,2.5346773
2.247785,2.593591
2.1665983,2.606973
2.3847892,2.5745387
2.2054758,2.6207662
2.1645343,2.5060003
2.2105315,2.5732856
2.2707446,2.6075802
2.2513435,2.6247916
2.1666808,2.6899567
2.1573277,2.6878521
2.1613743,2.658248
2.2112305,2.6326888
2.2525337,2.5030856
2.2334387,2.5571165
2.3960688,2.6436856
2.2912428,2.6462538
2.435253,2.6806831
2.106136,2.67404
2.3134959,2.6461146
2.3662815,2.594503
2.3681474,2.5265634
2.2057955,2.573897
2.1972904,2.678222
2.1497765,2.6630387
2.1264987,2.5248995
2.2825365,2.531684
2.1105907,2.5180943
2.36252,2.5501907
2.1207366,2.55805
2.1512568,2.6004548
2.1194572,2.541013
2.1398964,2.630052
2.4735553,2.596807
2.1383607,2.6182837
2.187928,2.519603
2.2540271,2.6447945
2.1342092,2.5045457
2.1210918,2.622128
2.110659,2.5741537
2.181637,2.5348341
2.2138023,2.5514343
2.1174355,2.556588
2.142056,2.68782
2.2272267,2.6664112
2.100181,2.663602
2.1046367,2.6742826
2.2015674,2.6432707
2.1708324,2.5729215
2.124209,2.542377
2.2435694,2.6938784
2.2041605,2.682804
2.3337545,2.6479633
2.2008638,2.6942792
2.2746603,2.6513073
2.4932656,2.5983665
2.4410818,2.693874
2.1679847,2.6648395
2.1107628,2.5138671
2.154958,2.554662
2.2593968,2.6353395
2.3935187,2.6753547
2.5045896,2.5627074
2.275188,2.60914
2.2770023,2.5273588
2.3795629,2.625668
2.3183777,2.5352561
2.2954226,2.677807
2.4638717,2.6020513
2.5203052,2.5595098
2.196978,2.5157185
2.1212666,2.6077492
2.1860287,2.5513546
2.1381779,2.5470338
2.208558,2.517114
2.1516984,2.6935883
2.120657,2.5592344
2.1342704,2.5891907
2.3673613,2.556271
2.265003,2.6236136
2.4107234,2.6286986
2.1015391,2.5967221
2.1142266,2.5261877
2.251374,2.681648
2.135762,2.532488
2.5107493,2.5303242
2.1055493,2.5360804
2.397864,2.5253265
2.4163268,2.5103476
2.1879077,2.532424
2.1446736,2.5368443
2.1073585,2.5490866
2.1241574,2.6274707
2.1040654,2.5946815
2.4076507,2.674321
2.1495357,2.5348482
2.1680784,2.5685363
2.22459,2.528218
2.3004878,2.651816
2.1070669,2.6996632
2.1481593,2.6471438
2.1333737,2.6461992
2.2907138,2.666445
2.361712,2.5664806
2.1306348,2.657945
2.2960691,2.5662875
2.327575,2.5065935
2.3093133,2.6797464
2.3199353,2.680848
2.1880019,2.597674
2.1330853,2.5318835
2.1014714,2.6209664
2.1607401,2.6531699
2.1732128,2.6837988
2.2472775,2.633894
2.2611752,2.5767918
2.1073651,2.64625
2.1911564,2.6030517
2.4278529,2.5815656
2.109426,2.5228481
2.1138337,2.5213547
2.2706654,2.5096781
2.1345978,2.510811
2.1269011,2.596201
2.1502938,2.521537
2.2038002,2.5975933
2.1330125,2.695857
2.4179795,2.6835017
2.5124445,2.642729
2.2899802,2.6637874
2.1774533,2.5282753
2.2354782,2.6294568
2.210581,2.665504
2.1851697,2.586095
2.1223512,2.6069715
2.1123292,2.6612532
2.3816044,2.6579728
2.1384714,2.6483004
2.1041203,2.591444
2.1810055,2.6052997
2.3139863,2.6570845
2.2428033,2.5396652
2.2961462,2.6979458
2.1882312,2.54104
2.2861462,2.550334
2.3982918,2.6695855
2.4495754,2.6423461
2.242473,2.660747
2.3042262,2.5878367
2.1558316,2.5036316
2.1910965,2.665912
2.16498,2.5944076
2.3011482,2.6798782
2.1252139,2.5063941
2.1287513,2.6243472
2.1717076,2.5101736
2.2398143,2.6711545
2.180341,2.614084
2.5108063,2.602385
2.211082,2.5012336
2.1700146,2.6778202
2.1909957,2.5240164
2.432945,2.651293
2.151156,2.5607467
2.1867585,2.5562983
2.1478212,2.5533593
2.149956,2.6638477
2.2792432,2.655239
2.37886,2.6307175
2.137592,2.5398061
2.130641,2.501379
2.4002388,2.5321417
2.451272,2.6688945
2.1052222,2.6836498
2.2387278,2.6148608
2.1141045,2.6912272
2.1469085,2.627366
2.206883,2.5735
2.1333263,2.687818
2.333431,2.5741568
2.3950658,2.5217564
2.1338716,2.542784
2.3147237,2.595786
2.1363409,2.681831
2.5291176,2.6424882
2.2323356,2.5390124
2.2166142,2.687031
2.1715178,2.5569124
2.2394898,2.6190147
2.339399,2.562334
2.2482433,2.556354
2.2483027,2.5186853
2.5317466,2.6978076
2.2543094,2.6343305
2.1609237,2.530394
2.1824186,2.6291404
2.4157734,2.5375004
2.1176612,2.6128285
2.1520154,2.5532565
2.1274712,2.619256
2.3474972,2.6752782
2.2946699,2.5841157
2.1772628,2.6067822
2.3678164,2.6640394
2.2683146,2.5091848
2.2592258,2.656221
2.2272418,2.6114318
2.3849099,2.5570884
2.2358692,2.5308707
2.374836,2.6244938
2.178991,2.5173345
2.1176522,2.5827222
2.115174,2.5182307
2.1923053,2.6341512
2.3332362,2.6031501
2.5187867,2.614533
2.1710682,2.5042796
2.3953142,2.5457
2.2898757,2.6319811
2.3383029,2.5556924
2.5493217,2.5673907
2.4129102,2.649156
2.265845,2.587289
2.1187017,2.5685933
2.4024217,2.5455666
2.1903903,2.550838
2.428693,2.5265825
2.116585,2.5157719
2.1875114,2.6529946
2.156957,2.5258563
2.169468,2.5179036
2.1314297,2.516039
2.1161675,2.6196501
2.1256335,2.5446174
2.1317828,2.5762157
2.2854843,2.5068583
2.3083603,2.5203536
2.410562,2.5128846
2.1071746,2.517442
2.196143,2.5919366
2.1446803,2.5184755
2.1643033,2.688827
2.1068385,2.6799295
2.1661425,2.5190105
2.52295,2.6627839
2.2998784,2.6704788
2.1383958,2.6597154
2.1982338,2.5630252
2.11051,2.5440512
2.2897477,2.6551101
2.1400647,2.5078657
2.1304178,2.5337422
2.3499792,2.6170495
2.2141178,2.6288786
2.1435766,2.6574636
2.426233,2.6588824
2.2106347,2.5619824
2.3298075,2.5831127
2.1997073,2.591475
2.1463158,2.5307307
2.293894,2.6486669
2.1145036,2.5988014
2.5320246,2.5755222
2.1729085,2.5442386
2.3183782,2.620692
2.183883,2.6560676
2.287607,2.6377351
2.4500659,2.6420484
2.160365,2.6843898
2.1540468,2.5072734
2.1601849,2.5902424
2.270876,2.6738338
2.3700325,2.5477192
2.3052335,2.6102884
2.3686194,2.6904244
2.3788867,2.5778458
2.1385028,2.6307538
2.116611,2.6258862
2.370219,2.5002308
2.3771856,2.5699186
2.3106716,2.6157846
2.5370002,2.5188022
2.418837,2.633556
2.3408606,2.5087278
2.1093013,2.660213
2.2174423,2.6754394
2.1777465,2.6977694
2.3736181,2.5354674
2.1691196,2.6925018
2.1309195,2.6361945
2.2354538,2.593903
2.1169488,2.62952
2.1035006,2.6608646
2.4308832,2.5393207
2.1222765,2.6099012
2.2692084,2.5231845
2.189568,2.6213853
2.135449,2.6234803
2.1160226,2.6496077
2.1283426,2.6470463
2.1822689,2.6754293
2.3145401,2.556451
2.339319,2.6745129
2.1128397,2.5046911
2.1979227,2.6465385
2.2380412,2.6576738
2.2735944,2.571335
2.508196,2.5132985
2.1511495,2.592922
2.4255748,2.5291743
2.1614895,2.5152478
2.187892,2.5085075
2.1720486,2.5240068
2.1466644,2.5120845
2.1260846,2.548919
2.1299298,2.6786041
2.11936,2.593461
2.1575272,2.6032777
2.1242056,2.6436343
2.254654,2.6155884
2.2176204,2.6155884
2.14697,2.588916
2.1959763,2.5552616
2.2372346,2.5375748
2.2048576,2.634954
2.1081407,2.6577852
2.197027,2.6382396
2.1517615,2.644783
2.1420596,2.6965744
2.426269,2.5623438
2.44935,2.5109184
2.122279,2.6050599
2.1125512,2.5426376
2.3653681,2.6289265
2.2942655,2.5215254
2.5320857,2.5354404
2.4678948,2.6308353
2.1901393,2.5581028
2.116092,2.5326273
2.2043,2.6573727
2.170942,2.537849
2.2311325,2.6801157
2.3044877,2.5921297
2.1071246,2.6593177
2.1752117,2.5853667
2.1380265,2.6079721
2.2739403,2.5197432
2.2867947,2.660825
2.3889413,2.5223236
2.2689269,2.614229
2.3306324,2.5273015
2.198017,2.5531034
2.2882564,2.582462
2.1816602,2.6635
2.158495,2.507265
2.3782375,2.6440697
2.1499603,2.678686
2.1926525,2.5787005
2.2143815,2.5881164
2.2714412,2.681511
2.144984,2.556521
2.3266277,2.6797519
2.2756224,2.6148317
2.192711,2.517489
2.2002816,2.6381214
2.3449523,2.6888556
2.1065705,2.5581436
2.1267653,2.6653376
2.2667649,2.6692414
2.1447089,2.61207
2.522614,2.5745683
2.1385937,2.541266
2.411864,2.6216009
2.4142616,2.576712
2.2001908,2.5886235
2.2221174,2.606504
2.1707685,2.5434227
2.213911,2.6177864
2.184786,2.5446432
2.1433342,2.5385256
2.2140923,2.5318239
2.1908834,2.508611
2.1936753,2.6419842
2.15024,2.6892798
2.1116452,2.6526833
2.3398402,2.5951893
2.1184742,2.5641117
2.1066976,2.5443456
2.1755211,2.6502376
2.429668,2.5983658
2.3512678,2.5069156
2.1460583,2.5975285
2.3702948,2.5134304
2.4415133,2.5121696
2.2684853,2.6033943
2.1896868,2.670275
2.3353603,2.692838
2.204782,2.5764687
2.1298163,2.6598358
2.4002736,2.5856035
2.2504995,2.5481567
2.33635,2.656865
2.280889,2.5162883
2.139267,2.6613967
2.125265,2.517641
2.2583778,2.5489352
2.1137524,2.5385125
2.1948628,2.5475287
2.2971356,2.5165253
2.1760218,2.5005736
2.5208468,2.6307187
2.3227007,2.5236592
2.2002761,2.5206141
2.3388708,2.6691916
2.3024087,2.5914147
2.266623,2.537726
2.2993405,2.6533422
2.1789083,2.6718597
2.1713438,2.656739
2.269181,2.575099
2.1580925,2.501391
2.1900587,2.5669532
2.189438,2.5351524
2.1377501,2.5303805
2.1026118,2.6968036
2.1125062,2.5943604
2.5209963,2.6352143
2.1213088,2.6100307
2.2642903,2.5213618
2.1703875,2.6550515
2.2045875,2.5134676
2.2602034,2.601972
2.4115694,2.670389
2.1544156,2.5900664
2.3880548,2.5491695
2.174415,2.5263972
2.209267,2.6036992
2.1692414,2.675103
2.1388733,2.531368
2.3282137,2.5826392
2.3693662,2.6220386
2.2793405,2.6756034
2.494395,2.6596448
2.4352584,2.689598
2.1167712,2.6025848
2.1745915,2.5746334
2.1335278,2.579328
2.255516,2.5627587
2.1418831,2.6626725
2.31963,2.6708958
2.4396098,2.6194055
2.5310955,2.671665
2.2702832,2.5113356
2.268145,2.5739074
2.132935,2.5381591
2.1660903,2.5843258
2.1411312,2.647772
2.1968598,2.6193793
2.3024137,2.649586
2.206949,2.5051
2.2468884,2.5493078
2.4565487,2.6198194
2.156451,2.6845517
2.2598672,2.5098338
2.1566997,2.5651867
2.1450658,2.5022511
2.179574,2.5704122
2.1747184,2.6325755
2.1026824,2.6173036
2.5293849,2.581486
2.5417252,2.521856
2.1890068,2.5142725
2.2880194,2.527738
2.169697,2.5686944
2.1756737,2.5924664
2.1289706,2.6506193
2.3486123,2.5376227
2.3491445,2.5483327
2.215442,2.5175068
2.171309,2.5755184
2.1486413,2.5478618
2.3420694,2.581121
2.2813513,2.663385
2.2489192,2.5541177
2.3332925,2.6496053
2.1074004,2.5406604
2.255085,2.5465372
2.2237499,2.5141819
2.363683,2.5388663
2.185092,2.511846
2.2982335,2.5519726
2.3978245,2.519938
2.4840338,2.6080606
2.493218,2.688847
2.1692512,2.5085783
2.217752,2.6477175
2.4735131,2.6134095
2.117443,2.6621242
2.247835,2.5810673
2.2410114,2.5677495
2.3567438,2.5912783
2.126919,2.6185453
2.221832,2.6671824
2.2371664,2.5970657
2.1043804,2.5512323
2.1944687,2.5279655
2.1137023,2.6245003
2.2588377,2.6371498
2.4713738,2.5794551
2.3042295,2.6250632
2.4818704,2.670686
2.1903298,2.6749032
2.2034173,2.5547266
2.2417285,2.5390003
2.2152946,2.6356246
2.2559092,2.541556
2.1324933,2.6195183
2.1013777,2.523298
2.1033337,2.660922
2.1062715,2.5644584
2.1475108,2.5804315
2.1729784,2.698183
2.1077578,2.6223652
2.110779,2.6602225
2.2262192,2.508654
2.224665,2.6308064
2.177906,2.6063328
2.1410248,2.5750816
2.4606044,2.5534277
2.4778066,2.5158987
2.5319536,2.5414977
2.5374033,2.5414977
2.3734958,2.5360029
2.1524267,2.5022724
2.172107,2.649431
2.3608658,2.5949998
2.3231444,2.6436121
2.2547514,2.582266
2.235815,2.573448
2.1143944,2.6709003
2.2703736,2.575171
2.2805243,2.6726608
2.353971,2.5327556
2.3153558,2.5359995
2.5499837,2.5308237
2.3786788,2.6101334
2.3712118,2.6073143
2.518206,2.6652632
2.1674483,2.613843
2.1469443,2.5987902
2.1025774,2.6384025
2.118274,2.6293466
2.2251008,2.6047378
2.2697792,2.6545868
2.1666825,2.6033454
2.4726713,2.6099484
2.1863692,2.556703
2.1341772,2.6231294
2.5251927,2.658158
2.1241336,2.552604
2.1352217,2.6510973
2.1694012,2.5569034
2.1489112,2.6912172
2.1375465,2.6239498
2.2652445,2.5993977
2.1146784,2.527928
2.3004618,2.525141
2.2745242,2.5815322
2.1855552,2.574166
2.1627815,2.6481192
2.3199687,2.5505302
2.519873,2.5507488
2.203295,2.5335956
2.1520917,2.51656
2.2578235,2.650371
2.1805272,2.6750867
2.124278,2.5529783
2.196035,2.6656566
2.4566617,2.5735097
2.213496,2.5354142
2.157137,2.521667
2.4740179,2.557359
2.190835,2.6271467
2.1022758,2.5698636
2.443947,2.6520405
2.2936325,2.6891527
2.3333418,2.5887387
2.1925356,2.618083
2.481428,2.566179
2.3145301,2.6558933
2.4147491,2.6667051
2.452931,2.65364
2.1239874,2.5142398
2.1149118,2.6293793
2.1121578,2.5926695
2.247958,2.5530193
2.4172275,2.6907208
2.2315037,2.6328356
2.3636887,2.6611757
2.3199751,2.5082319
2.400465,2.6635559
2.3110163,2.5812097
2.1808078,2.5545943
2.3090897,2.6172252
2.1733987,2.637759
2.2897074,2.5067751
2.1411448,2.5533612
2.21812,2.580388
2.1143181,2.609297
2.291547,2.5480614
2.1420665,2.5359468
2.2259767,2.5090525
2.236928,2.5358346
2.2205684,2.5366127
2.1935842,2.6741858
2.2469916,2.601653
2.1185656,2.5755894
2.4876752,2.662743
2.1093614,2.5303044
2.3056266,2.5926528
2.3951924,2.6677241
2.174319,2.6928525
2.2380614,2.6584117
2.1090348,2.529462
2.386938,2.534038
2.1388307,2.6637342
2.1260478,2.5452807
2.258522,2.6670327
2.305014,2.652777
2.112056,2.6042142
2.3742092,2.6904047
2.110806,2.5211546
2.101902,2.646851
2.1625457,2.5037367
2.3392916,2.6366708
2.3117476,2.5035703
2.14224,2.591918
2.1144502,2.5489137
2.1684654,2.5275564
2.2114003,2.5264757
2.1052837,2.5031593
2.1447265,2.5007262
2.5442924,2.6165972
2.4939764,2.662739
2.516726,2.5210876
2.2674887,2.6947708
2.140062,2.5383725
2.2215471,2.6715593
2.4015796,2.5645752
2.380351,2.6466956
2.1174276,2.5251153
2.2439399,2.6142209
2.4592204,2.5964813
2.4640985,2.528046
2.2878244,2.5695317
2.35068,2.6171272
2.379497,2.5447483
2.1016774,2.6050897
2.3592718,2.6601186
2.2269742,2.685648
2.3676775,2.5728002
2.2942607,2.5983396
2.2347524,2.5135818
2.2637494,2.593072
2.1531076,2.512671
2.1648872,2.5259242
2.4890082,2.6533463
2.1123178,2.5637171
2.282225,2.6248384
2.1811595,2.634773
2.1406028,2.5860934
2.2623284,2.555544
2.2841766,2.5742161
2.2763515,2.5480123
2.2702558,2.5339499
2.2401736,2.629089
2.1423097,2.5001605
2.1955888,2.5327806
2.46349,2.6488872
2.2101789,2.639818
2.2038696,2.5932138
2.173314,2.6133347
2.3767583,2.54712
2.33741,2.5399153
2.2748966,2.6051352
2.1088269,2.6903188
2.1066704,2.5292163
2.15219,2.5555496
2.1109054,2.585258
2.3496113,2.537117
2.1988885,2.5206006
2.3048484,2.6416695
2.1885743,2.5864735
2.1064,2.5807424
2.5174005,2.5361764
2.2975426,2.5950117
2.2716813,2.6347468
2.307065,2.6471744
2.1440291,2.5730567
2.399402,2.5434732
2.1344304,2.5744152
2.1317153,2.6311743
2.3900955,2.667193
2.132586,2.5266454
2.3060038,2.5826952
2.115693,2.5629146
2.3363576,2.6055703
2.1616113,2.558147
2.1169655,2.6794858
2.481074,2.64661
2.464112,2.6846056
2.1548226,2.5335555
2.415753,2.6381683
2.4100246,2.5419753
2.2414563,2.5549922
2.1214268,2.636208
2.2950468,2.649447
2.2022152,2.5433319
2.1419091,2.5005534
2.2542791,2.6316407
2.186048,2.556495
2.112983,2.560107
2.1306279,2.5006776
2.3369274,2.6002648
2.1384277,2.6894886
2.1412263,2.5620506
2.1335802,2.5681539
2.110929,2.6133385
2.142187,2.5742054
2.1211069,2.6001034
2.4611664,2.6414847
2.323091,2.5977461
2.1046035,2.635844
2.2767768,2.540508
2.2673602,2.5205443
2.1964972,2.6770158
2.338128,2.6157656
2.1154423,2.6719174
2.1983895,2.5627823
2.2601044,2.6373827
2.1033943,2.5980983
2.2536128,2.513451
2.4468415,2.6723392
2.254628,2.580921
2.2486486,2.5643673
2.211586,2.6650846
2.1242352,2.6175792
2.1409526,2.6973345
2.166658,2.6545138
2.2765005,2.6684012
2.3901129,2.6620433
2.1289773,2.6435573
2.1512544,2.571508
2.293487,2.5766747
2.1075199,2.6907642
2.313907,2.5747433
2.134065,2.5602803
2.2014546,2.5151818
2.158543,2.6457734
2.2849393,2.5488632
2.5209863,2.53314
2.4549093,2.6193547
2.2109954,2.56233
2.4445133,2.6153333
2.2199738,2.554469
2.4468534,2.6026723
2.1520052,2.682772
2.129567,2.6406374
2.1815326,2.5544968
2.1031165,2.6615536
2.1096547,2.682183
2.2284694,2.681278
2.4354017,2.6415057
2.1523802,2.6186614
2.1168897,2.65612
2.1193445,2.63297
2.2198248,2.5513377
2.3643532,2.6622324
2.1133206,2.685716
2.275173,2.6137903
2.2729897,2.5736067
2.3534691,2.6221733
2.2682698,2.5438645
2.2261097,2.5565372
2.368851,2.575272
2.1110506,2.599095
2.113773,2.5604126
2.1752899,2.643576
2.1532042,2.5623422
2.1656065,2.559721
2.3172674,2.5078073
2.1922433,2.685014
2.190839,2.5924375
2.12287,2.5147681
2.3011408,2.651903
2.4158897,2.5328987
2.2411478,2.5218956
2.1078742,2.5996575
2.291786,2.6473396
2.455586,2.5219588
2.2154064,2.5650933
2.1774123,2.6605682
2.220782,2.627937
2.2806728,2.573478
2.1661117,2.5783596
2.1040146,2.5201795
2.2803094,2.5317035
2.1066039,2.6679595
2.182567,2.6618805
2.1818254,2.6113975
2.3818803,2.6068735
2.285451,2.6822484
2.1408303,2.5522354
2.4343755,2.5019743
2.2815623,2.6905515
2.2333097,2.5140412
2.204415,2.5777802
2.334333,2.6944513
2.156448,2.6398556
2.2323198,2.5067196
2.5157046,2.64029
2.1700332,2.5805285
2.169835,2.5216546
2.3616328,2.6934645
2.1565502,2.6039593
2.2175045,2.6695983
2.1909912,2.5993578
2.1538024,2.524524
2.1629937,2.5423706
2.261084,2.5914514
2.13245,2.6313686
2.1305587,2.656689
2.4452903,2.5894678
2.1544285,2.63288
2.208212,2.532589
2.5255432,2.597803
2.1479695,2.6988363
2.2743907,2.6044152
2.1080863,2.5203667
2.3600538,2.5449119
2.3982852,2.6527963
2.1538868,2.673859
2.309186,2.536401
2.2508438,2.5791779
2.2657893,2.5756214
2.3639166,2.5546255
2.1421843,2.6917682
2.451513,2.5714395
2.216372,2.6665874
2.2600923,2.6909165
2.2163792,2.6495442
2.1505742,2.6521595
2.1872213,2.514382
2.1470625,2.5289373
2.1453578,2.5764065
2.1780214,2.5120475
2.1116564,2.5892937
2.242258,2.5896437
2.1968517,2.5453556
2.1612484,2.6700706
2.1776495,2.6422312
2.44873,2.6928568
2.1121101,2.6235268
2.3297875,2.6022685
2.224077,2.5747955
2.2633257,2.6869884
2.166544,2.6776392
2.1331906,2.5490336
2.1770942,2.5804229
2.3345902,2.5690181
2.3134348,2.56276
2.1140926,2.5992785
2.1908402,2.5288792
2.1883476,2.6497946
2.254514,2.5758593
2.1758223,2.5202162
2.167101,2.6153648
2.2575758,2.5155869
2.2496889,2.6836588
2.1158547,2.5575912
2.105774,2.587385
2.3569722,2.677302
2.2535439,2.5592487
2.2539456,2.504359
2.2038376,2.6753774
2.1958175,2.5011392
2.2028632,2.5566204
2.1234713,2.6329749
2.2787073,2.6490219
2.323059,2.6289976
2.3505511,2.6936893
2.3693886,2.5110006
2.2177372,2.6848814
2.1503036,2.5042145
2.4469554,2.610693
2.1259468,2.6159472
2.1056528,2.6555095
2.1121073,2.605269
2.1467395,2.5177712
2.1492314,2.6740901
2.1275237,2.609337
2.110281,2.5064867
2.2009034,2.6667547
2.2665825,2.6130908
2.4151638,2.6124544
2.1565282,2.6541777
2.1463993,2.6878755
2.1137953,2.626887
2.2298968,2.6925664
2.3465223,2.6543496
2.1097362,2.5662313
2.268446,2.6341043
2.2729585,2.6065533
2.3026247,2.5502746
2.3632536,2.5104146
2.1518822,2.5200164
2.2285318,2.6570506
2.502726,2.6340292
2.4867609,2.6082232
2.3118525,2.529019
2.1939461,2.5188258
2.3507683,2.6841393
2.2859592,2.569171
2.1386218,2.566069
2.1141884,2.5041025
2.433107,2.50302
2.2815356,2.5255737
2.2988842,2.5080178
2.3356724,2.5619895
2.1753464,2.6183684
2.528225,2.504945
2.2144294,2.5834801
2.1065257,2.5693355
2.1543243,2.5754879
2.1004407,2.6614847
2.2277212,2.5793173
2.429593,2.5048733
2.1853528,2.6149116
2.3456829,2.6220741
2.330628,2.5685885
2.4438214,2.6696408
2.2101953,2.6510856
2.1530995,2.6103427
2.3316917,2.6338649
2.111322,2.5775664
2.2067237,2.5880094
2.3192463,2.5578656
2.1203525,2.632401
2.2098148,2.6282043
2.1968634,2.6606894
2.1958792,2.5387368
2.3985803,2.562299
2.415442,2.5730443
2.1234448,2.6232388
2.2282038,2.6008694
2.3030243,2.6714268
2.1440148,2.6628025
2.2840588,2.5022495
2.1444435,2.58456
2.259675,2.5464866
2.2981415,2.6350338
2.3039472,2.621245
2.1951027,2.538894
2.159901,2.6038616
2.1540673,2.5069468
2.4711554,2.5309951
2.213874,2.6250405
2.3452153,2.6272976
2.4179087,2.6836858
2.10676,2.5761955
2.5236669,2.5877876
2.3409343,2.6075404
2.1145108,2.5375288
2.251517,2.510892
2.4423091,2.5760996
2.1752105,2.5416455
2.3596652,2.6902235
2.2474282,2.572895
2.274312,2.6961963
2.3481596,2.6192307
2.192075,2.508374
2.4570708,2.6699681
2.1046772,2.6337209
2.2631333,2.5364742
2.2309096,2.5614197
2.2589774,2.5671484
2.2285056,2.5828269
2.2760932,2.520894
2.522617,2.559104
2.1112027,2.5873442
2.1316264,2.6873965
2.2874722,2.608909
2.1439571,2.673506
2.2717023,2.684956
2.1211884,2.6545699
2.1117404,2.684393
2.5291476,2.697
2.5068724,2.511494
2.4561586,2.5159855
2.3240006,2.5569773
2.1818452,2.6262727
2.4968038,2.5205045
2.1212542,2.5961998
2.1405153,2.5754266
2.2374344,2.6540062
2.3898346,2.530853
2.3132026,2.6545136
2.1015668,2.6769624
2.4309611,2.5564706
2.1200438,2.5141628
2.1314592,2.5909724
2.2694523,2.5166411
2.1117156,2.5019386
2.1674964,2.5898118
2.1420174,2.6956398
2.1828249,2.63709
2.1512568,2.573085
2.1269283,2.6883743
2.165112,2.5699172
2.1754825,2.53103
2.1002283,2.5653749
2.2941725,2.6053357
2.4687152,2.540658
2.2488136,2.686649
2.2666216,2.5174944
2.1201177,2.5534968
2.2305994,2.694952
2.3050802,2.5694249
2.399443,2.519669
2.1979356,2.659938
2.110457,2.5319858
2.2898457,2.5218732
2.5426562,2.576699
2.127852,2.5767987
2.3333936,2.608332
2.1936183,2.5780826
2.2595744,2.6536717
2.2870333,2.6142366
2.1442728,2.5760522
2.5040524,2.5050197
2.2174149,2.536146
2.1494288,2.5535235
2.4259057,2.6841588
2.1439996,2.5582073
2.1023695,2.5222
2.2177093,2.513815
2.1641502,2.5951636
2.4131017,2.5027578
2.255359,2.5228388
2.1571536,2.6826472
2.4283512,2.5475483
2.294148,2.577571
2.5050116,2.5300136
2.1814768,2.6792834
2.351322,2.6914687
2.1247942,2.649746
2.2029347,2.6350484
2.5141613,2.5217927
2.1325614,2.6861985
2.2975667,2.5732598
2.3362055,2.5158443
2.241982,2.535708
2.1174316,2.6260848
2.4545567,2.583567
2.1121244,2.5578132
2.2671692,2.623098
2.191696,2.6193259
2.3590908,2.5628269
2.1711364,2.5602171
2.2371693,2.636346
2.3651733,2.5646327
2.333729,2.5451877
2.266266,2.6300454
2.4419968,2.5583518
2.4956841,2.6708164
2.4514248,2.6518934
2.2144876,2.5320754
2.2259068,2.5796242
2.2383747,2.6917353
2.227956,2.5613847
2.100456,2.642354
2.1537564,2.5834312
2.2889235,2.5958421
2.205835,2.507096
2.24125,2.529392
2.1860971,2.5901651
2.1798036,2.6129465
2.1328614,2.6760104
2.1149123,2.692641
2.520538,2.6786003
2.1336362,2.578966
2.322396,2.5378623
2.3192425,2.525581
2.29265,2.654792
2.139831,2.559394
2.3067033,2.6426008
2.192304,2.6387873
2.2774925,2.5244427
2.2678652,2.6885
2.2222054,2.5310857
2.103234,2.5128062
2.161702,2.60185
2.2803588,2.6524186
2.3196607,2.5297275
2.3749835,2.582527
2.223709,2.5382335
2.166812,2.6840842
2.1512227,2.6964169
2.1123583,2.6206212
2.1651473,2.509432
2.161944,2.6808956
2.2052174,2.6496234
2.1563442,2.5590296
2.3034196,2.623027
2.2942803,2.5027335
2.3027422,2.6484084
2.3343778,2.5617588
2.2586308,2.5433466
2.1463103,2.5678759
2.133058,2.6456316
2.4268043,2.5148685
2.1006963,2.5484412
2.271488,2.6403592
2.49146,2.5214953
2.1275747,2.5148025
2.2577138,2.52206
2.2175894,2.6019273
2.1019669,2.6521912
2.1224346,2.5962331
2.112414,2.5819337
2.1781652,2.5327055
2.144943,2.5350034
2.358517,2.5238361
2.124567,2.630034
2.2963712,2.5393524
2.2405102,2.6027784
2.1935985,2.597998
2.1026335,2.529696
2.1256459,2.650468
2.1279545,2.522956
2.2988007,2.6437862
2.1681664,2.653778
2.2312052,2.5846567
2.295729,2.5699081
2.119546,2.6669607
2.22603,2.6572456
2.1712162,2.5948927
2.3163133,2.5165138
2.112516,2.6805496
2.147865,2.5395138
2.3148222,2.6447713
2.1644008,2.5441551
2.2535284,2.5917466
2.1174572,2.5732718
2.5221875,2.6481826
2.2233405,2.5959888
2.3112516,2.6058316
2.189862,2.6489885
2.5313327,2.6387284
2.1120317,2.5650303
2.2220843,2.5059917
2.100094,2.5760064
2.2209718,2.6261785
2.4467897,2.666114
2.1642778,2.522026
2.2584212,2.6533785
2.2913618,2.6938589
2.2708633,2.5050368
2.2350178,2.577503
2.1298115,2.5602481
2.1111119,2.5247881
2.3038907,2.6483533
2.5410774,2.5945346
2.148968,2.606113
2.141278,2.523806
2.4879382,2.5738451
2.1097286,2.696803
2.4021304,2.6536016
2.308679,2.6269028
2.3006408,2.6208606
2.4692717,2.6897619
2.188787,2.5065234
2.1942446,2.642618
2.343814,2.6924274
2.1246984,2.6039214
2.4478729,2.6106253
2.1373978,2.5009964
2.397588,2.5629234
2.2457817,2.563726
2.416416,2.622274
2.1559975,2.6399417
2.2961676,2.589595
2.4498262,2.5469186
2.2406385,2.5376115
2.16136,2.6386235
2.4465046,2.6375287
2.1084886,2.6423728
2.1134002,2.6455154
2.1175933,2.5070372
2.191669,2.5616071
2.2400606,2.6303995
2.285362,2.5423212
2.3726351,2.5057764
2.4423976,2.5103636
2.20235,2.59172
2.1500137,2.5866082
2.1463668,2.6219683
2.3785384,2.5691931
2.407021,2.50702
2.2511806,2.5477207
2.2368867,2.6441455
2.165022,2.5954666
2.1373875,2.693115
2.305857,2.6078563
2.5322113,2.668743
2.2932725,2.6551185
2.3351648,2.6469734
2.1350741,2.6391659
2.14709,2.527081
2.2707574,2.5170608
2.2000878,2.5879858
2.3733273,2.568202
2.1388593,2.525036
2.1766975,2.5998056
2.337145,2.538657
2.5081346,2.5958564
2.32427,2.6560836
2.354921,2.575038
2.1687305,2.6088924
2.2811458,2.6880746
2.2528417,2.5363564
2.2715025,2.5527954
2.1674979,2.6089115
2.1955636,2.6907172
2.1760647,2.6569219
2.4500701,2.542792
2.1846387,2.56041
2.166381,2.5910912
2.1860778,2.5071328
2.3154633,2.6014676
2.1574862,2.5421972
2.446442,2.5778875
2.3052857,2.5358994
2.3005247,2.5314589
2.2505324,2.5250592
2.2689536,2.5530965
2.233568,2.5193806
2.1247587,2.6987326
2.358138,2.6748514
2.1064384,2.520638
2.1025696,2.5142608
2.1219766,2.6544948
2.1026776,2.6655712
2.482877,2.5701435
2.2242923,2.6081488
2.1452959,2.5849776
2.2151375,2.5547986
2.1088068,2.5673647
2.2228167,2.5136023
2.149416,2.6148841
2.2361054,2.5932927
2.26014,2.6584466
2.1157045,2.5683222
2.2671263,2.5618181
2.2709904,2.6797462
2.1405845,2.553525
2.2541955,2.5291324
2.1707642,2.5551548
2.2675405,2.6447394
2.4809341,2.577136
2.457637,2.582223
2.1300492,2.5344875
2.2278273,2.6994474
2.5172944,2.5442283
2.325986,2.527871
2.3624194,2.634592
2.41003,2.685023
2.154861,2.6601615
2.2258942,2.5377038
2.2598486,2.5629122
2.2396762,2.5291252
2.1397223,2.5337155
2.2168674,2.6103668
2.218143,2.5767407
2.1519685,2.6735287
2.2752748,2.5137956
2.1838078,2.664681
2.323655,2.5231173
2.2036128,2.5382113
2.2220833,2.6614594
2.363218,2.6044567
2.117515,2.5849555
2.407832,2.6492538
2.1278424,2.5105178
2.1067743,2.5520513
2.2714689,2.624229
2.2704608,2.5189102
2.2218792,2.6243498
2.1545694,2.5860476
2.2793703,2.5071733
2.339952,2.6630795
2.1357021,2.5694318
2.2135723,2.6119735
2.2215595,2.6798623
2.261912,2.6112776
2.3704948,2.6971629
2.2390647,2.6218643
2.192524,2.696625
2.2966402,2.630191
2.1385865,2.6874943
2.2416954,2.5889366
2.525295,2.5819056
2.4160097,2.6965466
2.4187124,2.6316907
2.3704357,2.529399
2.204185,2.5424364
2.4778786,2.5607307
2.2121704,2.63654
2.262626,2.6232638
2.354116,2.6413429
2.395769,2.596344
2.1029634,2.5152438
2.1277843,2.618736
2.1080375,2.5398662
2.318957,2.5307393
2.1153498,2.6449974
2.412987,2.5233402
2.1276903,2.5524933
2.276055,2.521779
2.2793565,2.6508367
2.3951714,2.535421
2.1065419,2.533443
2.354684,2.5728545
2.1976445,2.5515833
2.1859121,2.6195285
2.1162775,2.572848
2.4952617,2.508857
2.5442266,2.5611527
2.4404566,2.5527785
2.1021702,2.5960257
2.1516712,2.5880096
2.2632878,2.512314
2.1788323,2.5383058
2.4193685,2.692194
2.1271663,2.5399523
2.2407594,2.5327742
2.1570613,2.516322
2.2194736,2.5946898
2.1548002,2.5105832
2.3360868,2.6986732
2.438153,2.5574884
2.1119633,2.633345
2.5484762,2.5934443
2.2836888,2.5748055
2.547055,2.6237519
2.147809,2.6334825
2.2280312,2.549889
2.2855244,2.509881
2.22499,2.6919453
2.1286569,2.6492672
2.4474704,2.533293
2.5138745,2.5151122
2.1546,2.680313
2.1197572,2.6901011
2.5300183,2.6291685
2.2442636,2.5361283
2.2847571,2.5555835
2.198,2.6686518
2.1890986,2.6686518
2.109369,2.556236
2.3048136,2.5096471
2.191189,2.544108
2.2911427,2.5783281
2.4990208,2.6320865
2.3366938,2.515748
2.2490592,2.5685303
2.3125305,2.6508636
2.3529058,2.648482
2.157357,2.59166
2.3726504,2.671829
2.1467545,2.5783777
2.1231306,2.6701467
2.2987437,2.687936
2.1085906,2.599297
2.3009546,2.51251
2.3117044,2.627807
2.1136527,2.5219073
2.23478,2.5888343
2.5307095,2.5642283
2.3122067,2.604234
2.1774154,2.5191956
2.341776,2.511007
2.1434379,2.6113718
2.2499108,2.5539312
2.3188756,2.5914805
2.4289532,2.6407301
2.1236393,2.524674
2.1106899,2.6309056
2.1707096,2.5822108
2.3416846,2.5822108
2.169842,2.542253
2.202776,2.6328232
2.1567779,2.628555
2.5082424,2.5968094
2.1868489,2.6196449
2.1175387,2.6741858
2.5111318,2.5892136
2.1336014,2.656626
2.1695354,2.6227005
2.3298554,2.6162746
2.1924517,2.5286596
2.1538572,2.5271137
2.1770353,2.6433992
2.253388,2.6121404
2.3550048,2.6314692
2.5421143,2.5456223
2.1985219,2.605379
2.3151724,2.5775623
2.4730628,2.529833
2.2461228,2.5521762
2.142635,2.5737472
2.3351638,2.5684106
2.113824,2.5286713
2.3133714,2.5007732
2.3972137,2.6824548
2.1483614,2.5916545
2.4091933,2.653851
2.4154127,2.5011437
2.1508768,2.5740368
2.127797,2.6371658
2.1635273,2.6350818
2.452997,2.5176506
2.243728,2.5687082
2.1611702,2.5119545
2.2138195,2.52785
2.146236,2.5987508
2.105179,2.6545224
2.4291172,2.5961027
2.1204958,2.683098
2.201274,2.6511364
2.171875,2.6017015
2.2047925,2.5596051
2.1634073,2.6171253
2.287411,2.6597967
2.4622064,2.6078403
2.1399822,2.5942528
2.1110876,2.6866193
2.486996,2.521177
2.458808,2.6848903
2.4794412,2.5039546
2.284556,2.5010276
2.347203,2.6493342
2.2536874,2.5282626
2.2053463,2.6732428
2.2075305,2.6388044
2.3390603,2.6344228
2.2901263,2.6692703
2.2340236,2.5869234
2.1280763,2.5433257
2.142677,2.6214266
2.1278625,2.694003
2.1175663,2.5575447
2.140698,2.5258212
2.396087,2.6420126
2.2146628,2.5346892
2.3536165,2.6886706
2.2333982,2.6978967
2.174082,2.6870346
2.1291933,2.6032186
2.2142804,2.6469626
2.1440425,2.5044804
2.126972,2.584518
2.141133,2.6686208
2.270125,2.677589
2.2920897,2.5277624
2.4642472,2.6655524
2.2425199,2.5724573
2.4062846,2.5204647
2.1185608,2.6846304
2.3107753,2.555145
2.282153,2.6383605
2.1354575,2.5988026
2.2875752,2.6687703
2.384021,2.6752324
2.2898042,2.5142758
2.2780244,2.6025233
2.1253717,2.5093272
2.3401494,2.6545792
2.1101463,2.5387266
2.2038496,2.5899243
2.237584,2.6641562
2.2871773,2.6143634
2.142013,2.6555037
2.1370242,2.5069175
2.2401984,2.6272182
2.2262785,2.6894038
2.1790383,2.5573113
2.2422066,2.6266725
2.2346807,2.5402637
2.1846082,2.5292346
2.2599244,2.566455
2.5396056,2.5086045
2.1360657,2.6808343
2.3252308,2.6138408
2.360043,2.550422
2.3693864,2.698159
2.1568358,2.5690951
2.186973,2.681106
2.2724001,2.6961856
2.3182569,2.5733833
2.190002,2.6462066
2.2481122,2.5215895
2.5490768,2.5822835
2.3790119,2.592435
2.1079514,2.5013745
2.2611625,2.56298
2.1098921,2.5581183
2.1999605,2.5649824
2.1426606,2.6172752
2.3744187,2.6966321
2.2342174,2.532356
2.2766027,2.6546438
2.1335423,2.6363988
2.2415676,2.5197234
2.1293385,2.5089676
2.2540057,2.5167046
2.5398073,2.5096073
2.4862316,2.6731148
2.1509717,2.5750997
2.1532466,2.5421054
2.163872,2.62259
2.2659461,2.614318
2.4502864,2.5928082
2.2582014,2.665814
2.1239007,2.5552218
2.346555,2.5678492
2.276968,2.5930521
2.485673,2.6236985
2.1637225,2.6174822
2.2075176,2.6833217
2.4425464,2.6723971
2.1867723,2.5440776
2.2416124,2.6737614
2.1474028,2.6172154
2.273511,2.6737375
2.101981,2.5678434
2.1566265,2.5805995
2.2033741,2.6116745
2.293573,2.5620368
2.3728,2.5161839
2.1151772,2.6560328
2.3750782,2.632862
2.11451,2.6803555
2.4542165,2.6152186
2.4137702,2.561322
2.3917673,2.5514023
2.1865828,2.6692185
2.1905777,2.6307845
2.1616507,2.658054
2.1555846,2.6040797
2.2202625,2.6538346
2.1730978,2.5212588
2.1559463,2.5892718
2.2071166,2.6805758
2.4224386,2.5763948
2.1098685,2.6061854
2.2165685,2.6538098
2.2798781,2.5311437
2.339659,2.5441155
2.117051,2.6216502
2.4017413,2.544317
2.3039925,2.518739
2.426217,2.6886976
2.1477902,2.6725895
2.4844513,2.5845323
2.365398,2.611789
2.1459517,2.6747725
2.1460881,2.5037558
2.3571777,2.5521693
2.1378655,2.56182
2.165364,2.6870868
2.4158478,2.5258873
2.1014447,2.6034322
2.1161854,2.6367204
2.1534026,2.5153577
2.48361,2.5955637
2.289553,2.6085665
2.365149,2.5286584
2.1864645,2.6150327
2.1668007,2.5061584
2.1181965,2.6100533
2.1347682,2.6957557
2.2263544,2.6755083
2.4961216,2.6364338
2.1368768,2.6832306
2.286455,2.6277769
2.3903022,2.5051482
2.2231445,2.649736
2.1574736,2.6163678
2.3844042,2.6045482
2.196118,2.5722983
2.1967363,2.6239643
2.172199,2.681564
2.3148105,2.6565413
2.362427,2.524589
2.2157652,2.5420153
2.1637719,2.681625
2.142312,2.5645552
2.1373155,2.6577144
2.2980978,2.6740909
2.1873667,2.6164036
2.117149,2.503004
2.2280579,2.6055448
2.175868,2.5393493
2.4748092,2.6344445
2.1564302,2.5502105
2.1770499,2.664957
2.135765,2.5396314
2.3139513,2.5810328
2.1494157,2.554361
2.1758788,2.585178
2.223728,2.694368
2.2866738,2.6030061
2.2812529,2.6297338
2.1562707,2.6905437
2.2303576,2.5576527
2.3615937,2.601044
2.1573193,2.5591037
2.529835,2.6567945
2.2782161,2.5091412
2.1248903,2.5468714
2.4265754,2.636177
2.261876,2.6313603
2.1960895,2.6831644
2.1764562,2.6566608
2.1057794,2.5777183
2.10348,2.6718798
2.149044,2.6437678
2.1458197,2.693201
2.2446775,2.5023065
2.2687607,2.5115829
2.3436477,2.6634848
2.1645606,2.55347
2.328584,2.5751352
2.4417424,2.5433333
2.4123244,2.502654
2.126407,2.5367935
2.177612,2.6618683
2.1700208,2.6184015
2.2439098,2.6242743
2.141835,2.6415815
2.2913196,2.509157
2.161212,2.6383028
2.2154977,2.5147202
2.453746,2.5016427
2.1283119,2.5456285
2.4533546,2.5379648
2.5263274,2.594101
2.2921922,2.6606476
2.414966,2.528132
2.1016762,2.5241466
2.2539504,2.5357406
2.2060223,2.5751758
2.100066,2.608502
2.4224534,2.648432
2.3649938,2.6729894
2.1678674,2.5130312
2.1578202,2.567118
2.2102833,2.556764
2.155967,2.6622639
2.5086462,2.6968846
2.3509724,2.5573933
2.471067,2.605853
2.1099293,2.6097357
2.2812245,2.6416144
2.1512842,2.5123112
2.1829276,2.5365658
2.367035,2.661373
2.3128312,2.5532434
2.2591593,2.547256
2.2913277,2.6314745
2.1569762,2.529735
2.1963148,2.5269666
2.177447,2.6148207
2.1168253,2.5536866
2.444323,2.6480346
2.3901474,2.6112943
2.1275065,2.5520618
2.218326,2.556402
2.2990386,2.5617552
2.1810076,2.5426183
2.2812316,2.6419373
2.300842,2.5717025
2.1102867,2.6447353
2.2662854,2.6837482
2.4207757,2.6110492
2.1488163,2.525341
2.1876817,2.5075788
2.1726801,2.6288226
2.1063895,2.6345627
2.1348472,2.6489272
2.2075331,2.659341
2.1860356,2.536378
2.4564161,2.5832949
2.1985104,2.6078
2.1372359,2.5421464
2.1791804,2.5999558
2.345343,2.6369178
2.2437496,2.6452599
2.239116,2.5599325
2.1974504,2.692357
2.2833397,2.5979846
2.3157578,2.5939374
2.1605105,2.5201426
2.3554943,2.690833
2.137911,2.553631
2.18618,2.5173569
2.1237423,2.6746614
2.3352036,2.5624137
2.1599662,2.5933776
2.528018,2.6027021
2.2013614,2.691916
2.1936767,2.5532434
2.1659853,2.641437
2.1182768,2.5938213
2.219926,2.57605
2.4520173,2.5335305
2.4396722,2.6694577
2.188468,2.6473029
2.3108468,2.6403327
2.291095,2.5988557
2.261416,2.5548713
2.1332834,2.6621697
2.1648126,2.5300326
2.102638,2.5858793
2.136584,2.6167383
2.151755,2.5365794
2.1267095,2.6330545
2.5491476,2.5112152
2.205903,2.6382625
2.1077108,2.6537263
2.167027,2.572092
2.218108,2.563795
2.152386,2.6750252
2.167177,2.515949
2.4453797,2.5462122
2.3052325,2.550463
2.111746,2.5852177
2.451402,2.6259403
2.1080234,2.563494
2.465909,2.6919596
2.4165726,2.6325812
2.2728815,2.6792989
2.1947818,2.5693743
2.133076,2.6168149
2.277065,2.5371723
2.1204305,2.5578969
2.2462506,2.5370748
2.547261,2.6735103
2.475429,2.5273483
2.1399138,2.6725037
2.2162228,2.680854
2.2418578,2.6504939
2.278699,2.5826507
2.1469426,2.6322424
2.1771576,2.5073216
2.1608164,2.5822835
2.3392353,2.5888224
2.1381917,2.6641889
2.2366097,2.5003345
2.228778,2.5882826
2.1673229,2.5484176
2.1724648,2.6031308
2.187348,2.514262
2.541644,2.5731857
2.184854,2.6474
2.3827965,2.5629575
2.2131722,2.5179756
2.209346,2.57408
2.240103,2.6655457
2.129696,2.519605
2.1549292,2.6719751
2.209708,2.5027263
2.34244,2.6898577
2.1290255,2.5163453
2.2970605,2.5472095
2.2496393,2.6787581
2.161378,2.6471374
2.1169534,2.6645734
2.2574782,2.6433742
2.1390915,2.6144538
2.3087409,2.531153
2.123532,2.5448258
2.162829,2.5028224
2.1963313,2.582104
2.1172948,2.5844421
2.2319407,2.663581
2.5438318,2.601598
2.1017408,2.6927798
2.160221,2.6495214
2.152725,2.6630402
2.356572,2.5530038
2.1179533,2.5335438
2.2539725,2.6418664
2.4607997,2.5693624
2.401997,2.5790482
2.2755423,2.6673307
2.4092379,2.599495
2.1075835,2.557424
2.4265347,2.6629303
2.3877754,2.6876433
2.1018043,2.533036
2.4824553,2.558499
2.1203976,2.5360682
2.424199,2.5204616
2.218344,2.649788
2.377075,2.6594653
2.1901846,2.5116386
2.2522283,2.6459937
2.4649875,2.6618772
2.1198187,2.5509562
2.1402504,2.5201204
2.234165,2.6581602
2.2484124,2.6789224
2.133839,2.6679885
2.1230533,2.6654046
2.119803,2.5539207
2.1893911,2.5575507
2.1417131,2.5708375
2.1468387,2.510969
2.2457306,2.6160476
2.3575823,2.5081258
2.2609146,2.5074635
2.5135033,2.5754719
2.1696687,2.528264
2.4855676,2.5509582
2.202309,2.549435
2.2411423,2.524131
2.1641924,2.5436797
2.1284802,2.578193
2.1440673,2.6385546
2.2172456,2.5871587
2.3323643,2.5707307
2.1128411,2.6489544
2.1522496,2.6271212
2.3559132,2.5324032
2.1127677,2.5896652
2.4254253,2.532583
2.3864095,2.6141684
2.1718602,2.641579
2.232551,2.5173132
2.1417654,2.554086
2.279165,2.5609694
2.171933,2.5900927
2.200594,2.531824
2.3855817,2.517934
2.1941013,2.5383587
2.1035852,2.5810146
2.337675,2.6864266
2.2685673,2.5385482
2.1363518,2.6220372
2.1017241,2.573796
2.1663055,2.634237
2.221017,2.585207
2.1094642,2.6999397
2.2230446,2.6297212
2.419074,2.5461931
2.143415,2.6165373
2.223055,2.6991622
2.3361683,2.5672388
2.1870046,2.6387558
2.1996324,2.6585786
2.4153113,2.5846808
2.1934583,2.6982975
2.1843073,2.5937946
2.206616,2.6916583
2.3298707,2.6554542
2.2655482,2.52419
2.2611842,2.5783942
2.3292108,2.684904
2.255458,2.6238384
2.4337547,2.5554225
2.353962,2.6865282
2.2835388,2.6080325
2.4045756,2.6363437
2.4512873,2.6096258
2.2977664,2.5970678
2.1021419,2.5442145
2.2052941,2.5573347
2.2637377,2.5502555
2.4201431,2.525905
2.1879075,2.5106866
2.334066,2.5554693
2.447412,2.533135
2.1453195,2.596236
2.5358214,2.5537443
2.4767087,2.6500654
2.1567953,2.565467
2.160145,2.6227987
2.1405704,2.521938
2.1465478,2.5185163
2.2583191,2.615803
2.1006525,2.6259134
2.2724535,2.628219
2.1056523,2.689325
2.1411757,2.5216143
2.1200047,2.6623464
2.2008069,2.5776622
2.455463,2.5761094
2.398916,2.5793269
2.2219708,2.6206746
2.2006607,2.5647573
2.1201098,2.5087557
2.1452093,2.6050775
2.3127038,2.6691966
2.2386243,2.6584945
2.1218226,2.653038
2.2293227,2.5290115
2.2893898,2.6422472
2.3329737,2.5793457
2.5115342,2.5444655
2.1072605,2.535294
2.3744473,2.5927858
2.1352632,2.549257
2.1041067,2.5694292
2.294241,2.5545824
2.141278,2.5379999
2.4306362,2.6877875
2.3965993,2.5434391
2.190109,2.5104773
2.456537,2.626324
2.4644039,2.695301
2.190959,2.6272602
2.1883314,2.650458
2.164077,2.5840008
2.2109869,2.553365
2.1194947,2.6672707
2.3888977,2.6879263
2.1205173,2.6195955
2.1847649,2.524377
2.2980347,2.673697
2.1459134,2.6639843
2.346794,2.5292494
2.545677,2.600077
2.143096,2.5993185
2.2594018,2.601116
2.2136285,2.6244788
2.123931,2.6832187
2.3652332,2.6839561
2.1377559,2.626236
2.214301,2.6994934
2.5411408,2.5581322
2.1086545,2.5441024
2.191757,2.6609492
2.1137295,2.563631
2.1008701,2.6586065
2.3432217,2.5039723
2.1861267,2.5906043
2.3048053,2.57667
2.3854547,2.5215373
2.1625361,2.6745203
2.3021357,2.6173837
2.1882975,2.6744797
2.341301,2.5539184
2.2262328,2.570237
2.1636536,2.502211
2.4226136,2.6067076
2.174524,2.5729432
2.1267054,2.5243862
2.335646,2.5184996
2.2080362,2.5553317
2.2578008,2.52348
2.1490605,2.5979705
2.1872392,2.593032
2.2362309,2.6067955
2.1789033,2.688778
2.3911538,2.6384568
2.3200915,2.6321187
2.4430304,2.5866265
2.2313452,2.5598814
2.1518037,2.5974896
2.1975403,2.6115618
2.2530825,2.5032794
2.2789516,2.5653973
2.1630743,2.6518576
2.3959992,2.5397513
2.1167223,2.5533583
2.4461286,2.574146
2.1458707,2.5472574
2.1534665,2.6199837
2.2553093,2.5083976
2.2549908,2.5972369
2.4223607,2.6790185
2.2002158,2.6785693
2.2673748,2.5045588
2.2820992,2.5310194
2.51894,2.6707528
2.1599536,2.6577833
2.1254735,2.6972861
2.1472082,2.5467644
2.3506668,2.5927272
2.3804333,2.5403807
2.1361237,2.5131664
2.1576686,2.6927905
2.2876248,2.6974263
2.3302593,2.6988144
2.1466897,2.6684802
2.108223,2.5883982
2.292163,2.6929138
2.1488647,2.6731305
2.1068566,2.564715
2.14488,2.6074727
2.4057372,2.5315006
2.164515,2.557659
2.3040287,2.6360552
2.3598177,2.51498
2.4221907,2.689253
2.160728,2.6797671
2.2559707,2.6282318
2.1316528,2.6026952
2.1660922,2.6193
2.312262,2.6568885
2.3281195,2.6666741
2.3465893,2.5123017
2.2363696,2.523399
2.3297815,2.631015
2.1990378,2.6835694
2.2927334,2.699473
2.2057457,2.6059036
2.165295,2.528409
2.1198616,2.68481
2.4462926,2.512676
2.101891,2.553998
2.1722958,2.550754
2.2116897,2.6955643
2.1398115,2.585053
2.1234488,2.5711195
2.2150784,2.5352592
2.116878,2.6262116
2.1137776,2.5988452
2.1612716,2.5277927
2.1473951,2.6164427
2.260876,2.5161722
2.1528106,2.6135457
2.4343696,2.6160123
2.4631255,2.5693264
2.363616,2.5203633
2.2195926,2.5742311
2.186442,2.5532637
2.2146938,2.5580606
2.332163,2.6839347
2.277674,2.5278637
2.4031255,2.5813413
2.1466575,2.6286514
2.12064,2.5658946
2.1465385,2.5583026
2.1837735,2.5781467
2.3679633,2.657427
2.4623263,2.618257
2.27551,2.5945683
2.1740255,2.5562434
2.3393252,2.5192354
2.2141683,2.6390178
2.3549733,2.5507293
2.439906,2.6051846
2.391035,2.6502538
2.202525,2.594964
2.2647488,2.552884
2.1177003,2.5918226
2.1007433,2.5071523
2.1363819,2.6742926
2.483114,2.6267476
2.1494248,2.6323516
2.3622847,2.5577931
2.3409004,2.5367064
2.1017008,2.6606574
2.2982833,2.5249956
2.30822,2.5187979
2.4158797,2.5631118
2.1282692,2.5551631
2.172737,2.584052
2.1237836,2.6307728
2.2052333,2.5781734
2.2132947,2.5354106
2.1346672,2.6642323
2.1589782,2.5469525
2.1691887,2.618294
2.459335,2.6861997
2.1882143,2.5324545
2.417923,2.5703723
2.320897,2.5284128
2.1139288,2.6547933
2.537799,2.6777012
2.116982,2.5869927
2.2169623,2.6510072
2.254887,2.67367
2.3830051,2.5956686
2.171387,2.567463
2.2005918,2.6494179
2.1436136,2.633764
2.377944,2.6512556
2.3502116,2.594811
2.21782,2.6602213
2.2082253,2.553251
2.295276,2.636672
2.3558443,2.649091
2.3175101,2.5217133
2.3295019,2.5137556
2.135323,2.6345422
2.1028059,2.531692
2.3980403,2.5912564
2.10546,2.6517925
2.2523336,2.558044
2.1160517,2.643458
2.1700282,2.594248
2.1196713,2.5914426
2.1316154,2.601548
2.3589773,2.5705051
2.477369,2.6205907
2.1470878,2.5838583
2.15858,2.5718164
2.1954985,2.606325
2.1298366,2.5138562
2.2840095,2.6075032
2.2323787,2.5624316
2.1081455,2.6535833
2.2252574,2.5009108
2.3459685,2.6014419
2.1537936,2.535296
2.1596427,2.5082593
2.2651694,2.5317085
2.2501762,2.5472524
2.1688092,2.614674
2.1190317,2.540999
2.1044586,2.6991584
2.1772487,2.5542884
2.5369308,2.5202127
2.1823971,2.6419835
2.1794198,2.5332208
2.1498435,2.559815
2.1824791,2.6280553
2.3816893,2.5991206
2.1699007,2.5304844
2.171146,2.684411
2.127174,2.5086985
2.42657,2.563089
2.1631126,2.6312819
2.4213583,2.6457725
2.3270948,2.6798017
2.1222928,2.5600219
2.2095118,2.5031464
2.207091,2.5525117
2.143845,2.5168984
2.507992,2.6794128
2.1415756,2.6188083
2.4563591,2.5150406
2.5014563,2.5272586
2.1153128,2.5416415
2.1035712,2.6324685
2.348354,2.597217
2.1336875,2.6887717
2.1994123,2.6843212
2.140434,2.5015142
2.2243347,2.636326
2.1389143,2.5243187
2.3510206,2.505212
2.447943,2.6728225
2.3219244,2.6895661
2.4731925,2.6204836
2.2471287,2.512541
2.1314025,2.6826258
2.450458,2.564131
2.1831563,2.5971143
2.459328,2.6394181
2.4951165,2.5107481
2.2366657,2.688154
2.1161394,2.5511112
2.3001788,2.6148481
2.2209446,2.672257
2.242074,2.5639892
2.1474848,2.6078737
2.234852,2.6043668
2.2721841,2.638317
2.443929,2.5391297
2.4299185,2.6575933
2.289556,2.6551828
2.1292667,2.563937
2.149826,2.6054084
2.2054625,2.6429706
2.2781677,2.6289828
2.2978792,2.5368345
2.3063447,2.5793715
2.2099597,2.6457665
2.3828337,2.693661
2.1205418,2.622569
2.2887459,2.5936546
2.269173,2.652484
2.1253195,2.6708207
2.1094756,2.693359
2.3572204,2.6131346
2.1625254,2.5949118
2.1751559,2.6260424
2.1049652,2.587363
2.2028248,2.516084
2.2051444,2.6801176
2.1885118,2.5935793
2.1081674,2.5956075
2.1225746,2.5721273
2.2431445,2.5664485
2.3178082,2.5408423
2.2236624,2.5248492
2.2966738,2.546634
2.1132975,2.6335413
2.3926177,2.5592654
2.3543618,2.5600986
2.1135092,2.6621134
2.1615155,2.6958942
2.2638597,2.5914183
2.4912229,2.5072367
2.503638,2.6553628
2.1989098,2.5249631
2.1101482,2.562966
2.167861,2.594868
2.2419448,2.6970417
2.2450488,2.5004196
2.1046095,2.6112351
2.4360652,2.5718675
2.2548802,2.514431
2.3802416,2.6711235
2.1787367,2.6214063
2.3609293,2.6948206
2.4177604,2.6599684
2.1574202,2.6228795
2.3132832,2.6516545
2.105102,2.555993
2.3081722,2.5977564
2.4419098,2.6711192
2.2033985,2.5550303
2.1273906,2.6344507
2.1999457,2.5981834
2.1359587,2.6611362
2.1407568,2.6103299
2.1462219,2.5374625
2.3935683,2.5756388
2.2770174,2.6713994
2.1044846,2.6673493
2.3576741,2.5997448
2.2766888,2.5278592
2.2882574,2.585895
2.1599164,2.590388
2.215238,2.5724912
2.274424,2.5743008
2.2467275,2.6408303
2.1665006,2.5327983
2.1689284,2.6127322
2.1665337,2.6531267
2.161959,2.5925994
2.169769,2.5040216
2.2581208,2.5202186
2.2196028,2.5151327
2.2557218,2.5064077
2.2455227,2.5781062
2.282604,2.5266957
2.2807324,2.649644
2.1118765,2.6302412
2.2830248,2.5852976
2.13569,2.603282
2.386927,2.548077
2.5236793,2.5788043
2.1704655,2.5993023
2.1237073,2.5476003
2.208916,2.6483514
2.2417243,2.5458207
2.1775258,2.539745
2.329435,2.599327
2.195134,2.6853213
2.1987116,2.600718
2.1068747,2.6530497
2.3186104,2.5167134
2.1041844,2.6663089
2.1579916,2.6267297
2.1394107,2.5789669
2.3350906,2.5310915
2.4006839,2.5233266
2.1093717,2.5181093
2.3409922,2.5432267
2.3414383,2.691752
2.2969844,2.5465314
2.3420966,2.5899513
2.1710093,2.5994763
2.1971977,2.558353
2.1580694,2.5894358
2.3875241,2.5390182
2.518253,2.5283117
2.145124,2.6599956
2.4655714,2.6245944
2.3473928,2.6772282
2.3037715,2.6951206
2.1436653,2.6435015
2.1594174,2.5914516
2.1774018,2.5052426
2.292616,2.578228
2.2005396,2.5691905
2.1221445,2.634699
2.1123369,2.5407684
2.2253807,2.55685
2.1938767,2.576439
2.163353,2.6835606
2.190704,2.5885208
2.31904,2.6705036
2.1965957,2.6324725
2.111601,2.6563594
2.4595935,2.5472834
2.1344879,2.5264797
2.201097,2.565985
2.1138797,2.657719
2.179655,2.5642533
2.336014,2.5215943
2.104945,2.6269197
2.18337,2.5579984
2.191434,2.6316943
2.153052,2.6248734
2.1573675,2.6823635
2.1828861,2.6361518
2.251311,2.5046866
2.265604,2.6726804
2.3327127,2.6975439
2.3387668,2.5978343
2.1720004,2.6390789
2.1777585,2.5912445
2.239637,2.538023
2.18549,2.583523
2.2766018,2.6426146
2.2796426,2.572499
2.1133313,2.6613038
2.1924677,2.610897
2.262805,2.6626203
2.305726,2.5742607
2.4283595,2.5769136
2.156424,2.6902575
2.4701283,2.6669974
2.1856997,2.5231743
2.2386663,2.6743174
2.1961992,2.6280453
2.1719782,2.6225772
2.451584,2.6634336
2.1270595,2.561129
2.2831743,2.579757
2.1633074,2.6735172
2.1258872,2.6613884
2.1731398,2.6789439
2.231443,2.5722716
2.1580296,2.613061
2.3034713,2.6916792
2.1833804,2.6249056
2.2337732,2.6488397
2.5433939,2.538518
2.25121,2.532154
2.1389642,2.6452706
2.106622,2.6576884
2.227178,2.524057
2.1325986,2.500257
2.250962,2.6054451
2.100191,2.500345
2.1326911,2.6808019
2.2052436,2.652752
2.257282,2.5358572
2.3534443,2.5959866
2.3347287,2.5938408
2.1329255,2.5232675
2.116568,2.5488477
2.2130542,2.6749206
2.2308574,2.644117
2.1565583,2.6194062
2.2528753,2.5338972
2.5219784,2.6490881
2.4144127,2.5241835
2.2927618,2.6036432
2.1880362,2.623708
2.2367156,2.5806975
2.4167042,2.507751
2.1065464,2.6225924
2.1503484,2.6202605
2.333408,2.65549
2.138477,2.6564891
2.1374462,2.618932
2.3793187,2.5396574
2.30647,2.6217334
2.367253,2.551662
2.1823845,2.6043735
2.229725,2.5784547
2.2355287,2.5053785
2.1790266,2.579298
2.3433561,2.5418797
2.150614,2.566001
2.1751728,2.51622
2.45037,2.6248968
2.222184,2.500059
2.2431867,2.545776
2.1933377,2.591245
2.3606744,2.5086694
2.3299994,2.5539987
2.49791,2.6292586
2.1222987,2.5500875
2.1960368,2.5888295
2.1503763,2.5872083
2.500283,2.5577543
2.17443,2.6867454
2.3515074,2.5483453
2.1399443,2.6579187
2.2658238,2.569201
2.1427174,2.6999679
2.4227529,2.5274398
2.428061,2.656319
2.1895113,2.5856366
2.2808948,2.557111
2.2144682,2.5695987
2.2982569,2.6096125
2.1893468,2.57798
2.1132565,2.5959053
2.1509361,2.621645
2.3446343,2.5098994
2.2046008,2.587145
2.276827,2.651597
2.2570384,2.644895
2.2759335,2.5551503
2.206199,2.5372064
2.511584,2.6282303
2.464489,2.529639
2.1989715,2.5977268
2.4504619,2.6191185
2.1339808,2.662364
2.2012808,2.5621076
2.171798,2.501919
2.4364803,2.6393456
2.1941853,2.6708395
2.1964498,2.5430005
2.2085876,2.5671535
2.2412724,2.558385
2.2437003,2.550519
2.145383,2.5129943
2.1151202,2.5762472
2.3554134,2.517346
2.379469,2.5300484
2.1164916,2.6852026
2.3137164,2.6787996
2.386293,2.5134478
2.2340667,2.5099561
2.2202637,2.6860018
2.2989948,2.6669917
2.1540344,2.6715798
2.3126435,2.6241071
2.1629226,2.5109599
2.126193,2.5360942
2.4712262,2.6551664
2.1577637,2.5053465
2.4601426,2.6230583
2.1246169,2.648738
2.506868,2.527495
2.4466982,2.546624
2.2261398,2.5454779
2.14046,2.5462275
2.1304321,2.634967
2.29831,2.665299
2.4833548,2.5307128
2.1569343,2.6296597
2.1588018,2.5384521
2.2983873,2.5763004
2.306354,2.693761
2.3285975,2.566966
2.2933598,2.5179336
2.2396147,2.6543703
2.2677846,2.668004
2.221473,2.516932
2.5458326,2.530919
2.1736429,2.5090883
2.4101424,2.599339
2.5008836,2.6878822
2.2611759,2.609265
2.1096168,2.6017613
2.1969912,2.692154
2.1198218,2.5399675
2.1582015,2.5589728
2.4841666,2.5168204
2.1417632,2.5221632
2.1661959,2.6494784
2.1643834,2.6619365
2.2572513,2.6965683
2.1729054,2.6247137
2.4767554,2.626662
2.1678023,2.633876
2.1238983,2.536658
2.1508229,2.654324
2.2457108,2.5625906
2.2385633,2.6317284
2.1502895,2.5419922
2.2009847,2.588033
2.1276605,2.670243
2.1129515,2.6211462
2.1299515,2.6248403
2.3807957,2.5126197
2.129886,2.5264025
2.179182,2.6906416
2.1559927,2.5264897
2.478324,2.5220087
2.1495783,2.6086764
2.4096425,2.608887
2.1440096,2.6254518
2.196633,2.6178944
2.225262,2.6469226
2.1098332,2.6600895
2.18666,2.6194718
2.4374485,2.6012084
2.187253,2.6808417
2.4265442,2.591518
2.4190097,2.6155853
2.437761,2.5640736
2.1664097,2.5474253
2.2958548,2.5094717
2.231822,2.566862
2.1123586,2.6124616
2.5285316,2.6624134
2.1582808,2.6520395
2.176723,2.5664992
2.3261497,2.5153728
2.1984012,2.553908
2.3575037,2.6007037
2.4182773,2.5423658
2.1398835,2.5843735
2.1326427,2.642133
2.3515024,2.5565355
2.2148652,2.5587754
2.1952007,2.5477455
2.2871304,2.5122495
2.2184794,2.5200536
2.1232197,2.5306966
2.1402588,2.5633016
2.406335,2.6050882
2.2147532,2.6461022
2.2698684,2.5752592
2.3494425,2.673009
2.1354373,2.637408
2.2110214,2.56822
2.1207094,2.6455696
2.3962963,2.5837798
2.3613148,2.668058
2.1751084,2.5225701
2.2781668,2.6220002
2.1859372,2.6564257
2.1826534,2.5412745
2.309383,2.5680995
2.4664967,2.6741757
2.1706119,2.6415212
2.205146,2.6963317
2.1177943,2.53959
2.216208,2.5876615
2.1972435,2.6956267
2.196694,2.5800014
2.134182,2.5086534
2.3199534,2.5212915
2.416534,2.6503277
2.5168846,2.5477126
2.397735,2.616098
2.427172,2.6809406
2.2210197,2.626591
2.162129,2.6112442
2.471246,2.533225
2.1874108,2.5304656
2.108349,2.577936
2.2058146,2.5639641
2.2249608,2.650609
2.1110506,2.5649908
2.1164794,2.6867669
2.1104815,2.5517466
2.1978278,2.5422845
2.15895,2.539219
2.4642005,2.5779302
2.126911,2.5137587
2.1336622,2.5888553
2.140874,2.5404625
2.5134308,2.6577744
2.193494,2.6004782
2.371483,2.620479
2.1559916,2.583441
2.1155453,2.5537345
2.146753,2.5619545
2.1509163,2.60769
2.1752965,2.6264179
2.1687338,2.6344633
2.4108825,2.68016
2.2938154,2.6709225
2.2728794,2.5745203
2.1075077,2.6823604
2.123603,2.6562567
2.288177,2.607618
2.123602,2.5538378
2.4873135,2.5289638
2.3704057,2.5774472
2.2269046,2.6326134
2.1280367,2.5300632
2.3500247,2.5187962
2.1195505,2.6477313
2.2909548,2.571063
2.2620833,2.685915
2.1342456,2.5567877
2.3989675,2.5169318
2.253034,2.5613983
2.1158123,2.637242
2.3545616,2.5446465
2.2391236,2.500238
2.1590505,2.6728582
2.3659604,2.6883488
2.1431863,2.5591037
2.1985228,2.563239
2.1284716,2.5932658
2.128501,2.5225353
2.3513331,2.530866
2.5276458,2.5295906
2.3195121,2.523117
2.4914985,2.546677
2.3200977,2.691667
2.1492057,2.5226197
2.2036023,2.5587184
2.2636714,2.5293524
2.3409429,2.6382084
2.2159035,2.6804354
2.2236717,2.5294359
2.158378,2.5614376
2.4577131,2.5626874
2.1100724,2.687071
2.2855911,2.5798206
2.3541663,2.5684345
2.2232614,2.64617
2.3274984,2.6520472
2.126294,2.5067394
2.4381113,2.6522284
2.4666507,2.6583061
2.4296594,2.6824517
2.132788,2.678057
2.316146,2.5646353
2.2568202,2.5007067
2.17598,2.6609447
2.2121875,2.5765839
2.452412,2.6613824
2.2253978,2.5218854
2.125213,2.5783217
2.2244241,2.6636703
2.4368417,2.6142144
2.4543679,2.687358
2.3241348,2.5218353
2.1669593,2.5364008
2.247682,2.604896
2.1045392,2.6119475
2.1137087,2.5496285
2.2020981,2.5229366
2.1383073,2.6655092
2.1470222,2.6191003
2.4267986,2.5994244
2.2243521,2.6345341
2.1998532,2.6488957
2.11713,2.67341
2.2588592,2.6973262
2.3084042,2.5426202
2.2791944,2.6725352
2.131406,2.5934017
2.1134799,2.5331345
2.1625454,2.687544
2.4234326,2.5197275
2.1636264,2.5734348
2.3466809,2.5660822
2.115107,2.5605154
2.126752,2.5047395
2.2794895,2.6791933
2.1052535,2.5761926
2.1382098,2.690411
2.1218438,2.5418003
2.1425772,2.6748428
2.2107863,2.61846
2.3878088,2.6547077
2.1756253,2.566034
2.2459505,2.6711967
2.3736475,2.577042
2.1610363,2.6566505
2.234945,2.5970428
2.1214135,2.6882696
2.126686,2.5542376
2.1018732,2.5644097
2.1303885,2.694855
2.2800488,2.6001027
2.2748895,2.614893
2.1182013,2.5585647
2.2387717,2.601247
2.3790915,2.6369593
2.2724125,2.533065
2.4854083,2.5094118
2.2699661,2.6895638
2.4055467,2.5195222
2.4778955,2.5398035
2.1841905,2.6113832
2.2766452,2.5897002
2.1349275,2.6653368
2.453798,2.6850564
2.3485956,2.5148408
2.1998968,2.668116
2.106494,2.6822371
2.237182,2.524184
2.2473664,2.5324876
2.120708,2.5763521
2.3222852,2.6097546
2.1519427,2.5564973
2.2309597,2.602828
2.1808808,2.6569402
2.1571102,2.530175
2.105286,2.635009
2.350221,2.6482787
2.1489031,2.5787597
2.2588384,2.5680885
2.485922,2.579649
2.4994433,2.6439822
2.1055562,2.554239
2.3038983,2.6331522
2.1313233,2.6267076
2.172488,2.5139208
2.2229102,2.5333917
2.1834688,2.542173
2.2185814,2.6037474
2.2001786,2.5164757
2.142192,2.5896838
2.5238373,2.5333939
2.1249278,2.5783794
2.1400697,2.5328193
2.1552308,2.5850525
2.1624534,2.5652895
2.1331816,2.5448072
2.464355,2.589772
2.1080544,2.5894074
2.1626515,2.6429892
2.1688328,2.5158868
2.2821453,2.6015773
2.319024,2.527564
2.1861296,2.5079668
2.1153705,2.5432413
2.3162422,2.53245
2.1792772,2.682669
2.1939142,2.590521
2.2267613,2.6204531
2.1663723,2.5148492
2.2036688,2.6744866
2.1396196,2.5853179
2.1324894,2.5317426
2.1673114,2.5667334
2.1790314,2.526116
2.1059055,2.5531502
2.1219778,2.6046576
2.1398783,2.568369
2.1208682,2.62559
2.1657274,2.5632896
2.1067889,2.5225618
2.3652377,2.520937
2.1746585,2.5426135
2.5140278,2.511246
2.438072,2.609743
2.1014879,2.618525
2.2393217,2.599866
2.1927888,2.624961
2.186274,2.5936682
2.2289236,2.5557337
2.1333597,2.5470302
2.4968376,2.6656342
2.2533307,2.6611376
2.5097704,2.6184237
2.115345,2.5044713
2.1961396,2.537526
2.2296572,2.6747048
2.1539855,2.571579
2.1591175,2.606841
2.1026545,2.566406
2.1046524,2.5225308
2.154844,2.5109146
2.2634554,2.686674
2.3798394,2.6472263
2.4599524,2.569135
2.3975024,2.5565882
2.4611607,2.6412463
2.1604574,2.684473
2.2177238,2.5035825
2.1023338,2.631045
2.3036423,2.5057452
2.1857412,2.6619315
2.2770019,2.5968735
2.19919,2.5365326
2.3480067,2.5804572
2.1474566,2.6108658
2.120185,2.6359348
2.137103,2.603768
2.123636,2.6168985
2.1818526,2.5552258
2.19228,2.58344
2.1386187,2.6985323
2.1411488,2.5435283
2.317571,2.5566955
2.263695,2.5077379
2.359516,2.5286584
2.5423605,2.647264
2.2362523,2.5606282
2.2235355,2.5589418
2.3621233,2.5310104
2.1638613,2.5832992
2.110191,2.6309192
2.2647355,2.5495431
2.471829,2.55331
2.1743739,2.5431042
2.1116686,2.538045
2.1140258,2.5155044
2.4790645,2.6018977
2.183671,2.5672674
2.3300695,2.5126855
2.400119,2.6535025
2.1930888,2.5309858
2.1855547,2.513588
2.149053,2.6581268
2.301237,2.555076
2.2617822,2.5322618
2.5105987,2.6927402
2.111674,2.5768967
2.2182946,2.6454961
2.2353675,2.575156
2.2357047,2.5159671
2.2323222,2.623205
2.1112285,2.542247
2.1822543,2.513233
2.3381438,2.6739247
2.237715,2.5521886
2.2177286,2.6028275
2.287798,2.5825105
2.1886485,2.5130537
2.1976569,2.610883
2.1616702,2.6254692
2.2039356,2.5634525
2.2650642,2.5374453
2.1749713,2.5915565
2.1586561,2.6088138
2.1870594,2.6924355
2.1498902,2.624086
2.5127542,2.5603833
2.121718,2.5941868
2.1002712,2.6662803
2.4384706,2.6381352
2.4029536,2.5161288
2.3060458,2.515451
2.2334428,2.566183
2.2749662,2.695922
2.2049892,2.6731331
2.352844,2.6247382
2.2151632,2.6596348
2.157787,2.5639434
2.1089761,2.5330694
2.1741948,2.601694
2.5279415,2.5057046
2.166654,2.6125572
2.24754,2.6064365
2.1480508,2.607649
2.4278128,2.692576
2.139439,2.6760213
2.2413857,2.5828407
2.3484507,2.6202176
2.2155392,2.5350928
2.1652951,2.5680487
2.1877139,2.6481152
2.1620164,2.5040956
2.1289005,2.6173553
2.1233666,2.5645378
2.184777,2.6951828
2.3120348,2.5127733
2.2270575,2.5465288
2.3219943,2.5000157
2.2067251,2.5728552
2.1075025,2.5176604
2.4520981,2.537548
2.3314638,2.5480347
2.4017203,2.6484993
2.3301175,2.5982707
2.1031318,2.6511834
2.318236,2.555246
2.3919327,2.6722856
2.2376192,2.5163162
2.2374988,2.5475624
2.1499777,2.6941006
2.1056578,2.6249506
2.3155138,2.5256507
2.3060873,2.6784348
2.151538,2.5309064
2.2228124,2.583173
2.3605351,2.6857593
2.3945396,2.6960971
2.1755083,2.6041598
2.4590652,2.5360723
2.1902497,2.5479462
2.136674,2.606674
2.1204712,2.6684356
2.3706844,2.5009792
2.3527231,2.6949213
2.1250372,2.5481143
2.1647344,2.5181518
2.1099122,2.5637627
2.2532928,2.6974564
2.1247308,2.5252757
2.2541745,2.6284368
2.5182927,2.5110106
2.1114783,2.5139267
2.1477065,2.6853118
2.105653,2.5320017
2.1423948,2.5010102
2.213124,2.6296685
2.1203964,2.58947
2.349508,2.5759745
2.418228,2.6364038
2.1847315,2.6174273
2.156441,2.5811148
2.313712,2.5171204
2.1246026,2.61112
2.4883947,2.5902448
2.5365562,2.6584847
2.1540182,2.6123986
2.4656186,2.6757343
2.3468976,2.604963
2.1078577,2.6875634
2.1073456,2.6647773
2.4634845,2.6936848
2.286299,2.6035507
2.1118522,2.5577238
2.398815,2.5117805
2.144671,2.5878727
2.348133,2.5150387
2.1573665,2.6600337
2.130533,2.6892195
2.2160454,2.6932986
2.5111961,2.658974
2.3019407,2.5414138
2.1353016,2.6725001
2.1505327,2.5137205
2.1787724,2.5808501
2.1531603,2.6765094
2.1211977,2.6962228
2.3235314,2.5153952
2.3322067,2.5689745
2.1705546,2.628093
2.2339766,2.5430748
2.1833518,2.657551
2.4532623,2.5185537
2.1530318,2.517358
2.3087883,2.579067
2.230973,2.6063373
2.2780352,2.6217616
2.2308621,2.5867045
2.4970098,2.5519059
2.2077541,2.540314
2.168528,2.610836
2.3757472,2.5036185
2.168903,2.6368005
2.181746,2.6046855
2.160795,2.5803099
2.106943,2.6846137
2.222911,2.5496264
2.1452858,2.5468538
2.1726944,2.5538769
2.2424188,2.5696046
2.1300683,2.6542857
2.1781342,2.6731348
2.2333257,2.6433647
2.383562,2.5606008
2.2847743,2.6150784
2.4429092,2.6532097
2.1364596,2.6842194
2.2610438,2.666154
2.1306102,2.5473065
2.1743898,2.6230195
2.1443305,2.569591
2.1172342,2.604706
2.2677891,2.5244136
2.1419384,2.5216393
2.18674,2.6802852
2.280765,2.5759747
2.1867123,2.579953
2.1622574,2.6536937
2.1168997,2.5133016
2.2136195,2.629017
2.3121104,2.6906178
2.146461,2.5686655
2.344383,2.61839
2.1557965,2.603967
2.145632,2.645513
2.1051254,2.6569371
2.1505232,2.5178003
2.416862,2.6207604
2.2859428,2.6079824
2.1844323,2.6852818
2.2777584,2.5646062
2.5270505,2.5942857
2.3969755,2.649973
2.2054727,2.6018286
2.3768756,2.5755875
2.2638028,2.6982188
2.5377061,2.5599232
2.3579314,2.5148153
2.1147947,2.5477936
2.3985715,2.669527
2.472759,2.5268612
2.167604,2.6172352
2.1319609,2.5360315
2.1154537,2.527928
2.165776,2.685843
2.2250292,2.6350126
2.425323,2.547737
2.399878,2.6826441
2.1336372,2.5535657
2.4279416,2.6184673
2.421682,2.6117275
2.2907953,2.5534081
2.126045,2.501525
2.387918,2.642601
2.2686224,2.5560644
2.4003932,2.6171048
2.182043,2.6981845
2.1885474,2.5985506
2.217665,2.6796641
2.549285,2.684931
2.300843,2.5150812
2.2083771,2.5666971
2.1088686,2.625556
2.215609,2.5166569
2.2506847,2.5379612
2.224268,2.6047866
2.2313008,2.5208805
2.2153482,2.6479108
2.325402,2.6456053
2.1909397,2.5397196
2.315652,2.5192578
2.1602626,2.5563996
2.5379963,2.5976899
2.3493967,2.627224
2.2989378,2.619209
2.147613,2.5690358
2.1762643,2.6748219
2.3810651,2.6539953
2.179052,2.5258148
2.1733193,2.6912506
2.243673,2.6334326
2.1338987,2.5014112
2.374916,2.6270492
2.17208,2.5960612
2.4406269,2.5713124
2.1920614,2.5661244
2.1514482,2.5336578
2.3813484,2.6067686
2.3837955,2.5300329
2.1681051,2.6423874
2.5045695,2.6453881
2.2226987,2.6934748
2.1954482,2.5873075
2.2544153,2.5149093
2.2617886,2.5831285
2.2141337,2.6075933
2.1233187,2.5865505
2.1102993,2.67215
2.3365264,2.5928943
2.3982072,2.6233356
2.4047875,2.6899102
2.4808042,2.500885
2.3079467,2.553484
2.2744224,2.523891
2.3977315,2.5022264
2.1838336,2.5946484
2.149806,2.5143201
2.4693136,2.638826
2.4097645,2.5578525
2.3307781,2.596006
2.27197,2.5646386
2.1159525,2.5779405
2.2712643,2.687832
2.2971265,2.6374402
2.3161597,2.5641713
2.1140933,2.5764318
2.1642323,2.532338
2.149565,2.5746152
2.1830037,2.5317557
2.226327,2.5745986
2.3366792,2.6160662
2.302793,2.6623013
2.5060146,2.541473
2.39456,2.5086887
2.461358,2.5809577
2.4261644,2.522184
2.317984,2.5029237
2.3624237,2.516953
2.1890662,2.563568
2.396248,2.550296
2.407263,2.5283997
2.192622,2.6122656
2.2669568,2.5635912
2.4401453,2.6567125
2.4405084,2.6567125
2.1008997,2.5396085
2.2617397,2.6893167
2.248432,2.548721
2.1643207,2.6332788
2.1505919,2.574336
2.366471,2.605196
2.215808,2.5389802
2.1173475,2.5960686
2.2224405,2.5148258
2.273028,2.5396914
2.2005138,2.6429455
2.1335826,2.5983963
2.1921556,2.5592952
2.1547265,2.5926802
2.1350853,2.585503
2.14966,2.5340753
2.2938936,2.5056262
2.4142008,2.578412
2.5455837,2.656116
2.2108908,2.5538538
2.2189283,2.5610313
2.3053868,2.522751
2.123416,2.5862513
2.4130392,2.637726
2.4031458,2.5387313
2.2184248,2.573045
2.2485747,2.6568778
2.143801,2.5343924
2.1178071,2.6355298
2.5017369,2.5610292
2.2327774,2.5246093
2.1675055,2.6794143
2.1767142,2.6653998
2.2825246,2.5510986
2.4307444,2.6021824
2.2262938,2.679385
2.2284079,2.679385
2.244629,2.5905802
2.120227,2.5256376
2.3273034,2.5148826
2.2145243,2.612031
2.2415051,2.592505
2.5061064,2.5039861
2.100897,2.5330033
2.529254,2.534807
2.350824,2.544468
2.3482258,2.6939433
2.27356,2.5792382
2.5103009,2.5833058
2.135589,2.6901004
2.1895196,2.5099351
2.2954144,2.556067
2.2755966,2.5940855
2.4028137,2.5562646
2.154563,2.6147475
2.2035716,2.503768
2.5058985,2.6098893
2.2220953,2.658834
2.2527368,2.5510361
2.1635723,2.6521482
2.197198,2.5155013
2.5239997,2.5682218
2.1158078,2.671926
2.4600065,2.5876737
2.1924121,2.5018017
2.2248244,2.6214278
2.514513,2.6708276
2.238774,2.5301118
2.3429623,2.603387
2.1164842,2.5096788
2.397932,2.5062857
2.3611991,2.5017433
2.2508042,2.5493114
2.148458,2.5004742
2.1858373,2.5247703
2.126043,2.6705363
2.1004279,2.6696684
2.2925377,2.5741353
2.4239383,2.6208105
2.5218525,2.601104
2.305395,2.6631346
2.278289,2.6480308
2.2481885,2.6964197
2.1848319,2.577116
2.433995,2.5125084
2.1532345,2.6679335
2.119059,2.5514936
2.494525,2.6637151
2.3432784,2.5261788
2.1349611,2.5688186
2.3677886,2.6364915
2.1248562,2.518487
2.1910577,2.6586325
2.287357,2.6220684
2.3303664,2.5813723
2.2399073,2.663927
2.255368,2.5838554
2.276068,2.656777
2.2352026,2.5129297
2.5460243,2.5173478
2.1480079,2.601564
2.206661,2.630584
2.2378502,2.6478994
2.293998,2.513661
2.2549124,2.6245992
2.1115942,2.5760572
2.3132758,2.5272782
2.127215,2.610282
2.1467957,2.6892385
2.1117172,2.6830451
2.238722,2.6164305
2.4024858,2.6952796
2.296664,2.5568335
2.147566,2.5790584
2.118948,2.5707967
2.2495706,2.6692271
2.4670784,2.633808
2.1475196,2.5654588
2.1253731,2.6389575
2.1690748,2.6389778
2.1187866,2.6773062
2.2544174,2.5580063
2.3321872,2.6677146
2.179924,2.5010326
2.211447,2.5554786
2.1975782,2.6891818
2.152586,2.5756328
2.2821395,2.6798701
2.2901728,2.588549
2.292604,2.573132
2.261516,2.5204282
2.1322684,2.512641
2.3592324,2.6407878
2.2820733,2.6372085
2.1891706,2.6887743
2.2368066,2.6565266
2.1535423,2.603625
2.159046,2.5999877
2.1327233,2.5784032
2.1283593,2.5955112
2.285667,2.5999691
2.3877158,2.5349233
2.3321369,2.5135605
2.3674877,2.693925
2.3872643,2.6579125
2.1231945,2.6301866
2.205119,2.5173407
2.1519766,2.560574
2.1047559,2.5594385
2.4089139,2.6343749
2.162376,2.5401826
2.1190307,2.6097763
2.4179914,2.6815166
2.1715732,2.5617805
2.3124788,2.5972288
2.421342,2.5417628
2.1921093,2.6499214
2.1718285,2.619591
2.389669,2.6117275
2.1638477,2.5356522
2.2308784,2.678304
2.364784,2.5078259
2.31104,2.5882998
2.1208494,2.684675
2.3307898,2.6822128
2.2451203,2.5231314
2.2030308,2.5927725
2.1601818,2.5622647
2.2892056,2.5099552
2.230335,2.5873008
2.216461,2.582654
2.121379,2.6875882
2.1374302,2.5356667
2.479113,2.609086
2.499134,2.5912402
2.1127303,2.6283405
2.1710587,2.5053918
2.2921479,2.5586882
2.4795585,2.5029564
2.1233492,2.6432233
2.5191414,2.6623604
2.212331,2.5637672
2.15559,2.678874
2.2625318,2.5195377
2.143502,2.6717129
2.102749,2.502828
2.3147848,2.5905437
2.4402854,2.6956506
2.1235995,2.5135913
2.2479305,2.529261
2.48203,2.5782175
2.2015443,2.5013547
2.1879277,2.698717
2.3630896,2.698242
2.2878337,2.5665736
2.3478699,2.5886745
2.1480281,2.6436174
2.2292717,2.517248
2.3906693,2.6163692
2.2369096,2.5226026
2.2873635,2.59431
2.153489,2.5963547
2.1798291,2.6166363
2.3417022,2.535684
2.2754815,2.5729542
2.2322738,2.5027583
2.429503,2.5701928
2.147404,2.5154092
2.38543,2.5301619
2.1838202,2.6307187
2.1451948,2.5387092
2.1859412,2.5429637
2.3255622,2.6413982
2.31547,2.5724645
2.5440998,2.50115
2.1326344,2.6982234
2.2145188,2.5019767
2.2347674,2.6366854
2.3024642,2.6366587
2.1170819,2.6337535
2.1258936,2.507125
2.1209602,2.6638012
2.1493807,2.6479425
2.2003927,2.6597147
2.1008337,2.689106
2.1300864,2.5710177
2.1353421,2.603431
2.4016678,2.5728009
2.4196873,2.5995116
2.3691757,2.6794856
2.1987262,2.5276613
2.21237,2.5451143
2.1594322,2.5955713
2.2404041,2.5411007
2.4499857,2.5868433
2.1839724,2.6445487
2.3523307,2.647006
2.2191305,2.6148734
2.1663475,2.5225043
2.3756526,2.5099053
2.3085952,2.6589537
2.102886,2.6246467
2.2822905,2.559538
2.1310825,2.5524712
2.2461941,2.5924382
2.1346164,2.5899906
2.154713,2.5342348
2.3519676,2.678346
2.232355,2.501825
2.1911578,2.687665
2.5021381,2.5053566
2.3647754,2.5153852
2.1626163,2.519469
2.384032,2.5432882
2.1148016,2.6149793
2.1789603,2.543783
2.178169,2.529511
2.3664844,2.693691
2.1998308,2.6049743
2.2069852,2.6478157
2.107382,2.5171769
2.324182,2.533021
2.3215225,2.6055436
2.3175447,2.5937874
2.1537628,2.5293748
2.1021369,2.5392275
2.1821835,2.6310966
2.4884937,2.6234813
2.217636,2.612614
2.1801198,2.5119927
2.4457915,2.6827517
2.104207,2.5843327
2.186793,2.5249527
2.5203738,2.599175
2.1096237,2.5766058
2.1618123,2.5262203
2.1060154,2.551265
2.144491,2.508433
2.1777902,2.5048096
2.1881783,2.637551
2.465996,2.5790524
2.1946926,2.5293353
2.1481247,2.5552952
2.2155676,2.5206184
2.214825,2.5521965
2.3790255,2.501474
2.143392,2.5947676
2.215358,2.676252
2.2881157,2.5431795
2.128225,2.512421
2.2710848,2.5732512
2.1835265,2.6497035
2.4181948,2.5370388
2.4079673,2.5490925
2.1995988,2.6490576
2.2721245,2.5219293
2.3589618,2.5927398
2.3152573,2.6645758
2.198671,2.5615962
2.1701243,2.693888
2.1777265,2.5664628
2.1109977,2.6364996
2.1031976,2.636195
2.2562025,2.6143892
2.332062,2.5650935
2.2452765,2.5660093
2.2356305,2.572744
2.1829116,2.5868294
2.2034895,2.6781433
2.1763093,2.5047393
2.3333185,2.6062
2.240698,2.6495025
2.3472521,2.5711064
2.2221394,2.5987027
2.403776,2.6581066
2.2202172,2.6909058
2.1275673,2.652952
2.2053883,2.5005522
2.126297,2.5461297
2.455103,2.6024961
2.2972686,2.5367632
2.4698071,2.5340118
2.1881957,2.6007442
2.2427897,2.6305666
2.481012,2.6064281
2.1624935,2.504217
2.1092935,2.6639116
2.2045364,2.5077722
2.130692,2.6861122
2.5040123,2.5525322
2.1037426,2.6041777
2.1637492,2.5763276
2.109328,2.6078773
2.1289134,2.5875762
2.1742098,2.5267143
2.1176069,2.5309486
2.145493,2.5051508
2.1044526,2.6041007
2.1941621,2.5163243
2.1406717,2.594084
2.1480744,2.5652738
2.3535495,2.671032
2.1049976,2.6775358
2.2325084,2.6211557
2.4779994,2.5985603
2.261013,2.6294408
2.3968256,2.5035627
2.1539488,2.5720394
2.2487705,2.603975
2.1247652,2.5226421
2.1073837,2.5634413
2.2373502,2.6407151
2.3616366,2.6348584
2.406296,2.560853
2.349541,2.6168373
2.2843685,2.5777223
2.1656625,2.5527484
2.193125,2.6059184
2.3724682,2.5530815
2.107969,2.6333425
2.5077348,2.5555894
2.4200482,2.5377018
2.2686832,2.6741054
2.1408083,2.6010087
2.399515,2.5384355
2.3244724,2.562012
2.1457367,2.5400076
2.2018173,2.550211
2.2398021,2.6553779
2.1913097,2.5266814
2.1531942,2.6780372
2.123331,2.5988657
2.4226623,2.6475177
2.110505,2.559685
2.1787004,2.627664
2.160674,2.518411
2.385451,2.5273926
2.386151,2.6251135
2.108539,2.6374803
2.2619128,2.5513573
2.1785884,2.6304326
2.2781465,2.5893066
2.215607,2.6496859
2.1257498,2.5450768
2.4242945,2.6872416
2.19376,2.6035275
2.121826,2.63678
2.266005,2.6508927
2.2582417,2.6965904
2.1609352,2.6602297
2.2188046,2.522558
2.2316337,2.6733804
2.1066272,2.5295484
2.1110802,2.6476219
2.1347432,2.6994786
2.1432502,2.693137
2.208446,2.680046
2.4803278,2.6452599
2.2532468,2.5366342
2.3306875,2.631416
2.1192272,2.6907067
2.2411833,2.686544
2.1657486,2.5626905
2.2491736,2.5781372
2.3751664,2.5138376
2.2620463,2.5239275
2.124096,2.6525338
2.4322915,2.6524608
2.2149472,2.667882
2.28302,2.6035495
2.1480055,2.526095
2.3523624,2.5840735
2.2699068,2.5837507
2.2179327,2.642674
2.1874192,2.6789227
2.3937144,2.5954072
2.1638231,2.5594761
2.1075613,2.6850069
2.168597,2.6640358
2.2115185,2.6807075
2.4171152,2.548199
2.399326,2.6096225
2.5409896,2.529204
2.1270702,2.5002737
2.299341,2.6642513
2.3282626,2.5150034
2.3052244,2.6966765
2.1569254,2.6117907
2.3378303,2.5630717
2.4090333,2.6560462
2.2047346,2.6814506
2.1727161,2.6817853
2.431244,2.635247
2.1502178,2.5188613
2.1032205,2.585762
2.2710333,2.565994
2.169074,2.5111241
2.1696193,2.5321522
2.265467,2.544383
2.169954,2.56542
2.4489017,2.530062
2.279912,2.6323667
2.228747,2.5732846
2.2882664,2.613146
2.1264133,2.578137
2.275529,2.5821552
2.2096322,2.5184326
2.1817029,2.596957
2.1839175,2.6977928
2.2410367,2.6170862
2.3092618,2.6366541
2.2811394,2.522534
2.1749022,2.6600592
2.461954,2.6416414
2.2662451,2.5635502
2.1628506,2.657835
2.1911094,2.5424795
2.47297,2.5718827
2.1133885,2.5392253
2.127928,2.548911
2.3288658,2.669433
2.2378747,2.6820297
2.3171961,2.6793253
2.119979,2.6227438
2.2961605,2.5794673
2.1475406,2.6805754
2.2810233,2.5892074
2.2520406,2.6797552
2.2846012,2.5714455
2.2000966,2.5743697
2.3359065,2.6612182
2.3522596,2.5297601
2.2704492,2.5710268
2.201458,2.5813186
2.3357356,2.638954
2.4527023,2.5570207
2.2977,2.6040995
2.343435,2.5096338
2.3401284,2.5147674
2.1103883,2.5523174
2.2150016,2.6475072
2.3775017,2.6754704
2.1266606,2.6553686
2.170118,2.63718
2.349368,2.5006392
2.363404,2.6100693
2.1984062,2.6605852
2.4290473,2.5813093
2.3507223,2.6254747
2.2099907,2.640819
2.1825109,2.5169466
2.408177,2.5624478
2.2826371,2.559685
2.4583726,2.6020846
2.1676738,2.5300307
2.164923,2.6280565
2.156085,2.6021473
2.2186267,2.513491
2.4854631,2.571946
2.5043454,2.6771781
2.1215904,2.6388931
2.1660814,2.5040889
2.1415792,2.637453
2.2108176,2.5021212
2.3616252,2.616188
2.3718383,2.6771793
2.2549002,2.6272268
2.2207973,2.5975778
2.2527215,2.5225296
2.1667483,2.5408971
2.399978,2.6737008
2.1842105,2.6179914
2.1711566,2.5313156
2.1429212,2.5891197
2.4048507,2.5330312
2.251303,2.5415564
2.2131174,2.5127573
2.4483604,2.6356614
2.214558,2.578838
2.1155603,2.5132077
2.128691,2.5769255
2.147903,2.563046
2.2163541,2.6700866
2.18189,2.503085
2.2546418,2.6858137
2.10737,2.6840065
2.3583853,2.579842
2.5412176,2.530301
2.3351557,2.517743
2.1289582,2.6061816
2.4747615,2.6500263
2.2443876,2.5409184
2.1680617,2.5407598
2.2803013,2.6083734
2.1367033,2.6795025
2.1079407,2.5242677
2.289123,2.510268
2.1295054,2.6696036
2.1013687,2.690864
2.338115,2.5883653
2.424887,2.6278746
2.2604804,2.5097904
2.182531,2.5188904
2.215753,2.551076
2.1327102,2.560547
2.1349633,2.6254296
2.1681535,2.6605148
2.2336411,2.58081
2.1761174,2.5503614
2.1768007,2.6572042
2.111444,2.5030718
2.2728395,2.6200364
2.1881123,2.6990387
2.2260265,2.5759158
2.1314948,2.6960733
2.4496033,2.5165782
2.220517,2.643636
2.2418773,2.602007
2.2501564,2.6848605
2.2560973,2.6054318
2.1239836,2.6396348
2.1220345,2.6305232
2.1738834,2.5968106
2.1224563,2.516719
2.1201138,2.5018916
2.3542142,2.5019624
2.4852602,2.5931654
2.4184306,2.6717913
2.1905236,2.5661972
2.4662294,2.6956184
2.1014202,2.589064
2.1429503,2.5615077
2.1216488,2.6351418
2.1247976,2.6899655
2.1350548,2.608919
2.1524951,2.6640248
2.3507586,2.5469775
2.1590257,2.536599
2.1259272,2.5551748
2.257591,2.6286218
2.2285678,2.6608226
2.2690253,2.530352
2.3849669,2.6481555
2.2886586,2.6495283
2.336104,2.6578956
2.3300383,2.5172918
2.111193,2.6985743
2.1987827,2.6043506
2.1068907,2.6150978
2.185738,2.604161
2.3024178,2.5254052
2.1754658,2.5450933
2.3485687,2.6237364
2.119632,2.6841724
2.1164994,2.5428526
2.1478884,2.5657413
2.1463249,2.5358474
2.132761,2.5047312
2.1642551,2.6170435
2.4480867,2.5165114
2.3344793,2.612628
2.285208,2.540756
2.258314,2.5654519
2.4600286,2.5592954
2.1033738,2.5304124
2.1228716,2.6733167
2.1278393,2.658311
2.2086036,2.6658485
2.1467206,2.6775508
2.292178,2.5078535
2.296005,2.5663733
2.1521032,2.6887796
2.1259208,2.5929224
2.230608,2.507907
2.344096,2.544018
2.357672,2.5003965
2.2094567,2.5297117
2.477064,2.5151706
2.4323523,2.524508
2.5202816,2.5494566
2.125534,2.5165098
2.3335998,2.666383
2.1003366,2.697717
2.1426716,2.5548267
2.11462,2.551684
2.3019357,2.6446896
2.142891,2.5364592
2.5213351,2.5800655
2.230356,2.5855913
2.1926157,2.5316207
2.3163779,2.6677358
2.104856,2.6524854
2.2934191,2.657799
2.140662,2.5986354
2.119136,2.595697
2.3732684,2.682999
2.4946418,2.6530447
2.2855873,2.586954
2.3828166,2.5667837
2.185626,2.6117554
2.128072,2.5910456
2.2351346,2.5606148
2.2624855,2.512095
2.2315223,2.585674
2.290658,2.5614035
2.1759384,2.6834264
2.2477283,2.5615506
2.5228379,2.574411
2.2418518,2.5931075
2.4493694,2.5152597
2.2451172,2.62561
2.1011295,2.5676599
2.1211393,2.6538808
2.2958016,2.6676958
2.228166,2.5246012
2.1104653,2.636383
2.2530465,2.63359
2.2010167,2.60666
2.1077163,2.587092
2.3137522,2.61588
2.163614,2.5849476
2.408745,2.6857443
2.1259308,2.528701
2.322186,2.643555
2.2614107,2.6627395
2.127642,2.62456
2.1335754,2.6600466
2.5354702,2.6118932
2.4466047,2.5600157
2.2585106,2.632898
2.3740363,2.5959613
2.218675,2.5892346
2.127591,2.6710334
2.2727861,2.5420876
2.1524346,2.5998826
2.327279,2.6002793
2.2598562,2.6111982
2.1000836,2.6955135
2.5445428,2.6634235
2.1599083,2.5337358
2.2997239,2.5081663
2.367471,2.6750202
2.4357724,2.6786609
2.4137392,2.618811
2.2140923,2.5450351
2.4513516,2.6183321
2.269294,2.5992043
2.2345273,2.622536
2.3298516,2.545255
2.2458494,2.6229782
2.230322,2.5686245
2.499365,2.6671147
2.1548357,2.571774
2.1435454,2.6664128
2.2762828,2.5658717
2.1378648,2.5540373
2.1798959,2.5303357
2.431509,2.586422
2.157822,2.567608
2.1288388,2.6784348
2.131867,2.524046
2.292162,2.5268977
2.5230339,2.6699116
2.1410103,2.6167424
2.3047097,2.6884973
2.1645305,2.699689
2.3515913,2.5299735
2.2906103,2.6728225
2.2921326,2.530797
2.137695,2.5555198
2.3308876,2.6361318
2.1034472,2.5322154
2.153161,2.5085244
2.2847772,2.549533
2.1629403,2.582562
2.4768429,2.653998
2.2412448,2.5768268
2.1087935,2.6261544
2.4307997,2.6196828
2.2868173,2.50526
2.1423612,2.6749105
2.5431066,2.5414202
2.2322955,2.5439131
2.1246092,2.5479403
2.5366952,2.5995965
2.4403484,2.589778
2.167326,2.533835
2.5158784,2.5458305
2.170977,2.6500697
2.5236254,2.5466366
2.118432,2.633104
2.4109879,2.5307884
2.103101,2.549205
2.3029416,2.5965953
2.1043832,2.6069252
2.1434388,2.5145292
2.1913884,2.698663
2.25754,2.5333388
2.2450879,2.5792065
2.289139,2.543734
2.1687238,2.5729926
2.1089575,2.6543372
2.1879256,2.5896294
2.196419,2.5896811
2.3058228,2.5659435
2.3945107,2.6103215
2.1572678,2.6088889
2.1579509,2.5564375
2.1693225,2.556659
2.1789804,2.5209658
2.1457381,2.5343196
2.1505957,2.559377
2.1868582,2.5984867
2.109869,2.504405
2.3667173,2.5220807
2.512083,2.5831795
2.3380594,2.698516
2.249496,2.5116491
2.2452943,2.5457506
2.52424,2.551183
2.13163,2.5993676
2.1938057,2.5355763
2.2118816,2.5069401
2.2129974,2.679426
2.2927885,2.5671625
2.3251212,2.6504247
2.3138385,2.5109038
2.3295512,2.55688
2.1048076,2.5543852
2.1237411,2.603991
2.379313,2.6309474
2.1683693,2.547461
2.3563213,2.6835368
2.4034724,2.578545
2.1385386,2.5134053
2.1585681,2.685292
2.26305,2.5648773
2.259594,2.5513213
2.2915952,2.6055152
2.123392,2.5328658
2.2248304,2.6575153
2.2375276,2.6259637
2.3436568,2.6579177
2.1976693,2.5872967
2.2539456,2.6084046
2.5493946,2.562106
2.226413,2.5738635
2.2821574,2.6702821
2.184541,2.566967
2.5258486,2.658103
2.1590335,2.5007
2.176095,2.6702003
2.2300577,2.6019592
2.1648815,2.5109706
2.3460734,2.5975485
2.2228546,2.694144
2.1059659,2.5953846
2.197404,2.6301193
2.1525083,2.5080383
2.5475922,2.6377695
2.2711413,2.502325
2.3250325,2.5275006
2.1644309,2.597046
2.213503,2.5249274
2.1699734,2.5394428
2.3310592,2.589704
2.214421,2.5940375
2.331929,2.5675633
2.2745707,2.6212313
2.1025267,2.527
2.2118554,2.6263025
2.1238713,2.5476356
2.1438417,2.5856059
2.1371512,2.5763087
2.2943046,2.6389349
2.3745565,2.5360258
2.17138,2.5864027
2.1612284,2.6164846
2.181393,2.6515033
2.5106208,2.6030512
2.1871276,2.5672214
2.5038598,2.6254687
2.366088,2.5008337
2.3440843,2.6097212
2.1382866,2.5790262
2.2666361,2.5307004
2.150482,2.5367885
2.2863727,2.5747302
2.1117873,2.5996308
2.1155767,2.5632477
2.3065343,2.5124023
2.3400095,2.5008688
2.3179069,2.6369812
2.40788,2.5582485
2.4517732,2.6295524
2.167553,2.5032449
2.3076105,2.5247786
2.514976,2.6626332
2.2615967,2.5742552
2.2219193,2.5908256
2.3231425,2.5340178
2.147414,2.6144986
2.168502,2.6836178
2.3498366,2.6318746
2.1965685,2.6286626
2.2047658,2.5148997
2.4298074,2.5278637
2.1412404,2.6594224
2.1298714,2.5650785
2.5417566,2.6995275
2.3452532,2.6458108
2.5390787,2.5381348
2.435777,2.5023613
2.210401,2.5655403
2.2454112,2.5728927
2.2633424,2.6591473
2.2309213,2.668602
2.1061547,2.5762255
2.1684244,2.6513495
2.292624,2.5006876
2.3762062,2.5602326
2.4930952,2.6886773
2.135655,2.604766
2.2659369,2.5061808
2.176594,2.5497117
2.1018863,2.5255198
2.105517,2.558562
2.2666774,2.6772356
2.4617872,2.5003886
2.2832558,2.5667663
2.3480492,2.5327165
2.1432197,2.598998
2.2321544,2.5948403
2.5391653,2.5003726
2.1385975,2.6201372
2.1766665,2.5790856
2.2878525,2.6502724
2.2371674,2.5613437
2.13122,2.6927617
2.145705,2.5985465
2.1598513,2.690623
2.2064803,2.5027304
2.2695966,2.570441
2.182979,2.6385455
2.137025,2.6945632
2.2696052,2.5061097
2.1566133,2.570789
2.129999,2.5004928
2.25321,2.5235357
2.1436517,2.5520642
2.421692,2.5705855
2.1163425,2.633432
2.3559654,2.5383582
2.1091807,2.5017135
2.1290724,2.5346708
2.139922,2.671214
2.1726255,2.5012205
2.522847,2.6636503
2.1064746,2.5653892
2.230115,2.572248
2.2483208,2.5596278
2.105821,2.6456816
2.3019278,2.6355908
2.1004157,2.678632
2.317113,2.5787995
2.3339527,2.5319953
2.3767133,2.5473595
2.177129,2.664102
2.106007,2.5813048
2.1664593,2.6501245
2.2345548,2.6241367
2.5402148,2.5181534
2.1528075,2.6220863
2.3062577,2.674367
2.278066,2.5116367
2.1305122,2.5267923
2.2981434,2.69391
2.1489472,2.6601958
2.1342971,2.6479652
2.2888613,2.62743
2.1115906,2.6806102
2.3032286,2.5074089
2.1979792,2.5264287
2.1886864,2.5565581
2.4323986,2.5418718
2.153541,2.5232372
2.1324348,2.6995656
2.5295928,2.5427191
2.1671972,2.559857
2.115594,2.6644735
2.137574,2.5741677
2.5300953,2.527552
2.4525306,2.6394374
2.384659,2.5337367
2.1043663,2.5744715
2.497397,2.624096
2.4144876,2.5337594
2.1635752,2.521786
2.2157698,2.5950165
2.4234915,2.5896852
2.1098099,2.5278573
2.282434,2.696292
2.1242175,2.6479456
2.3823438,2.506367
2.1472855,2.5243955
2.217735,2.6422386
2.1755471,2.5262268
2.202347,2.5982852
2.2707274,2.6628377
2.1915803,2.5469048
2.3383725,2.6534388
2.2858405,2.5957057
2.3049307,2.50799
2.2486684,2.6666782
2.100625,2.6380916
2.2295434,2.5342817
2.2628653,2.5688004
2.2210562,2.5034418
2.5243487,2.6302052
2.2643487,2.6008475
2.3382933,2.5507276
2.149171,2.5671754
2.1817284,2.5912027
2.4675937,2.5372784
2.1010103,2.621014
2.1275785,2.5408566
2.165614,2.5753207
2.2472029,2.6373794
2.2069013,2.6704597
2.2691927,2.6854649
2.1169112,2.6802268
2.1576986,2.611534
2.3653924,2.6933858
2.3426254,2.5718253
2.1261818,2.5633245
2.1403475,2.571851
2.2738857,2.556366
2.2096934,2.6355493
2.1005466,2.5442154
2.2329879,2.5764627
2.2592814,2.535193
2.465861,2.6790762
2.103204,2.620128
2.24345,2.572676
2.1468096,2.5177596
2.2278616,2.6309667
2.3876874,2.5828552
2.1566963,2.5405405
2.4993477,2.5502107
2.3482566,2.5336072
2.2086236,2.67398
2.2703195,2.5296068
2.1772833,2.5461378
2.2481263,2.6490276
2.1335542,2.640749
2.1124108,2.5592692
2.178019,2.5893922
2.2417853,2.6410654
2.173614,2.5665205
2.4873712,2.6098988
2.2840848,2.595176
2.1394582,2.6756132
2.1754196,2.5759375
2.2445157,2.593807
2.4363246,2.535055
2.1446953,2.6206002
2.2432497,2.6531096
2.2646024,2.6728842
2.2110102,2.565591
2.1027827,2.5889537
2.3067756,2.6314554
2.108182,2.634704
2.1133363,2.5055099
2.1515045,2.5524898
2.493694,2.6613107
2.3342342,2.5056014
2.31279,2.6598997
2.4903343,2.667898
2.2617989,2.5738168
2.3092291,2.6167722
2.169515,2.649048
2.118712,2.5962102
2.3529224,2.5291948
2.1671424,2.607858
2.2384715,2.6103745
2.2847586,2.6186254
2.127352,2.5434659
2.1757352,2.5010688
2.1932125,2.6639898
2.439807,2.559152
2.31083,2.6309152
2.3806095,2.629854
2.3255992,2.5676537
2.3382468,2.6017497
2.207221,2.56872
2.1299717,2.554337
2.4974918,2.539234
2.316924,2.66605
2.181842,2.6041138
2.2863605,2.6603308
2.1168983,2.5971859
2.2178075,2.608476
2.123632,2.5099843
2.2313304,2.6443985
2.19358,2.6399026
2.109908,2.5622866
2.2743678,2.517414
2.143456,2.5639114
2.3355324,2.5280602
2.2278833,2.509284
2.1313581,2.5163643
2.1026106,2.6052294
2.4959319,2.5842314
2.269989,2.6106055
2.2811434,2.5935793
2.1187794,2.6433067
2.175372,2.569328
2.3422472,2.573871
2.3590162,2.6098976
2.1238337,2.6468384
2.3143516,2.5034997
2.1442132,2.6747642
2.1926358,2.688786
2.1288068,2.6670394
2.4282537,2.5491717
2.1236987,2.6187873
2.3981578,2.5623884
2.1459272,2.593728
2.3589742,2.543076
2.211412,2.5174441
2.2565854,2.5174441
2.4960887,2.6263683
2.1278696,2.5324843
2.2500942,2.6910138
2.1864662,2.654831
2.12023,2.5452888
2.2539272,2.612546
2.4663205,2.614991
2.183598,2.6855876
2.301895,2.5899029
2.392899,2.6317437
2.3191059,2.6034815
2.1396616,2.5926409
2.259036,2.6083772
2.3862982,2.6793537
2.317443,2.5008278
2.1889486,2.685113
2.3229463,2.5527713
2.3978388,2.5616927
2.1020525,2.6273108
2.2500086,2.567866
2.3100042,2.5921588
2.1358528,2.6036427
2.2329032,2.6796727
2.1508198,2.5979388
2.2592175,2.5463438
2.372773,2.6160526
2.1121955,2.5473168
2.215011,2.5130024
2.2995608,2.6036153
2.3554087,2.676734
2.2834191,2.659476
2.237009,2.6397276
2.2064989,2.6831772
2.1556795,2.5137699
2.1364079,2.5648398
2.140958,2.5088503
2.187028,2.5651708
2.2268648,2.5924003
2.225325,2.587267
2.3474653,2.611961
2.2153654,2.5409636
2.109053,2.5715616
2.2330072,2.5651827
2.2863083,2.6329365
2.218638,2.5272803
2.2271888,2.5850437
2.2117217,2.6322796
2.5353389,2.6827133
2.2686622,2.640884
2.1742613,2.5000012
2.3220246,2.550999
2.1987333,2.5041173
2.3875477,2.5059915
2.139668,2.5478106
2.323421,2.6461232
2.3081753,2.6730866
2.2778692,2.6465597
2.430684,2.6579356
2.4811351,2.651388
2.2618582,2.5942929
2.5448606,2.6749218
2.4107554,2.6469047
2.2945857,2.5800138
2.4932475,2.535022
2.2558923,2.5970802
2.2243786,2.5874286
2.1845038,2.6826878
2.1069603,2.6864052
2.2590687,2.595408
2.1026003,2.5004032
2.38631,2.6305227
2.2144887,2.559331
2.355834,2.6306014
2.2125964,2.5985518
2.1676173,2.6851714
2.1846304,2.6715817
2.4715562,2.5545495
2.1442955,2.6804273
2.190407,2.566034
2.3251908,2.55269
2.1654217,2.6331048
2.1144147,2.6727335
2.1200588,2.6285198
2.1040568,2.5074718
2.3915956,2.6213434
2.1233594,2.6829479
2.2651727,2.5160537
2.145823,2.6006732
2.1211057,2.668088
2.100918,2.6246276
2.4151218,2.6444435
2.133126,2.6404579
2.392523,2.6321282
2.1115065,2.6898587
2.213657,2.6173801
2.1050289,2.613696
2.164301,2.626396
2.161177,2.6202784
2.1554353,2.5967858
2.1075168,2.5059175
2.3323812,2.5533323
2.1847034,2.6297941
2.2029564,2.5143318
2.262432,2.5989041
2.2900627,2.5099158
2.2469122,2.6169598
2.2414908,2.6587787
2.2434156,2.649995
2.2146125,2.608884
2.1149209,2.6363997
2.432951,2.6859426
2.145037,2.643311
2.2078586,2.6567175
2.4079373,2.5223906
2.282577,2.6390684
2.1959352,2.6899822
2.4251354,2.5869143
2.1229033,2.6087055
2.458698,2.6529324
2.4635873,2.5448902
2.504677,2.6858726
2.2996345,2.5431974
2.125953,2.5451193
2.1030545,2.5231307
2.1394906,2.5180478
2.1341312,2.5136075
2.2690396,2.6640396
2.1639752,2.6357908
2.4721334,2.5252993
2.129931,2.6384459
2.2087834,2.6709998
2.1577976,2.6595178
2.2031891,2.683377
2.250084,2.6107082
2.1377554,2.5673492
2.180564,2.6830978
2.2353055,2.506792
2.2345233,2.6720989
2.1636782,2.6272576
2.2211568,2.5626044
2.4556928,2.5330045
2.2671201,2.627331
2.36566,2.59627
2.2927506,2.601299
2.4568772,2.530226
2.1619911,2.52502
2.3274887,2.6807568
2.197366,2.609672
2.4020283,2.5598574
2.1963596,2.517054
2.2812905,2.6925979
2.414496,2.5713055
2.1019752,2.6629708
2.3290222,2.5515451
2.3000846,2.612928
2.3328097,2.5133107
2.4303412,2.6072564
2.1226475,2.52548
2.2409225,2.6380713
2.140216,2.5253057
2.3006263,2.6316268
2.51643,2.5464845
2.272757,2.655542
2.5064569,2.6992695
2.1683621,2.64727
2.210517,2.690575
2.1780105,2.64036
2.2359421,2.5325701
2.199178,2.660793
2.1052887,2.6627016
2.1083574,2.581247
2.2919114,2.56241
2.1396673,2.599632
2.2908235,2.5927997
2.2156126,2.5318635
2.152518,2.54647
2.1842296,2.5284903
2.1348445,2.671021
2.1990254,2.6846411
2.371863,2.6767206
2.2456136,2.6795492
2.2326143,2.6914275
2.14716,2.509539
2.1135662,2.5422347
2.3316529,2.6616337
2.171454,2.6116922
2.3906775,2.6291394
2.2953422,2.629296
2.339585,2.5517066
2.4796216,2.6225667
2.1208384,2.6953003
2.144196,2.5486648
2.1928067,2.5688353
2.182834,2.6499264
2.2061026,2.6463187
2.4604838,2.6488376
2.4554698,2.5799904
2.459092,2.6692986
2.2250347,2.6158745
2.342059,2.6062067
2.2029812,2.561712
2.1206386,2.638586
2.4865935,2.503746
2.1929038,2.5377858
2.126782,2.5316236
2.3457382,2.5726902
2.1800344,2.6324995
2.20595,2.5569897
2.2650404,2.554705
2.4174306,2.6945987
2.1896417,2.5056584
2.2118988,2.6101563
2.1735976,2.6106002
2.3687398,2.6286495
2.294779,2.5649903
2.3588655,2.6783376
2.2705553,2.5281818
2.1332636,2.5441267
2.1165679,2.6965582
2.3123674,2.6421316
2.3300815,2.5068498
2.4738948,2.6924732
2.3932369,2.6242137
2.1201417,2.5435436
2.2180445,2.6224618
2.1325579,2.5641603
2.323735,2.60616
2.2484941,2.579478
2.2404819,2.649158
2.505218,2.661327
2.3035264,2.5638475
2.1441076,2.560416
2.3810754,2.6227176
2.3187494,2.572114
2.1558208,2.538543
2.1933212,2.6425996
2.1169186,2.5575721
2.1984081,2.6170876
2.176564,2.6300318
2.2388172,2.6300318
2.1597505,2.6548507
2.2505856,2.6089802
2.4711385,2.5305085
2.105793,2.6772072
2.1520493,2.6480458
2.1767766,2.592661
2.3553286,2.589375
2.4624033,2.5833457
2.2517095,2.6227863
2.2358122,2.6627436
2.3008854,2.547106
2.2161868,2.6310682
2.1521308,2.5423305
2.1704383,2.5081906
2.3495624,2.5172248
2.2145333,2.655511
2.1629856,2.6641445
2.20542,2.5097117
2.2765517,2.5099673
2.1772792,2.6907918
2.2862446,2.6726856
2.141025,2.5979338
2.1272454,2.5880156
2.259082,2.5010183
2.4076324,2.6431146
2.3107488,2.6823447
2.235627,2.6923537
2.2032986,2.6686654
2.2201123,2.5501323
2.1876533,2.6301951
2.1929371,2.5374138
2.486113,2.5872655
2.1983783,2.520426
2.1127288,2.5157647
2.2085571,2.5969064
2.2328188,2.6579144
2.1320484,2.5936933
2.1105042,2.6583223
2.3884037,2.505997
2.259533,2.680621
2.1842983,2.5274038
2.1441123,2.5815742
2.195833,2.6139276
2.2509968,2.5507765
2.2763097,2.541198
2.3532155,2.5178792
2.13117,2.6542978
2.1000936,2.690396
2.2353704,2.5119982
2.1200764,2.628249
2.1687357,2.5670247
2.50054,2.667627
2.1954231,2.5265067
2.3076916,2.5725956
2.1055782,2.5863671
2.1304257,2.5170555
2.1373305,2.5428903
2.1309938,2.6866903
2.2200942,2.6563432
2.2263339,2.657677
2.384673,2.5988178
2.1090412,2.6717563
2.12114,2.6028094
2.1113198,2.5505443
2.1967766,2.5490758
2.3404326,2.5268934
2.1310143,2.6063607
2.423545,2.5945485
2.123799,2.5201674
2.3437378,2.6720324
2.1014884,2.6795998
2.4501681,2.5358765
2.3678346,2.6871674
2.2483273,2.6447148
2.256498,2.6608288
2.102014,2.6876705
2.1693447,2.5788195
2.1516085,2.6293075
2.218789,2.646117
2.188446,2.6972551
2.2051442,2.633534
2.2392614,2.5793746
2.2459302,2.6100492
2.2251482,2.6071944
2.1375608,2.5079644
2.1795206,2.5584996
2.2342787,2.6199155
2.332008,2.5631788
2.1210515,2.5590088
2.105288,2.5066898
2.1660106,2.6673872
2.3581471,2.5457623
2.1355817,2.5753896
2.1327636,2.55373
2.2444973,2.5767393
2.2457418,2.5796056
2.1142356,2.5457757
2.2145047,2.5107405
2.2300801,2.640421
2.1943028,2.5227857
2.253087,2.5891905
2.3827567,2.6871312
2.2429912,2.64951
2.3058114,2.6059136
2.1771743,2.6079392
2.3466647,2.5276923
2.1392765,2.5449913
2.3084497,2.5531495
2.3304737,2.504351
2.4096384,2.6856494
2.5135512,2.5629349
2.258726,2.5997252
2.1862009,2.6446273
2.1220384,2.6535017
2.1909602,2.5569036
2.18199,2.5855482
2.2515278,2.6894665
2.4700005,2.550132
2.2820563,2.6005423
2.2752569,2.6384404
2.2795746,2.674139
2.1825092,2.551731
2.1218402,2.5264099
2.1313465,2.5092247
2.211939,2.5236638
2.1136613,2.6090252
2.2119284,2.5623856
2.2253892,2.594871
2.5203233,2.5352778
2.170553,2.5582194
2.151786,2.6690624
2.2935476,2.6032686
2.132654,2.5352733
2.4514036,2.69436
2.3181047,2.5905828
2.3436956,2.6315765
2.1024227,2.5578864
2.165083,2.6650412
2.1415515,2.575796
2.2864141,2.6375086
2.1637905,2.698492
2.1408942,2.6779869
2.1199918,2.52867
2.2061188,2.6011977
2.4029918,2.5722783
2.1681924,2.5999584
2.1227324,2.6908643
2.2695186,2.5644934
2.1451516,2.5965836
2.1190138,2.6995182
2.1714208,2.5636537
2.3577695,2.5462637
2.225265,2.5300481
2.4081953,2.5293581
2.4509814,2.6439018
2.1554046,2.5446038
2.1483102,2.6117966
2.144815,2.5099363
2.1629,2.618687
2.1586924,2.5153935
2.1316605,2.6515684
2.183463,2.6171157
2.2644906,2.6072176
2.301709,2.5528033
2.4318871,2.5035777
2.207799,2.5841308
2.1017773,2.5345333
2.1250484,2.5290413
2.4447603,2.5863
2.2676003,2.666021
2.2016113,2.5265405
2.2699158,2.6436415
2.469991,2.6643822
2.178362,2.6834702
2.405032,2.5140874
2.1693363,2.548031
2.1931136,2.5555103
2.1176822,2.627469
2.247644,2.6699195
2.415932,2.616857
2.512572,2.5439978
2.2223403,2.5398242
2.1936603,2.5387187
2.5220218,2.6208081
2.1100307,2.6673625
2.1736212,2.5846503
2.1929772,2.6091783
2.121992,2.5982878
2.3617976,2.681267
2.2731545,2.5991838
2.130297,2.5144963
2.125196,2.5640452
2.2057705,2.6280904
2.210324,2.6611764
2.3850555,2.507074
2.2579265,2.697812
2.1053762,2.627801
2.3516932,2.6038847
2.3632407,2.6176143
2.4306383,2.5587952
2.1839428,2.5725918
2.4556575,2.6118958
2.1595526,2.5813305
2.1014395,2.6163862
2.192147,2.6711028
2.307347,2.542926
2.1105478,2.5952141
2.1616428,2.6552284
2.3481894,2.570948
2.425545,2.6337821
2.3480213,2.5495653
2.3739915,2.587976
2.1105235,2.5644383
2.2063956,2.5279698
2.5214467,2.5407517
2.4862745,2.5903583
2.128858,2.6302092
2.2377963,2.6583028
2.1726856,2.5149555
2.1703897,2.5937881
2.1174917,2.5829809
2.1296494,2.6625369
2.1082342,2.5663235
2.1123157,2.5853667
2.1222126,2.5946171
2.1009023,2.6824577
2.1957276,2.5999582
2.1326456,2.5003707
2.1508207,2.6290698
2.2801857,2.5003915
2.2969673,2.6620824
2.225261,2.559556
2.3556578,2.5253334
2.1018505,2.5152795
2.4044158,2.6122973
2.3818922,2.519708
2.1531973,2.5393734
2.2353213,2.5717869
2.227362,2.5898776
2.180636,2.5609026
2.1642635,2.5900712
2.1673791,2.5233865
2.2125273,2.666402
2.1208107,2.6509604
2.3360653,2.5089214
2.1896532,2.5730937
2.306947,2.6837912
2.3171527,2.5195472
2.1810064,2.591342
2.237763,2.5993953
2.2022557,2.5706823
2.1300244,2.6175492
2.1052275,2.6594622
2.3391325,2.590935
2.1173027,2.5943167
2.1519096,2.5224102
2.1406128,2.686702
2.429504,2.6801178
2.208534,2.6622672
2.190686,2.6095076
2.4205859,2.5180292
2.1613674,2.6611814
2.1107874,2.5369473
2.248295,2.5484347
2.1194367,2.599024
2.3800495,2.5851786
2.326757,2.5821903
2.2768464,2.5629113
2.1989071,2.6835825
2.4751294,2.524215
2.2458642,2.676454
2.1032982,2.5855603
2.1165333,2.557336
2.4538229,2.6104226
2.242872,2.6554606
2.1074338,2.5829983
2.1084704,2.5936553
2.2259634,2.5251153
2.1665514,2.5588622
2.2266119,2.5964894
2.132294,2.6363037
2.1294909,2.6363363
2.206315,2.5066772
2.3603199,2.6000767
2.3791542,2.5315092
2.1238425,2.5499659
2.4537764,2.5298753
2.4134452,2.6906114
2.3968296,2.6747825
2.2101765,2.5918846
2.3130858,2.6330833
2.1528661,2.675062
2.2664683,2.6104362
2.521023,2.6434693
2.2535846,2.5879323
2.3513567,2.584214
2.5360832,2.6300218
2.4297535,2.6517751
2.1943018,2.6598017
2.225128,2.569796
2.2045543,2.6199014
2.159863,2.584843
2.1292396,2.6501
2.114598,2.538447
2.2752104,2.6162813
2.214834,2.5709589
2.1978927,2.542369
2.1569538,2.6500256
2.1966588,2.5384862
2.1033154,2.6014085
2.101601,2.58254
2.341561,2.6155868
2.108149,2.5477142
2.194532,2.5896924
2.1267147,2.5322297
2.1162932,2.503568
2.225733,2.5063014
2.124446,2.649196
2.4125528,2.6789987
2.498834,2.6401145
2.1422076,2.6978564
2.3592653,2.6908128
2.1397824,2.6347063
2.2119353,2.674766
2.1035738,2.5208368
2.1105556,2.5334082
2.2336137,2.5968254
2.2559319,2.5521057
2.385985,2.5941646
2.1694784,2.5410547
2.1858847,2.5310013
2.4327354,2.557395
2.2889845,2.528669
2.1186495,2.6809237
2.174514,2.649734
2.141838,2.52774
2.138065,2.6218355
2.1885126,2.69654
2.1032255,2.5106163
2.1533287,2.6132665
2.3589852,2.5524483
2.3908288,2.6993268
2.4510105,2.6004376
2.1369216,2.6226292
2.1142914,2.6440096
2.3065665,2.6027083
2.2150216,2.6251752
2.108412,2.511189
2.136169,2.5596564
2.4038923,2.6175559
2.5476487,2.6864612
2.122768,2.631965
2.1622357,2.6302862
2.101127,2.672107
2.4328315,2.6885219
2.1686883,2.502331
2.1299174,2.6641
2.3004284,2.6112516
2.1946669,2.572581
2.104248,2.6525853
2.4776583,2.6111357
2.1253245,2.6313026
2.325619,2.6090631
2.1331787,2.6434298
2.1149035,2.6578577
2.1174285,2.538287
2.1678782,2.6589124
2.1532164,2.5082703
2.3216324,2.690115
2.178007,2.544879
2.1059206,2.5302467
2.1395206,2.6429098
2.2457123,2.5924017
2.440164,2.6602678
2.1235023,2.6033802
2.10578,2.6898327
2.1088433,2.536639
2.2131371,2.6240456
2.149602,2.6088085
2.1584156,2.5234761
2.3308063,2.5981224
2.4356728,2.5278354
2.2072043,2.6069233
2.2940826,2.6514277
2.1110597,2.5556467
2.2522268,2.629722
2.2184005,2.5541217
2.309895,2.594084
2.139229,2.6800158
2.2079391,2.5501807
2.2173445,2.6180174
2.4208493,2.6393735
2.114206,2.642034
2.2422564,2.6809587
2.494354,2.5384152
2.33556,2.5088694
2.3433635,2.6037366
2.327328,2.5421393
2.199388,2.5562103
2.2705073,2.5174828
2.2481287,2.509121
2.3015282,2.5882962
2.1626017,2.6815138
2.201254,2.5852282
2.1073852,2.666375
2.1711228,2.6121528
2.355929,2.637861
2.2571356,2.5354953
2.166935,2.6098402
2.3338082,2.5331197
2.1642954,2.602963
2.1484303,2.641296
2.2743337,2.5795765
2.1576514,2.603741
2.100415,2.5172932
2.3789377,2.5625262
2.1127229,2.5515842
2.3783476,2.6681097
2.285471,2.5897744
2.3719747,2.6043804
2.1460588,2.6226444
2.4034762,2.588636
2.4980397,2.6579866
2.1133034,2.671146
2.3403764,2.6968234
2.173959,2.6854148
2.115921,2.6993093
2.1439848,2.6963654
2.2404735,2.56612
2.257624,2.6066382
2.264743,2.6975389
2.1615596,2.690076
2.1925335,2.62686
2.2116022,2.589946
2.2565846,2.6462839
2.1809454,2.540544
2.35967,2.681584
2.1519926,2.650313
2.1161695,2.5034952
2.1242578,2.6358886
2.1772254,2.526458
2.1619055,2.6124103
2.4541144,2.635149
2.1488733,2.5088146
2.3246593,2.6083624
2.247668,2.524577
2.3142865,2.5575893
2.302505,2.5433414
2.1893725,2.5396132
2.2266002,2.6989925
2.1970255,2.5960507
2.113302,2.6839104
2.181583,2.6275113
2.2036784,2.6834555
2.1471531,2.6728318
2.2389905,2.5240097
2.1708457,2.5049727
2.3528926,2.566964
2.436714,2.5272021
2.3904963,2.5615056
2.5101519,2.5022097
2.224981,2.6290145
2.4525058,2.6548328
2.2384248,2.6854544
2.437069,2.664015
2.1220286,2.661149
2.3743074,2.5411193
2.1944702,2.5897117
2.1991372,2.56805
2.3224585,2.6377237
2.155456,2.503572
2.4270158,2.6272552
2.523203,2.6288855
2.3058033,2.5354457
2.3889217,2.5920591
2.1372776,2.5909026
2.335569,2.5245452
2.1419976,2.5466647
2.1647496,2.5819669
2.1477325,2.6770766
2.151652,2.5774295
2.2953491,2.5505104
2.5152636,2.642461
2.1088777,2.5635054
2.1465702,2.5865097
2.3204834,2.5570822
2.1634169,2.5468152
2.1978106,2.507512
2.4945803,2.5139155
2.380612,2.5692348
2.1661336,2.517022
2.4425836,2.5047555
2.199241,2.6336362
2.245362,2.6239738
2.2060165,2.5367522
2.4015005,2.660515
2.510269,2.5501287
2.4174125,2.539266
2.1918173,2.618156
2.1854002,2.5186403
2.2846282,2.6221128
2.1768227,2.6527069
2.1618888,2.5864866
2.1158953,2.6251945
2.1771162,2.5623004
2.2848232,2.540539
2.288258,2.677542
2.1936426,2.52527
2.1991,2.629028
2.1566248,2.626454
2.4366148,2.6067045
2.2554567,2.6712728
2.1476629,2.5258253
2.267196,2.6096487
2.3746212,2.5944254
2.5351586,2.5657127
2.2084532,2.5797858
2.2241056,2.6405857
2.155297,2.5930367
2.2121212,2.6052144
2.4021285,2.5067198
2.1680925,2.508524
2.1539404,2.5074966
2.3384254,2.53342
2.1180222,2.6082814
2.3349717,2.6300278
2.1210701,2.6208806
2.2374785,2.5045638
2.198976,2.6606448
2.4214158,2.5402014
2.5424714,2.5532255
2.1509044,2.6384637
2.1258857,2.6689503
2.2493074,2.632802
2.3246608,2.5077107
2.2904794,2.6230583
2.3150382,2.5443738
2.2107863,2.624001
2.2177994,2.5322595
2.4126873,2.542497
2.1045246,2.656907
2.1105044,2.5457652
2.1106246,2.5032196
2.1369672,2.641548
2.319088,2.6484025
2.2208407,2.5682988
2.1494293,2.527773
2.1430423,2.5946872
2.2353163,2.6825914
2.175565,2.699943
2.2888129,2.550994
2.124891,2.5589502
2.207301,2.553191
2.1252115,2.6182783
2.276012,2.6092951
2.3014274,2.5567229
2.1779556,2.5515773
2.1676857,2.5777268
2.1458027,2.6230755
2.4621134,2.6292095
2.5138736,2.6317177
2.3397942,2.6399028
2.2024112,2.5428836
2.100775,2.6404603
2.1498663,2.624643
2.2334597,2.6929333
2.2558644,2.6578307
2.39808,2.6526427
2.3979886,2.6335824
2.2908618,2.6110985
2.2012603,2.6847005
2.1892781,2.5734022
2.5114238,2.5292017
2.189521,2.6127717
2.2359576,2.6078832
2.2588582,2.6867163
2.1031945,2.5911074
2.1855288,2.5722523
2.1051013,2.6134946
2.1381824,2.66497
2.163713,2.5800855
2.2128456,2.620502
2.3892555,2.5065422
2.104087,2.5714765
2.300913,2.6821003
2.1612825,2.6384933
2.2496326,2.5811987
2.3744993,2.5953407
2.1638834,2.5621622
2.2062454,2.5050545
2.163252,2.5706
2.497767,2.5939536
2.359593,2.588794
2.2545128,2.5667562
2.2051013,2.6811936
2.1698844,2.5060658
2.5208228,2.6941729
2.1344728,2.5092251
2.343805,2.6123154
2.2885084,2.6701612
2.1036103,2.5220776
2.1897142,2.6614354
2.4965396,2.568772
2.3396943,2.6808314
2.270827,2.5432053
2.1087656,2.6064484
2.17516,2.6464946
2.523658,2.535929
2.330259,2.6717107
2.1660604,2.627353
2.1385708,2.6242692
2.183117,2.5958514
2.1786165,2.5068328
2.3377817,2.5483544
2.1011586,2.5826945
2.1607914,2.565549
2.5111053,2.6135325
2.1549692,2.5698676
2.1455262,2.5603518
2.133371,2.645872
2.1648543,2.5080094
2.2984457,2.5692265
2.1237776,2.5393853
2.23354,2.6477916
2.1364188,2.668611
2.1343925,2.551756
2.1248386,2.5505176
2.1905568,2.688355
2.1368444,2.5700247
2.1472185,2.5772839
2.1671312,2.5585651
2.369542,2.6651478
2.16324,2.6439219
2.5461967,2.5985775
2.1348748,2.6057909
2.150078,2.5553176
2.2686067,2.6817818
2.2063956,2.527919
2.3489594,2.5938451
2.2881434,2.651739
2.2265081,2.5871687
2.3668919,2.5016665
2.1170852,2.6345837
2.5058289,2.5557246
2.1092682,2.635463
2.272383,2.6563256
2.1449065,2.6256905
2.104828,2.5350761
2.1757693,2.5384412
2.2864642,2.6405494
2.1807158,2.5551558
2.1817188,2.5586317
2.2523422,2.6807997
2.1880429,2.6321466
2.2750635,2.5518255
2.1434908,2.6569104
2.2425725,2.5725238
2.1879497,2.675631
2.2567496,2.546922
2.1167219,2.5932581
2.1061337,2.6208515
2.3479748,2.5004613
2.4689808,2.631567
2.1422749,2.5773854
2.291133,2.6099942
2.1879382,2.5464706
2.1862862,2.686865
2.2072299,2.592262
2.1735687,2.6494553
2.2870774,2.6464276
2.164982,2.5935354
2.1764066,2.5871584
2.215339,2.6109436
2.161327,2.6159291
2.4059415,2.5186741
2.1044922,2.6991155
2.1471534,2.5368412
2.1446943,2.6439297
2.2353027,2.5341873
2.3444867,2.670389
2.2889872,2.5336504
2.4411488,2.629715
2.1874979,2.533259
2.1381607,2.574625
2.1708872,2.5689232
2.1311007,2.5424669
2.174029,2.5805883
2.100081,2.6091194
2.1474528,2.5849738
2.1919181,2.6519573
2.2845392,2.515273
2.237583,2.6029248
2.1045697,2.5858815
2.1326706,2.6102152
2.2235105,2.6668286
2.4377184,2.5261083
2.505598,2.5595586
2.121132,2.664611
2.1162856,2.5382855
2.2143292,2.5099947
2.5147104,2.532837
2.245571,2.6856372
2.3475642,2.6182384
2.135968,2.6502514
2.1009011,2.6151571
2.1587305,2.5535207
2.2370358,2.6519737
2.1161394,2.6501212
2.1307948,2.6971264
2.4152212,2.6240208
2.4992762,2.5887852
2.1654742,2.5583615
2.2647922,2.5883796
2.5014436,2.608985
2.3373117,2.5794382
2.1417956,2.6034129
2.1530604,2.6741445
2.24034,2.6593256
2.4312387,2.5918126
2.2870874,2.5839708
2.1881762,2.5392592
2.1802611,2.600445
2.1460915,2.5083857
2.2257817,2.5267906
2.1197479,2.6923864
2.1831224,2.5488238
2.1426442,2.5814595
2.1099074,2.601908
2.1926973,2.5254114
2.4797869,2.6512046
2.3150086,2.5822146
2.239859,2.581732
2.3128233,2.5994139
2.4080966,2.5849338
2.116051,2.6722763
2.1823285,2.5993624
2.2203221,2.5531838
2.2562122,2.584278
2.2008018,2.5185716
2.5383594,2.5657778
2.298881,2.5235972
2.1518912,2.6218498
2.532584,2.5829897
2.386462,2.6593807
2.1470323,2.5192752
2.3891842,2.6298203
2.4494455,2.5025496
2.3632514,2.519583
2.2013638,2.6732013
2.1123583,2.6808138
2.4020052,2.5045328
2.378442,2.6347384
2.1345131,2.6132798
2.1569214,2.5007305
2.2716258,2.5613904
2.1760736,2.5247624
2.302878,2.5303576
2.222198,2.6474242
2.315695,2.6767888
2.3998456,2.5955653
2.1807437,2.670102
2.1939075,2.5575678
2.1348407,2.632291
2.1101596,2.5798204
2.313206,2.6703255
2.3015184,2.6333792
2.1365383,2.600209
2.430161,2.667938
2.1369383,2.6804652
2.1091504,2.598267
2.374702,2.5267127
2.139229,2.689502
2.3211253,2.556221
2.1101923,2.6798027
2.205297,2.547991
2.2206845,2.6001742
2.1621451,2.6413817
2.2217495,2.6032462
2.2097924,2.552072
2.3189964,2.5098855
2.1751366,2.6019776
2.204887,2.6247087
2.15702,2.5291815
2.1971223,2.6440568
2.15217,2.680867
2.205279,2.6052952
2.127439,2.6181784
2.1618633,2.5271556
2.2714326,2.506517
2.4184792,2.516311
2.105497,2.6939445
2.4317975,2.5386317
2.1718028,2.6771095
2.2526932,2.5185041
2.1587954,2.5188208
2.354145,2.5173585
2.1291552,2.6957097
2.1409504,2.6519666
2.3556678,2.6614172
2.1045504,2.6196933
2.1539214,2.6446097
2.3118172,2.6693442
2.124202,2.6446204
2.1668742,2.5442262
2.1129885,2.602799
2.232469,2.6784015
2.1164167,2.5784023
2.2087724,2.543854
2.1778595,2.677396
2.2240686,2.6819997
2.4894533,2.5597203
2.1971588,2.5666547
2.1651926,2.616139
2.167186,2.5579379
2.1642442,2.6541252
2.220871,2.5018425
2.1478286,2.5309381
2.1678565,2.6896975
2.1822326,2.5495954
2.3639064,2.6962228
2.1692648,2.5458512
2.149062,2.538685
2.1392612,2.522733
2.3980513,2.514436
2.1501293,2.5703897
2.1364534,2.5758865
2.3488953,2.6007576
2.1108098,2.5810153
2.1728873,2.5542352
2.3845177,2.5903282
2.197986,2.52318
2.5033886,2.5753639
2.1192896,2.5176396
2.5415795,2.5251496
2.2211652,2.6403995
2.1591213,2.6833417
2.1102135,2.5107672
2.3397608,2.5042357
2.1197293,2.5594802
2.1910906,2.5692189
2.1294024,2.559382
2.1372168,2.5039392
2.5231264,2.5651996
2.1365504,2.6540828
2.1325924,2.5199633
2.4517882,2.5663812
2.3277779,2.6825948
2.3442683,2.576262
2.254487,2.6510828
2.4567254,2.54936
2.2125914,2.5636373
2.178401,2.5392077
2.2580497,2.540897
2.474928,2.5310206
2.4283233,2.6684988
2.2510128,2.6679714
2.116155,2.5468097
2.269994,2.6417868
2.2841399,2.5977223
2.1247745,2.532315
2.298163,2.629107
2.171371,2.5048273
2.3985147,2.5905352
2.1865492,2.5588963
2.2104826,2.5896578
2.1761637,2.5628114
2.4756439,2.6716983
2.1219919,2.631478
2.320502,2.59557
2.1237884,2.5583065
2.2003796,2.550045
2.3599672,2.5352573
2.2889676,2.5962534
2.3742867,2.5057263
2.4048975,2.63388
2.2925951,2.580888
2.3876271,2.672174
2.3580165,2.5386388
2.2055857,2.6384816
2.3391683,2.5208547
2.2583656,2.6928961
2.1007013,2.6449573
2.5368338,2.5578444
2.4394443,2.5137258
2.2240248,2.6921043
2.2883046,2.627251
2.399041,2.6848066
2.3221388,2.572817
2.252279,2.6815476
2.3548703,2.5866766
2.2425008,2.5776882
2.2904327,2.5046058
2.220059,2.5454726
2.2018719,2.6536794
2.2598135,2.6892824
2.1365812,2.5161514
2.5219164,2.6056967
2.116722,2.5931642
2.1995056,2.6814256
2.1376653,2.5397027
2.2739885,2.6077435
2.1562252,2.5386906
2.3404558,2.6004128
2.256155,2.5298274
2.1217306,2.5340347
2.2045717,2.6844282
2.3601778,2.5775588
2.1306,2.547612
2.1978064,2.5852666
2.3486888,2.6878629
2.1963844,2.5296469
2.4853206,2.6598845
2.1166263,2.578576
2.4424827,2.6138253
2.2457867,2.6697617
2.381059,2.6201472
2.211336,2.525938
2.1296525,2.506168
2.117153,2.555581
2.4714062,2.6080244
2.2047565,2.646092
2.290052,2.5276651
2.4425776,2.5497057
2.410053,2.5417027
2.1087072,2.5136151
2.2250342,2.6627593
2.2620337,2.5344994
2.3242679,2.6001017
2.1528893,2.583896
2.3813386,2.6902895
2.1282918,2.6459806
2.110431,2.6644394
2.1284292,2.6937385
2.3731134,2.5931299
2.111573,2.51752
2.2833169,2.5171585
2.1513808,2.5429485
2.2100658,2.524887
2.276349,2.6793323
2.1833067,2.6038651
2.209051,2.608643
2.3832116,2.6806664
2.4246044,2.629016
2.126156,2.6587903
2.3007903,2.548631
2.4410203,2.570126
2.2480254,2.5154088
2.1796372,2.5522625
2.3573978,2.5801659
2.1408653,2.5518825
2.1462862,2.6749902
2.3129723,2.6587346
2.3070862,2.5155854
2.105833,2.5487251
2.1653092,2.527304
2.190572,2.5783818
2.1932793,2.567235
2.1784613,2.603473
2.4001453,2.543112
2.338772,2.698762
2.3883083,2.6742585
2.252869,2.651996
2.1866145,2.6852822
2.200605,2.6564658
2.1125712,2.6120737
2.3779104,2.5314205
2.3470132,2.5073845
2.2174602,2.6440067
2.2988455,2.6653981
2.1668432,2.5081072
2.1083176,2.5469956
2.267339,2.5386589
2.1409175,2.6517403
2.4292476,2.6968408
2.394592,2.5138214
2.4314964,2.539483
2.5455232,2.6424868
2.524608,2.664351
2.2195313,2.5135036
2.200624,2.6551197
2.4105012,2.6470315
2.4037185,2.6978035
2.2715738,2.5679526
2.1127863,2.5190444
2.29644,2.597044
2.106366,2.6583707
2.151748,2.6345809
2.143104,2.5171824
2.3867416,2.698987
2.2721517,2.553549
2.1622493,2.5490746
2.4519866,2.6187088
2.4432998,2.5346818
2.104855,2.5961745
2.3140976,2.611275
2.2750523,2.5018911
2.1940339,2.684823
2.2567673,2.5680535
2.1507287,2.686384
2.32839,2.5314674
2.1082964,2.6149244
2.3187943,2.6303508
2.394684,2.6045375
2.130106,2.6217172
2.106276,2.6462333
2.3421664,2.56384
2.1252613,2.502203
2.242315,2.670157
2.1174574,2.6128767
2.13649,2.6784344
2.2948394,2.5922651
2.1882699,2.6563122
2.131752,2.681552
2.1416724,2.521216
2.1227708,2.6346283
2.4954119,2.5545795
2.1565125,2.5408034
2.1000297,2.599204
2.1302595,2.5419893
2.3739042,2.5846913
2.3446498,2.6837776
2.4107997,2.5348608
2.1952577,2.610642
2.198575,2.658676
2.256116,2.5293033
2.1085658,2.6606247
2.2551816,2.566837
2.236908,2.6119697
2.444707,2.5230765
2.325152,2.515427
2.148025,2.6260026
2.1654537,2.6444986
2.1264205,2.6160579
2.4404705,2.5790625
2.2625782,2.578537
2.1968827,2.6133618
2.444581,2.6962137
2.1684592,2.573068
2.129145,2.6273496
2.107261,2.5950665
2.220399,2.6342497
2.370068,2.6004028
2.3634696,2.63738
2.1382878,2.5070171
2.2930992,2.555894
2.2754228,2.6378376
2.3714778,2.65225
2.189056,2.6778138
2.159331,2.592733
2.3243945,2.671334
2.4797635,2.513532
2.1557636,2.5556345
2.1826324,2.6451662
2.3574307,2.6269116
2.3233438,2.5697653
2.1733165,2.566601
2.2237158,2.6726081
2.1766407,2.5144117
2.2251678,2.5482335
2.1034102,2.5241663
2.1473825,2.5301728
2.20038,2.6182935
2.448091,2.5292842
2.2997386,2.6331453
2.5364668,2.5634897
2.4379983,2.58003
2.3675175,2.5325665
2.1754532,2.563945
2.2294202,2.5865934
2.167543,2.6462708
2.370921,2.502848
2.2231174,2.5082703
2.2175603,2.5312898
2.1498024,2.6051543
2.3052967,2.6431267
2.1672432,2.6062462
2.1272922,2.592999
2.148477,2.531748
2.437884,2.5732396
2.2117074,2.6214619
2.125068,2.5132957
2.4028826,2.540636
2.102988,2.5708048
2.4213672,2.5540202
2.2269323,2.6867995
2.1694508,2.572439
2.1030087,2.5370972
2.3223789,2.6278038
2.5398753,2.517142
2.5268083,2.592987
2.1996396,2.6236534
2.1699233,2.528482
2.1023643,2.6031451
2.3776152,2.6135564
2.2137322,2.6280704
2.4840322,2.6429741
2.4122512,2.5579991
2.353647,2.6360803
2.281396,2.6040502
2.1711442,2.5119214
2.196252,2.6329
2.1202195,2.6363664
2.1498678,2.5196195
2.321034,2.506977
2.1963274,2.5447578
2.1977863,2.5657425
2.3894184,2.52018
2.2675035,2.660912
2.1039035,2.5219514
2.3061483,2.634276
2.30792,2.5127783
2.2439396,2.5199456
2.1824179,2.5528522
2.2889934,2.674586
2.1382957,2.5236144
2.1180446,2.606102
2.1227822,2.5191007
2.230497,2.6984031
2.4356868,2.6205668
2.34647,2.6199048
2.170882,2.5878448
2.2509766,2.6314564
2.2248747,2.6258898
2.4650104,2.6323986
2.1985457,2.5291684
2.1071632,2.5891232
2.3434553,2.5525475
2.3621178,2.585751
2.3424604,2.5603013
2.1506722,2.6738372
2.1735358,2.6502037
2.2098606,2.62438
2.4745874,2.6839807
2.3017998,2.6775522
2.1015651,2.696602
2.2079408,2.6687982
2.186832,2.6503086
2.1775696,2.5116687
2.1043787,2.5153766
2.3683255,2.5418997
2.1035588,2.691689
2.367665,2.5440383
2.156491,2.661268
2.2206538,2.6623528
2.416091,2.5551903
2.3092668,2.5422854
2.1909585,2.5188751
2.1278222,2.654969
2.104623,2.6898963
2.3259614,2.5910394
2.1792064,2.579059
2.5409472,2.5697594
2.3606122,2.64231
2.1423154,2.6236596
2.4761932,2.6247754
2.124888,2.542269
2.427122,2.5467715
2.1757777,2.554562
2.1229322,2.5251544
2.3244867,2.5112672
2.4260755,2.653068
2.2920382,2.5137403
2.274829,2.514677
2.2550485,2.6151526
2.1655538,2.5575998
2.1039932,2.5959637
2.1200547,2.5840986
2.112098,2.5883079
2.2440703,2.5488698
2.11229,2.5286334
2.1034944,2.5908895
2.5100985,2.6801631
2.1284647,2.6259422
2.1932397,2.5521147
2.3593986,2.5592513
2.115854,2.6674888
2.3687198,2.5205913
2.3284314,2.6069984
2.4493659,2.6027517
2.352365,2.5121264
2.1559358,2.5081856
2.162931,2.5796142
2.130519,2.5607615
2.1850026,2.546904
2.2877984,2.624883
2.5085945,2.6198194
2.1708138,2.6335928
2.1721656,2.6622806
2.4076855,2.6298597
2.2584038,2.6366289
2.1588912,2.6749668
2.1283932,2.5107317
2.1661892,2.5653365
2.3615646,2.676466
2.3021357,2.6048634
2.2489946,2.654242
2.278951,2.5927355
2.388414,2.5504532
2.1260798,2.5852065
2.285975,2.6105602
2.100835,2.6594534
2.1757174,2.571166
2.196083,2.650484
2.4108565,2.5346544
2.1513586,2.5251594
2.5132806,2.5955145
2.1401277,2.504864
2.107419,2.6676152
2.1934435,2.547418
2.1242635,2.5115185
2.171509,2.6961305
2.1413107,2.67097
2.3309045,2.671619
2.161639,2.6477122
2.1263916,2.6534863
2.1601741,2.5012624
2.4462693,2.605121
2.4856775,2.634953
2.513449,2.632461
2.3937168,2.6511981
2.2532053,2.5702794
2.3112495,2.5702794
2.1048954,2.6140788
2.436454,2.5197031
2.2458587,2.5865085
2.2830849,2.563832
2.2581105,2.5993733
2.104511,2.5483365
2.1866786,2.6161847
2.171564,2.6207657
2.18045,2.5137668
2.1306992,2.6654098
2.1066754,2.5031216
2.1902025,2.6639416
2.1138518,2.6905322
2.2221868,2.5194879
2.3769956,2.584793
2.2201748,2.5971942
2.2361948,2.5431144
2.1216671,2.5861728
2.1896973,2.662207
2.235207,2.5094638
2.113794,2.6082027
2.1693032,2.69409
2.2322545,2.6780846
2.2326367,2.6574154
2.2381172,2.5554903
2.286113,2.5065827
2.168945,2.6857936
2.163312,2.660664
2.2232778,2.6813366
2.110963,2.6212482
2.2371354,2.5805652
2.125501,2.5192049
2.204292,2.5744286
2.111404,2.5041714
2.303174,2.583647
2.2858803,2.5926356
2.3033948,2.6065285
2.1840959,2.6613584
2.2213259,2.6038952
2.5153115,2.636327
2.1651285,2.5785701
2.2666461,2.5139832
2.2016172,2.5657797
2.5008433,2.5998096
2.1312685,2.6105516
2.105058,2.5192041
2.1415906,2.5679455
2.330379,2.5031788
2.3877559,2.6651127
2.4016416,2.5371954
2.2042098,2.5508533
2.145128,2.5312455
2.1204255,2.5507252
2.2558966,2.6961439
2.2115836,2.5358663
2.3323522,2.5474463
2.1695855,2.653309
2.1056466,2.595984
2.1237247,2.6716876
2.139695,2.5076127
2.213663,2.5407434
2.2640212,2.6747613
2.274927,2.569291
2.501149,2.552273
2.2534077,2.5360827
2.2588708,2.5301454
2.2619777,2.6266978
2.286236,2.5194829
2.5015233,2.696996
2.315904,2.6310081
2.1194756,2.5018399
2.5287976,2.5485272
2.2503219,2.6955655
2.3247323,2.6239338
2.1383445,2.527397
2.4832098,2.6275446
2.2405837,2.5254166
2.2670445,2.5514402
2.2729878,2.5544562
2.2430818,2.5331948
2.173452,2.6298342
2.1577933,2.6846962
2.42868,2.611341
2.1606429,2.503111
2.364257,2.6322672
2.1592994,2.5678687
2.3272824,2.585545
2.146641,2.576201
2.2721684,2.523446
2.1592574,2.6263003
2.108817,2.683128
2.4283535,2.6623127
2.5412407,2.5667377
2.2373157,2.5070095
2.1735356,2.647108
2.1016998,2.5711417
2.2911603,2.5188477
2.3591936,2.5516937
2.2458289,2.6020694
2.1496823,2.6249409
2.4273548,2.5177732
2.3316357,2.5945601
2.1527479,2.5039392
2.5454066,2.5527663
2.15343,2.612299
2.4994493,2.5412207
2.1972992,2.5486786
2.2230334,2.6849747
2.4897835,2.6003125
2.1047423,2.5323658
2.1378815,2.599971
2.1130157,2.6327167
2.2562704,2.679295
2.1041615,2.6489134
2.1809096,2.5308776
2.2069752,2.5431545
2.3937728,2.6832268
2.4805386,2.5215514
2.1772928,2.6969929
2.1302276,2.5013807
2.1110613,2.6715994
2.4755006,2.5717335
2.1742682,2.6993341
2.174552,2.516096
2.230298,2.5631137
2.1194112,2.598758
2.3838038,2.5806966
2.527828,2.5742373
2.1445086,2.64841
2.4286437,2.538543
2.1890082,2.6300528
2.1606746,2.6866899
2.1037743,2.53683
2.1311035,2.6790493
2.3366733,2.5077746
2.1635566,2.5463896
2.2238033,2.5790708
2.2241924,2.520372
2.1128929,2.6315093
2.417779,2.6450856
2.2880127,2.6476362
2.2582335,2.5923278
2.1213078,2.6784809
2.1423657,2.6880217
2.1191158,2.5601432
2.1136272,2.5432253
2.2892747,2.6602652
2.1286733,2.6337285
2.2719524,2.562568
2.1244447,2.6271057
2.318982,2.5121095
2.4499357,2.5255396
2.496412,2.5540338
2.4180346,2.6010036
2.2188213,2.5082717
2.1501176,2.63974
2.3465645,2.683105
2.2345965,2.5282238
2.3321712,2.5148947
2.3602715,2.6314447
2.2164884,2.506288
2.2893245,2.6026225
2.2299743,2.552965
2.1335661,2.5039685
2.2027514,2.5352027
2.206228,2.589326
2.1808698,2.5315638
2.2222683,2.527364
2.3721526,2.5694075
2.2974498,2.6830323
2.1116354,2.6137817
2.5065074,2.5694404
2.3516428,2.5338066
2.1884055,2.684579
2.324815,2.579999
2.3058693,2.5765738
2.1666765,2.6906092
2.2157545,2.5196054
2.152616,2.66471
2.1594303,2.5506861
2.3365316,2.5672944
2.1329207,2.6030655
2.115716,2.6826239
2.1057596,2.6070764
2.1868541,2.611646
2.2625806,2.6952443
2.2233543,2.6661875
2.1273892,2.6771047
2.4264414,2.6046903
2.4862423,2.5266883
2.5389547,2.6734083
2.3263369,2.5425413
2.1696599,2.6303885
2.2567782,2.6244597
2.2027774,2.5895648
2.197347,2.5679781
2.1147676,2.5851717
2.1551814,2.5204175
2.161955,2.5361042
2.3005314,2.5368645
2.1365063,2.5351923
2.1347423,2.618829
2.3782887,2.526476
2.1986787,2.5784113
2.2541904,2.5569913
2.459633,2.6204815
2.3255763,2.6317658
2.2048666,2.5850227
2.3338103,2.6764154
2.3711073,2.6160662
2.2144816,2.512594
2.2363667,2.5231063
2.3864715,2.5934825
2.149372,2.5727704
2.221812,2.5868602
2.4972646,2.59563
2.28491,2.5380585
2.1322825,2.5030935
2.1336455,2.5074441
2.1659203,2.6936178
2.1913345,2.520769
2.1846561,2.6756783
2.4425912,2.5593204
2.4558632,2.6678817
2.4991043,2.6766331
2.123573,2.5180392
2.3288126,2.5868301
2.457307,2.5164642
2.429261,2.623247
2.416792,2.6770682
2.3747954,2.6617746
2.211315,2.625485
2.1011038,2.6825244
2.2127514,2.6847215
2.3609436,2.63416
2.3039212,2.5081108
2.2334197,2.541273
2.4259853,2.5982518
2.27936,2.6665251
2.120397,2.5223486
2.2036881,2.632167
2.3554213,2.6256037
2.11858,2.557169
2.3440042,2.5620134
2.2274585,2.5910337
2.127387,2.6603305
2.4003348,2.6163316
2.4660466,2.5482647
2.1974783,2.5887504
2.1267552,2.6312938
2.107408,2.6273396
2.3801994,2.6033185
2.3510883,2.5524142
2.172764,2.5129266
2.1605282,2.5490856
2.1126246,2.5837507
2.3639965,2.6451018
2.1554666,2.5939353
2.201194,2.6423442
2.323435,2.5393288
2.2994153,2.559151
2.2514622,2.5020437
2.443037,2.5107894
2.1222365,2.514704
2.22855,2.6404307
2.1706498,2.6612716
2.2295375,2.5004644
2.5223877,2.5403187
2.510956,2.5893095
2.2825744,2.5291123
2.2218523,2.510872
2.430785,2.666634
2.2309747,2.6808684
2.238701,2.6527128
2.4153745,2.6583586
2.1165423,2.6584084
2.3499084,2.5647664
2.3147867,2.651269
2.1852553,2.6725647
2.1809142,2.6098034
2.1592636,2.644253
2.4415362,2.6627867
2.125825,2.5397606
2.4644575,2.685317
2.1147506,2.601241
2.1529274,2.5167782
2.2637925,2.6380968
2.1843204,2.6159625
2.2281663,2.5860076
2.1946964,2.611306
2.2148917,2.5986516
2.512377,2.5719872
2.1319027,2.5888798
2.1542552,2.647492
2.2457142,2.671596
2.1576567,2.5540051
2.2461405,2.546571
2.3627317,2.6569345
2.1022313,2.6419685
2.1693945,2.68487
2.1428962,2.6545863
2.1714962,2.5252926
2.4471633,2.5055623
2.3450072,2.6824546
2.1690152,2.6319137
2.370091,2.6887863
2.2875848,2.645272
2.1984167,2.6945477
2.133277,2.6378307
2.5068727,2.5960538
2.3096704,2.6413453
2.2504954,2.5796688
2.234178,2.523454
2.1481183,2.519334
2.3272245,2.5152113
2.3404436,2.5348587
2.1375878,2.5719204
2.1325223,2.6031737
2.3660946,2.681984
2.1544404,2.5813699
2.1661215,2.5150676
2.123766,2.5065145
2.1609235,2.5570998
2.1236956,2.5914552
2.3121295,2.6293023
2.1458066,2.5347748
2.1357207,2.5342324
2.1942954,2.538304
2.1473398,2.5071838
2.2663035,2.533814
2.1594737,2.5433216
2.425106,2.607969
2.145058,2.6023529
2.1731846,2.6125696
2.1457896,2.5327742
2.5368762,2.5637326
2.4270039,2.6285324
2.1063995,2.532802
2.1450393,2.6438212
2.2751873,2.575636
2.5092049,2.5877898
2.3242464,2.6205325
2.1806262,2.5465627
2.1583047,2.5035014
2.100737,2.680038
2.1510262,2.5203974
2.229494,2.5840662
2.2139578,2.5040083
2.2125614,2.596012
2.2611232,2.525784
2.1859562,2.5258386
2.2347376,2.574139
2.1167727,2.6507502
2.334386,2.5558362
2.2292047,2.6154754
2.1717706,2.5111144
2.3524015,2.5890422
2.3744836,2.6835415
2.3208725,2.5503187
2.131516,2.5307136
2.3398314,2.5533488
2.2097664,2.594694
2.2415812,2.6148224
2.1433852,2.5592763
2.1275196,2.65066
2.4673564,2.577399
2.1551595,2.6585193
2.3819654,2.6743674
2.2984278,2.5741005
2.141745,2.6647608
2.368569,2.6213772
2.1346471,2.6904933
2.1469872,2.6254287
2.3474767,2.5121949
2.2114651,2.6225028
2.4674046,2.5162482
2.5266798,2.612763
2.3783476,2.549991
2.3855953,2.5397592
2.128258,2.6857746
2.3490667,2.5932872
2.4111912,2.633485
2.3862398,2.6013458
2.2891111,2.676071
2.1751647,2.6610017
2.3134513,2.5463076
2.3332431,2.5828538
2.3433096,2.581288
2.1297555,2.6753926
2.1769924,2.6044302
2.4264371,2.5424523
2.470948,2.683558
2.2678087,2.5788434
2.2242339,2.574625
2.1645162,2.5267217
2.142094,2.5361888
2.3596768,2.649721
2.2205307,2.5512033
2.173402,2.6740634
2.3785584,2.513143
2.2643328,2.5653121
2.4468503,2.6691515
2.1731102,2.516925
2.5177958,2.6682236
2.3882453,2.5815468
2.1575072,2.5548718
2.2969763,2.5906868
2.1485615,2.6529102
2.5105588,2.6576364
2.1826277,2.5822837
2.4222796,2.581815
2.5275958,2.5190725
2.2288451,2.595097
2.225224,2.6568387
2.4762414,2.5314252
2.3325906,2.5743904
2.1357565,2.6526706
2.1854405,2.6994383
2.3438253,2.550742
2.1647663,2.6036525
2.3123345,2.6542716
2.4927099,2.5430014
2.2422318,2.5761602
2.133759,2.506522
2.2507167,2.598057
2.1788564,2.6156154
2.4330013,2.6201217
2.1289744,2.5871534
2.4961185,2.6220565
2.451456,2.6396236
2.3510711,2.6492019
2.1183262,2.6393895
2.183756,2.661261
2.2380388,2.6198547
2.1455576,2.6697738
2.190479,2.6692443
2.2012835,2.530719
2.2201242,2.6406336
2.3538563,2.6395695
2.2293465,2.5518131
2.142229,2.676792
2.324042,2.523805
2.478883,2.5047593
2.1840718,2.5701716
2.1977777,2.5160787
2.4922252,2.5074983
2.254878,2.525065
2.4428,2.6793163
2.1987362,2.687829
2.2176192,2.6609259
2.3958673,2.650273
2.2964706,2.546379
2.1007347,2.6270025
2.3053699,2.6463883
2.1572428,2.674994
2.1077216,2.6891558
2.1377854,2.6377604
2.257048,2.519313
2.1327937,2.6737711
2.2141685,2.6753101
2.1694877,2.64736
2.3489702,2.575238
2.309127,2.5196939
2.4325209,2.5263808
2.4892912,2.694851
2.3285766,2.6158404
2.4960492,2.6653686
2.138119,2.6347718
2.2053006,2.6167734
2.2083309,2.5846348
2.1806364,2.5627134
2.1086025,2.5191245
2.53224,2.5733814
2.5038784,2.5129864
2.2669566,2.5032337
2.2816384,2.6635025
2.168037,2.6548219
2.4863014,2.6520905
2.2367206,2.6140487
2.331502,2.626731
2.342656,2.5642517
2.2748067,2.6650796
2.1971338,2.515205
2.366615,2.568627
2.1360886,2.672239
2.1471434,2.508739
2.1120005,2.5649414
2.2998073,2.5390835
2.1516364,2.620758
2.1323793,2.5751698
2.2364817,2.6112695
2.4083433,2.6453505
2.2513537,2.650444
2.1674278,2.5004287
2.3667147,2.5650473
2.353505,2.6043248
2.202758,2.6041424
2.2269745,2.575179
2.2491124,2.6572914
2.2156675,2.5786464
2.1817448,2.516269
2.1515117,2.5185797
2.3920565,2.6043334
2.2713015,2.667814
2.184055,2.583024
2.1643689,2.6943355
2.1244485,2.5599418
2.3029351,2.5887659
2.1905973,2.638115
2.394927,2.6575654
2.1544683,2.5422606
2.3538342,2.589001
2.1593692,2.5575085
2.1138878,2.5209823
2.156981,2.669114
2.1123397,2.557416
2.1572652,2.5010347
2.1418047,2.611137
2.2295785,2.5706193
2.104071,2.6992605
2.146759,2.6943164
2.1579726,2.692215
2.1585026,2.5800269
2.4890363,2.5209641
2.1270175,2.529256
2.2746086,2.567512
2.184338,2.500596
2.1360419,2.6603634
2.1744285,2.573552
2.2292464,2.5318332
2.2077198,2.523963
2.3481178,2.678652
2.122162,2.5964408
2.1299963,2.696981
2.1881697,2.6209474
2.128432,2.5117693
2.1789196,2.5168219
2.253947,2.6986945
2.250526,2.6498067
2.1300461,2.5479949
2.147449,2.6056128
2.3539455,2.6690345
2.1321046,2.6857285
2.2077024,2.5147052
2.1211808,2.6993337
2.2809083,2.599403
2.3753304,2.5498526
2.1112547,2.5476701
2.1624885,2.554428
2.2263417,2.5076404
2.208772,2.5360057
2.2166648,2.6385748
2.228856,2.6836746
2.297472,2.616706
2.1021655,2.5029457
2.5264797,2.5408316
2.5185502,2.643583
2.1100917,2.5519347
2.3443668,2.6328163
2.2386816,2.6968582
2.249874,2.5360453
2.104531,2.516331
2.2625182,2.5527186
2.1673975,2.53606
2.2465487,2.5163167
2.168086,2.6220026
2.2970562,2.6139965
2.1921642,2.6053133
2.2250745,2.5380108
2.171456,2.6560316
2.1587691,2.544004
2.3521066,2.5430026
2.1644132,2.5312734
2.2807398,2.5673656
2.1132596,2.6506908
2.158479,2.6069937
2.1232672,2.5568404
2.1555946,2.6937969
2.138858,2.578665
2.543598,2.5250924
2.107644,2.6186063
2.103259,2.5076108
2.1368892,2.6366596
2.162837,2.501392
2.1580796,2.584245
2.2821312,2.5765216
2.298317,2.501454
2.4778466,2.6633072
2.2053318,2.601373
2.1234953,2.5802894
2.1150448,2.6026373
2.2157996,2.5146043
2.3613713,2.588834
2.3741565,2.5530286
2.1481917,2.6748738
2.2961266,2.503359
2.2823625,2.5762088
2.2704604,2.529956
2.3789241,2.6921697
2.4231083,2.579428
2.2496316,2.6216676
2.1617734,2.6800504
2.1884809,2.5888474
2.2679386,2.601662
2.2710972,2.6520731
2.2904222,2.559983
2.3460586,2.6218283
2.1341577,2.535268
2.1437216,2.6713705
2.1677246,2.6393592
2.3131945,2.6312206
2.4163623,2.5563378
2.3344843,2.657862
2.3974886,2.6913214
2.2277186,2.6635299
2.5019877,2.5380504
2.4104269,2.6505802
2.291316,2.6847534
2.4969451,2.6513577
2.4807892,2.6132894
2.292967,2.5197499
2.111113,2.681628
2.4429214,2.5019984
2.1499405,2.5025444
2.2039135,2.670271
2.2223392,2.5137439
2.3144617,2.6439836
2.196664,2.6902611
2.140023,2.528059
2.1468658,2.5922856
2.1407855,2.5441365
2.4547112,2.5268354
2.5363023,2.5247178
2.4195414,2.5066664
2.4201586,2.609473
2.4468203,2.5937247
2.4793193,2.6734948
2.3433928,2.5156252
2.1874697,2.685044
2.158561,2.6770766
2.3683317,2.6543221
2.3290424,2.5734155
2.2284012,2.5887635
2.1036596,2.652841
2.3389115,2.61794
2.151806,2.6835608
2.15097,2.6505845
2.2207272,2.6643188
2.41627,2.6174383
2.1547277,2.6729217
2.1946929,2.5473025
2.1209183,2.5046747
2.1500914,2.6108117
2.243484,2.65883
2.185081,2.5852838
2.2429595,2.5912693
2.3843784,2.5880961
2.1696908,2.5317094
2.1659698,2.669527
2.2473593,2.673493
2.2375698,2.621098
2.185854,2.5101495
2.1515641,2.516488
2.2685857,2.5921452
2.20175,2.581223
2.1564806,2.5063684
2.2754617,2.528406
2.2487264,2.5161734
2.1349928,2.5146189
2.4774663,2.6309295
2.1437254,2.5156841
2.482888,2.669495
2.2334905,2.6801775
2.2822165,2.6576
2.161596,2.5145416
2.2006931,2.5869806
2.4068933,2.5948067
2.4046776,2.5858293
2.3976302,2.6503954
2.3289227,2.5928264
2.2075896,2.6435542
2.1670625,2.5575285
2.2756028,2.6561239
2.206977,2.5227551
2.101232,2.532479
2.1998458,2.6020956
2.3265543,2.5784848
2.290802,2.6070585
2.2702444,2.5738976
2.118884,2.6468863
2.2191632,2.643304
2.176326,2.683509
2.1995466,2.5265775
2.207352,2.5367174
2.4912624,2.5596266
2.2837236,2.5960116
2.3014348,2.555939
2.492591,2.5010953
2.3237321,2.5291207
2.255422,2.5466115
2.2614653,2.6560783
2.1249952,2.6901915
2.1245384,2.6991112
2.2931046,2.6289148
2.1730592,2.5776432
2.4239662,2.5288937
2.2839527,2.583933
2.1187565,2.6189342
2.3523622,2.5651813
2.3680475,2.630364
2.267625,2.5442352
2.328866,2.5038192
2.3326232,2.5225132
2.3287942,2.6242235
2.3078294,2.6256733
2.3418896,2.5328915
2.2051513,2.52035
2.4162962,2.5592782
2.5085044,2.6409585
2.1713686,2.6875648
2.1826503,2.6620786
2.136616,2.597807
2.1468024,2.6100185
2.2067463,2.5791
2.286669,2.5410361
2.3021872,2.6978416
2.1633766,2.638297
2.1065571,2.516373
2.1349232,2.5448549
2.108638,2.6963363
2.2387202,2.5908694
2.1664906,2.5046227
2.2292416,2.5142515
2.201832,2.6024585
2.117899,2.676105
2.2601478,2.631921
2.4177697,2.6259532
2.1410303,2.6972353
2.181468,2.5102656
2.1429465,2.6402242
2.234855,2.643935
2.2645502,2.5704458
2.1569028,2.6187565
2.213127,2.562441
2.370497,2.5413744
2.1777747,2.6343203
2.1891162,2.5307317
2.1836395,2.5588377
2.341311,2.520215
2.3960853,2.662898
2.1693347,2.542284
2.247516,2.664906
2.1971402,2.68245
2.3736129,2.6253743
2.528363,2.6374726
2.419663,2.640169
2.1359046,2.579924
2.2954583,2.6350374
2.4792337,2.6230993
2.1310496,2.6358628
2.3538067,2.5157764
2.191035,2.6463685
2.1070194,2.6705194
2.3053484,2.5222154
2.1284103,2.5110552
2.3050597,2.5498278
2.1328692,2.5298796
2.246177,2.5178146
2.209211,2.6021726
2.2048934,2.5682323
2.2999399,2.6676335
2.2099414,2.6618953
2.1051412,2.6919951
2.1321545,2.6169286
2.1071873,2.6113877
2.1125543,2.579322
2.2908604,2.5406837
2.435266,2.5309262
2.1109555,2.6974044
2.5316806,2.6007977
2.2175894,2.6026275
2.444583,2.5839274
2.339477,2.6550212
2.2848492,2.5784109
2.1204422,2.5049744
2.1669037,2.5081086
2.2777536,2.63353
2.1147914,2.5191143
2.2606754,2.64363
2.1951885,2.534382
2.179001,2.6950424
2.1315775,2.5045533
2.332802,2.554699
2.3814402,2.5257552
2.1812277,2.647281
2.4039326,2.5333087
2.1597493,2.638808
2.230863,2.632207
2.5057209,2.607596
2.1469243,2.5014944
2.412664,2.5723965
2.1783826,2.6868434
2.1820507,2.5522156
2.1319559,2.689428
2.1158912,2.5951486
2.4938743,2.5023196
2.233401,2.5210042
2.1094334,2.6565464
2.2438083,2.6540565
2.2295792,2.5735095
2.2346463,2.5445383
2.428305,2.6831632
2.4152055,2.6284668
2.2303596,2.5769598
2.2804394,2.6920414
2.195694,2.6330235
2.1515296,2.5204136
2.2709804,2.6769042
2.224809,2.547248
2.3080506,2.6080375
2.3514607,2.5730386
2.2502644,2.6313598
2.1062057,2.6098413
2.2513351,2.619923
2.237016,2.656352
2.5004792,2.5090768
2.1839585,2.6707141
2.1248813,2.6497438
2.2977023,2.5958014
2.343757,2.612828
2.1156662,2.6141918
2.1171262,2.6589122
2.2100987,2.6383197
2.1510105,2.5099854
2.412149,2.6525817
2.189838,2.5574143
2.131633,2.6333742
2.2214005,2.6406624
2.3631198,2.6543772
2.2935083,2.5762613
2.285345,2.502623
2.166229,2.6153512
2.2397661,2.54589
2.1008916,2.6082752
2.4056602,2.643052
2.5441859,2.6594496
2.2650802,2.6298466
2.2747383,2.6006644
2.2120306,2.6480997
2.2668035,2.5802138
2.4220042,2.6806364
2.15773,2.612715
2.148756,2.5231705
2.2008715,2.6604595
2.1913996,2.6898894
2.213537,2.5430872
2.1144693,2.6849132
2.1246998,2.6309733
2.3381932,2.6123433
2.3432345,2.5538347
2.2340612,2.6287642
2.1018097,2.6189187
2.1236293,2.594105
2.2765882,2.625184
2.2416184,2.6963632
2.3542767,2.6328497
2.1318505,2.581654
2.1146455,2.6548984
2.4203959,2.5348253
2.1959038,2.6256862
2.1307676,2.5701876
2.3531315,2.5986123
2.318649,2.5986123
2.531007,2.6552982
2.3912108,2.650246
2.4814525,2.648871
2.196563,2.6209123
2.1230192,2.6092277
2.4656205,2.5002856
2.146973,2.5554109
2.1184082,2.6844192
2.4055014,2.6413398
2.1173954,2.5402498
2.501036,2.5092156
2.2008271,2.5548458
2.1633255,2.6857424
2.1077704,2.6668842
2.2614143,2.5226538
2.4512722,2.5850515
2.1884196,2.5331264
2.3755207,2.6937385
2.4128113,2.5572515
2.2856553,2.5301182
2.1507843,2.618068
2.2945251,2.6464643
2.1314774,2.560099
2.1147878,2.5228393
2.3097641,2.6952577
2.4041216,2.6756122
2.4786127,2.5726895
2.2029066,2.6383066
2.4942148,2.6217449
2.257704,2.528898
2.1231866,2.6814976
2.2202492,2.508001
2.2854617,2.6067293
2.1747177,2.5053332
2.4018404,2.570731
2.1289103,2.5475178
2.4190953,2.6497128
2.3348794,2.5678139
2.2972744,2.6657772
2.5262482,2.6578746
2.2321188,2.6412964
2.2960274,2.5884495
2.1696932,2.6994245
2.2052436,2.6348088
2.1405842,2.5084057
2.3181956,2.5794337
2.3820224,2.552251
2.258437,2.542918
2.2678254,2.6409826
2.1493838,2.5727777
2.2764103,2.5178106
2.1168165,2.6622536
2.2200146,2.5269904
2.2710278,2.5010378
2.2578394,2.5752585
2.178669,2.5914037
2.343472,2.6332853
2.2743652,2.5162678
2.337956,2.590479
2.347192,2.6111915
2.232421,2.626652
2.3022842,2.5589683
2.2111964,2.5273395
2.1629336,2.653149
2.1313183,2.544047
2.3748915,2.5538082
2.2366972,2.6669989
2.204006,2.6463974
2.1128,2.537129
2.185052,2.6294448
2.1410067,2.5145094
2.172665,2.544359
2.1183083,2.53999
2.1420596,2.5131075
2.1485786,2.569945
2.180788,2.5551274
2.3587017,2.5683305
2.2989347,2.6532993
2.1449416,2.6350896
2.515255,2.566337
2.1051695,2.6065035
2.123103,2.6717234
2.106859,2.6221554
2.366985,2.6689205
2.1553047,2.6953738
2.294936,2.6661217
2.3636756,2.6269295
2.2349823,2.5705667
2.2921302,2.6090734
2.1962564,2.5293593
2.2308226,2.6199615
2.1807246,2.5225518
2.2365024,2.5796251
2.2038083,2.6662776
2.187105,2.509996
2.2607734,2.544784
2.1399362,2.6570218
2.2788496,2.678393
2.1669188,2.5424623
2.2803328,2.51994
2.1111717,2.572441
2.2769725,2.56673
2.267397,2.5668013
2.2091463,2.6661253
2.3626864,2.6288254
2.147559,2.640215
2.220506,2.6353621
2.2180743,2.5769024
2.319644,2.558275
2.4911869,2.6509254
2.2796888,2.6428022
2.4164572,2.6478653
2.1968763,2.6285148
2.1571817,2.6026726
2.155307,2.5296662
2.2166357,2.6751273
2.3515706,2.5674312
2.1112883,2.6723256
2.4035835,2.5560098
2.2819624,2.5974765
2.2010348,2.5656993
2.2207603,2.5234306
2.1442647,2.5923793
2.2947836,2.5520804
2.11535,2.5012188
2.110466,2.50391
2.1996977,2.6500614
2.1078658,2.6626716
2.1162999,2.5391328
2.1698146,2.6989732
2.5337548,2.6866882
2.2521465,2.600589
2.280882,2.556297
2.1663458,2.583864
2.2247527,2.6900802
2.1968288,2.522996
2.2199905,2.678591
2.2810872,2.511571
2.1758666,2.6409562
2.4386103,2.5153828
2.1509407,2.5406232
2.1567383,2.5297518
2.2086573,2.6204212
2.504666,2.6448762
2.3726478,2.6377597
2.2869663,2.5546005
2.1951005,2.5316286
2.113451,2.5645392
2.1235235,2.5625193
2.1113603,2.654755
2.1549165,2.668167
2.4801314,2.544664
2.2258668,2.5585115
2.309812,2.5266037
2.1959288,2.5660343
2.178588,2.550392
2.2769194,2.6984916
2.2999995,2.5139146
2.396876,2.5763395
2.290198,2.6430142
2.1641183,2.5584128
2.2895741,2.5845256
2.352735,2.5540943
2.206654,2.6318538
2.1674259,2.6823149
2.2618575,2.508873
2.1972947,2.5097845
2.1912894,2.5777154
2.2288322,2.5665898
2.1676683,2.5912623
2.2786396,2.6159587
2.3063219,2.5365696
2.2062378,2.5191994
2.17981,2.644557
2.2020857,2.6794226
2.1549435,2.631032
2.3523455,2.6441972
2.2362676,2.606384
2.3353593,2.5713947
2.1311877,2.567768
2.10397,2.5416708
2.1365511,2.5885394
2.3217208,2.6342895
2.3861842,2.6385648
2.334886,2.5566258
2.1020157,2.611145
2.2499228,2.6803763
2.1176288,2.590351
2.2465115,2.545843
2.128112,2.5935285
2.1619105,2.5412812
2.131471,2.5897174
2.1462436,2.6805649
2.359472,2.6016216
2.2004235,2.6101403
2.2831888,2.6641755
2.362352,2.6791945
2.2602713,2.5547872
2.2876463,2.5730445
2.1358566,2.6039433
2.188941,2.538388
2.383875,2.5986905
2.1384864,2.5829723
2.213549,2.6673193
2.2686036,2.6296933
2.1030412,2.6261299
2.369332,2.5881627
2.3503785,2.5261927
2.1240497,2.5351603
2.3636806,2.6681874
2.3401856,2.6143165
2.119999,2.62725
2.3809786,2.6365297
2.4446373,2.5098078
2.2792068,2.6340132
2.1802464,2.5040727
2.129459,2.6076896
2.1572046,2.5234222
2.1120105,2.6722443
2.3690429,2.6897135
2.4056702,2.5765848
2.2628753,2.6458948
2.1222005,2.6468797
2.2107136,2.5010147
2.1968086,2.530204
2.2681422,2.5750487
2.3639488,2.5426402
2.3395002,2.6709297
2.2166092,2.6145146
2.4939783,2.512481
2.4355972,2.6887374
2.31189,2.682412
2.1453574,2.580966
2.407081,2.6050847
2.1982484,2.5222387
2.158717,2.5438888
2.2822912,2.5930176
2.4480305,2.6993566
2.2280047,2.6338716
2.2058716,2.6150231
2.5356357,2.5213308
2.3036625,2.5440712
2.189685,2.6672153
2.1268406,2.6512632
2.2282426,2.602564
2.4588578,2.5569875
2.5203512,2.5132544
2.2361186,2.5529704
2.1024616,2.6362798
2.28978,2.66219
2.1082346,2.6838317
2.2140782,2.570379
2.3816693,2.6545846
2.2227335,2.5368054
2.1801894,2.5928354
2.231442,2.6433895
2.2532089,2.5689998
2.1592782,2.6768205
2.2733824,2.5302768
2.1282468,2.5067954
2.203007,2.58263
2.2401724,2.6911201
2.137075,2.6350813
2.2572622,2.6897388
2.3763247,2.5334609
2.1275208,2.5811117
2.386985,2.6044056
2.15402,2.5040135
2.1271489,2.6098647
2.2572806,2.6484115
2.1688118,2.506468
2.2097228,2.648472
2.472281,2.6584039
2.1041174,2.5623705
2.1378314,2.5883377
2.2575388,2.5328102
2.281166,2.6061049
2.148842,2.5192182
2.2380435,2.6892064
2.1176777,2.6554282
2.2020059,2.5813646
2.5452175,2.5743701
2.138487,2.5818915
2.105474,2.5065804
2.2327802,2.5039442
2.1468437,2.5071418
2.4265635,2.5605266
2.4071865,2.5033288
2.215611,2.5276897
2.105304,2.5602417
2.1285415,2.5139215
2.165601,2.5298493
2.1631405,2.5593495
2.2089493,2.6034403
2.1361568,2.540451
2.1070902,2.50273
2.1501667,2.6224542
2.1225502,2.6329525
2.5281203,2.638488
2.126362,2.5116053
2.2488291,2.573692
2.1235502,2.5363517
2.1451597,2.626895
2.239264,2.650692
2.19355,2.6461036
2.1521785,2.6287355
2.15426,2.5381346
2.149446,2.6015356
2.250445,2.5788734
2.296567,2.6405098
2.2024138,2.632791
2.1364882,2.5856547
2.1736023,2.5895984
2.1302974,2.5640244
2.1489334,2.5729048
2.2176456,2.6182423
2.2097964,2.6559424
2.1152413,2.645911
2.3713958,2.628757
2.4511719,2.6190815
2.2916765,2.6329556
2.3054845,2.644674
2.244578,2.5715609
2.1278994,2.5736034
2.1574924,2.5810633
2.2043347,2.5085986
2.164664,2.6403
2.1231008,2.5526357
2.2895916,2.5353312
2.220378,2.557792
2.1978204,2.5363734
2.1794696,2.5610073
2.1148512,2.6168046
2.1421487,2.5855298
2.1234803,2.5049381
2.318362,2.5398097
2.4699075,2.647016
2.116294,2.5123897
2.3547552,2.5066338
2.1964087,2.6998913
2.1181345,2.6890903
2.2225764,2.5954921
2.2110825,2.6490176
2.3062575,2.6922393
2.3824177,2.5631971
2.3481827,2.587589
2.5296082,2.54009
2.2776015,2.5654805
2.216164,2.5790234
2.3960958,2.594573
2.1448245,2.6359017
2.2337973,2.5922458
2.1451876,2.582932
2.2527177,2.5263627
2.5487232,2.5878892
2.263326,2.6834846
2.2351968,2.5821617
2.1951256,2.541303
2.4225152,2.5469642
2.1235797,2.662869
2.297197,2.5271802
2.1952372,2.634998
2.5016437,2.5592723
2.5019758,2.5592723
2.194394,2.5898557
2.2064245,2.6701727
2.433717,2.5231664
2.4685338,2.5120106
2.1618147,2.6830182
2.1630545,2.507055
2.4593434,2.6148655
2.1192112,2.5367367
2.3854086,2.500346
2.134986,2.5322962
2.334,2.6147964
2.2326872,2.5968194
2.1110446,2.6931255
2.104064,2.5055506
2.2502778,2.582207
2.2364104,2.6328223
2.1929848,2.553302
2.2313368,2.5072627
2.1405032,2.6738298
2.1383297,2.6905801
2.4455392,2.609683
2.1363547,2.6889863
2.1634893,2.5832813
2.186371,2.565741
2.2828317,2.6044672
2.1757038,2.6969314
2.1023874,2.676411
2.1113896,2.5044894
2.3749068,2.5857089
2.507735,2.5350688
2.3969371,2.6384704
2.130462,2.6974585
2.293613,2.680563
2.2907605,2.5663364
2.2093334,2.6360984
2.1725028,2.592423
2.121812,2.5014834
2.2022529,2.6047614
2.162408,2.6242144
2.1487274,2.5413098
2.1455908,2.5022545
2.2049222,2.5422149
2.3718708,2.5242689
2.1814737,2.508856
2.1183736,2.53232
2.177445,2.5365539
2.1069126,2.689927
2.4572835,2.6877913
2.3080118,2.6114454
2.2087398,2.5379937
2.5346403,2.5925398
2.1999278,2.5325537
2.239652,2.68894
2.3114324,2.571733
2.516319,2.5927484
2.1580086,2.5369503
2.127613,2.530296
2.2146957,2.5840938
2.1499698,2.6844664
2.1531188,2.6527283
2.1117134,2.5606053
2.109488,2.6937585
2.164485,2.649186
2.3060012,2.5595455
2.1623926,2.6024332
2.541504,2.5792058
2.2061033,2.5060287
2.2045658,2.614951
2.2300766,2.6642232
2.24571,2.5178943
2.2940695,2.6330218
2.1503117,2.5468495
2.3631687,2.5939963
2.386893,2.6935523
2.219381,2.5929294
2.170361,2.5541494
2.1036355,2.6818845
2.176892,2.5304763
2.1162732,2.5237522
2.494931,2.5838785
2.1861618,2.6591291
2.233785,2.60327
2.3273704,2.534809
2.3613887,2.6587532
2.213767,2.5019872
2.2528045,2.5042078
2.141164,2.5668402
2.1209924,2.5513809
2.2833304,2.512216
2.1659584,2.6946843
2.301637,2.5040972
2.201973,2.6536546
2.230539,2.6687808
2.1025908,2.5272772
2.1522717,2.693945
2.414885,2.614314
2.1180153,2.5359378
2.17178,2.5972662
2.2970426,2.6276443
2.1592596,2.5920615
2.2413235,2.5502965
2.141493,2.653821
2.516149,2.6561248
2.3235238,2.6139677
2.2537775,2.578555
2.106105,2.5798879
2.2893717,2.5140269
2.1800592,2.6881316
2.3813202,2.5008702
2.1529164,2.618526
2.3891766,2.5357747
2.128491,2.5593078
2.3239582,2.624814
2.251593,2.6355655
2.266294,2.6045165
2.107464,2.622906
2.1438518,2.641642
2.1041539,2.6910033
2.2490401,2.5101497
2.2364566,2.6005263
2.3282714,2.6702268
2.2051883,2.5335982
2.196129,2.6018283
2.2742693,2.6226017
2.2594585,2.6480143
2.205398,2.6123044
2.178263,2.6547668
2.2947242,2.6007478
2.45705,2.510542
2.1027727,2.6438482
2.21736,2.59121
2.1603837,2.6788523
2.2503219,2.5595062
2.3741908,2.6352465
2.3088298,2.6591456
2.5090394,2.615537
2.1324077,2.6599665
2.2161365,2.5150983
2.16053,2.6937544
2.1641376,2.6351354
2.1693575,2.529696
2.2600715,2.5791996
2.4115577,2.6270366
2.362023,2.5204613
2.1377242,2.5729551
2.1986933,2.567595
2.248499,2.6983755
2.1301925,2.6073723
2.5407777,2.6732368
2.21319,2.5734687
2.2810895,2.6716049
2.2297719,2.5089517
2.1534777,2.5185575
2.3431797,2.6589744
2.126776,2.5187063
2.1196432,2.6775217
2.2792006,2.5725567
2.2860832,2.6755154
2.2119737,2.59214
2.1945095,2.6145027
2.2846076,2.533678
2.1478448,2.5535445
2.3070436,2.5273025
2.1169622,2.6506708
2.2184715,2.539164
2.3615482,2.5183778
2.2317803,2.6830115
2.135545,2.5582228
2.1028545,2.5234733
2.1282623,2.581356
2.2088137,2.6690905
2.4176362,2.6407776
2.1245518,2.631665
2.361881,2.5842853
2.1507943,2.5463972
2.353864,2.6975484
2.1879416,2.5835526
2.1750822,2.6695008
2.5381725,2.5504165
2.1488307,2.62197
2.1214666,2.5927792
2.3620608,2.537356
2.2116115,2.5371258
2.1327264,2.5213847
2.4857478,2.514168
2.3672128,2.670087
2.352844,2.5581696
2.2539818,2.620899
2.172154,2.6487212
2.2734797,2.6848927
2.3078382,2.559665
2.2618196,2.5860548
2.275833,2.5183256
2.3257937,2.570613
2.3413177,2.6383712
2.2991142,2.5430229
2.1302679,2.5194528
2.3109455,2.5515974
2.1053443,2.5016053
2.242323,2.51615
2.101052,2.6056898
2.1828048,2.5674245
2.4886134,2.5560353
2.168758,2.615663
2.2752008,2.571172
2.1232164,2.6429415
2.104947,2.5997536
2.431267,2.5030062
2.2641134,2.586078
2.1167452,2.5237997
2.1160235,2.6060164
2.1866174,2.6269073
2.141754,2.5379636
2.3732235,2.5391793
2.1911178,2.6756668
2.484287,2.5294678
2.226425,2.653618
2.1001346,2.6134808
2.2260466,2.5180142
2.1510303,2.5652506
2.4115555,2.5385315
2.2513335,2.5789943
2.1097336,2.6302993
2.329104,2.616592
2.2478528,2.570712
2.3464901,2.686847
2.148653,2.6620996
2.3619127,2.648313
2.4829261,2.585469
2.1090426,2.5393775
2.3277667,2.5589056
2.2717657,2.5757685
2.19758,2.5922801
2.1786242,2.5331278
2.366203,2.6499555
2.407181,2.6611562
2.2257879,2.5567513
2.187155,2.515102
2.3010283,2.5372498
2.1912901,2.5473115
2.285904,2.5973718
2.4630249,2.5721798
2.1849892,2.5867512
2.2120798,2.65705
2.3100967,2.698051
2.1075377,2.5441961
2.1707454,2.5942767
2.4485307,2.669287
2.2726643,2.5910163
2.1631052,2.5700998
2.1942742,2.5568924
2.1046426,2.507362
2.5147965,2.5740821
2.168442,2.5882008
2.1567192,2.6277063
2.1856596,2.632175
2.1614022,2.6204858
2.299356,2.6505527
2.127918,2.6267312
2.3037791,2.5733268
2.1759706,2.5011728
2.1254222,2.6932619
2.1208777,2.5497181
2.40092,2.5797055
2.103265,2.615735
2.1003363,2.594059
2.2857926,2.6390154
2.3636973,2.5832424
2.113038,2.6511567
2.3810644,2.5758555
2.132398,2.682349
2.225762,2.6246996
2.3387911,2.6562576
2.2741892,2.561754
2.2649615,2.5556154
2.2213702,2.5589187
2.1441221,2.6610909
2.3502722,2.5205147
2.3747022,2.6346347
2.1824331,2.5001209
2.4988284,2.6921313
2.163374,2.673078
2.162153,2.557758
2.2753851,2.6644762
2.2091632,2.5173602
2.162198,2.694038
2.1536865,2.676745
2.1059253,2.697822
2.3656852,2.6724555
2.104465,2.5416648
2.2209566,2.6228638
2.4889746,2.5867074
2.2244153,2.636036
2.1403298,2.5700123
2.2298977,2.6407838
2.3514893,2.5072374
2.1935143,2.6328828
2.1471753,2.535284
2.1851964,2.620837
2.4357493,2.5327525
2.1031654,2.6616848
2.1947691,2.5229166
2.3080766,2.5063787
2.2509248,2.5366917
2.2638307,2.6850698
2.2599695,2.5747547
2.2200124,2.5465348
2.5327833,2.5769732
2.3680596,2.6355433
2.295812,2.6023808
2.2522812,2.5259607
2.1234403,2.5900614
2.5097501,2.6458385
2.200357,2.5614812
2.390188,2.5085034
2.1870387,2.503487
2.1783524,2.5408652
2.247355,2.5975225
2.1613047,2.5027523
2.1978686,2.5669272
2.192698,2.6357932
2.1202466,2.673219
2.2201679,2.6458354
2.140241,2.5634131
2.3871164,2.56287
2.3544164,2.6978123
2.121651,2.5262754
2.1898634,2.513779
2.1652753,2.6295743
2.352731,2.6536956
2.2791123,2.657269
2.3313277,2.5738225
2.248321,2.605467
2.3009105,2.559003
2.1555583,2.5933897
2.1227741,2.5772984
2.165517,2.6961384
2.2538905,2.643493
2.2378438,2.519374
2.5318213,2.583026
2.146087,2.6744204
2.2611063,2.6340437
2.1260276,2.5550077
2.1398091,2.527715
2.1818728,2.532494
2.4399364,2.6632814
2.370791,2.52436
2.250442,2.5498426
2.1374643,2.6971483
2.104046,2.60506
2.1734874,2.5031536
2.125385,2.561828
2.222637,2.534408
2.2587333,2.5793352
2.3470738,2.6543086
2.1719675,2.6580436
2.117849,2.547017
2.314581,2.665922
2.1710644,2.6829548
2.159179,2.5609899
2.3647268,2.5613575
2.1864922,2.6066852
2.1234381,2.5382876
2.4655159,2.550099
2.1338146,2.6302862
2.4715254,2.6321685
2.369323,2.5769727
2.2816975,2.6099823
2.3176756,2.5922556
2.2345908,2.5905805
2.1279283,2.575694
2.1376276,2.6470087
2.1299767,2.6238952
2.2142215,2.5550847
2.3644924,2.5055947
2.1001692,2.5931666
2.2782667,2.5866673
2.2997332,2.5289364
2.1953745,2.6603775
2.3892484,2.585205
2.201565,2.6452575
2.3548338,2.6646767
2.367915,2.677884
2.2129605,2.521876
2.4610813,2.6619985
2.1275003,2.5387237
2.4079506,2.6708233
2.1142619,2.6065865
2.1550763,2.512096
2.1944835,2.6889691
2.1582837,2.6942651
2.3615646,2.5840237
2.195456,2.5105958
2.338712,2.5215895
2.259687,2.5594254
2.3108711,2.6620948
2.2648468,2.648653
2.141672,2.5233288
2.4066117,2.6140907
2.1163802,2.5073917
2.122199,2.6259778
2.2863257,2.620332
2.2009916,2.5254476
2.3295755,2.52934
2.1547985,2.5708401
2.3075356,2.6159859
2.3811736,2.5080469
2.325256,2.5927868
2.1128721,2.5067039
2.1523511,2.5810595
2.5026886,2.5578148
2.3375099,2.6504834
2.1593554,2.62244
2.1175115,2.5506516
2.2122698,2.5259829
2.3343885,2.610098
2.1067493,2.5689747
2.3259425,2.527154
2.3864763,2.5919561
2.223814,2.6896966
2.3843222,2.5611906
2.1445317,2.509305
2.222937,2.5530305
2.4837008,2.6466546
2.4938881,2.6536503
2.1881933,2.64207
2.1672676,2.6872861
2.3114753,2.684929
2.1203184,2.5715823
2.348402,2.684265
2.1692176,2.598911
2.1304164,2.6829388
2.1104832,2.6128478
2.1981175,2.6006558
2.4171233,2.6152854
2.1320736,2.524832
2.4693344,2.6288753
2.1521857,2.547397
2.1701868,2.627122
2.4386337,2.571901
2.1101515,2.600016
2.3884563,2.6742206
2.3962255,2.6968334
2.1088996,2.5983396
2.3264837,2.5989664
2.1470406,2.6780353
2.123122,2.5267477
2.1100833,2.605586
2.315162,2.515842
2.244669,2.5208533
2.1164482,2.586273
2.3281171,2.5972772
2.1931283,2.5328355
2.148153,2.6584969
2.4718714,2.519345
2.1164503,2.6169605
2.1719067,2.527134
2.148543,2.6532233
2.292022,2.6211836
2.1581929,2.5018091
2.2241316,2.5732672
2.178129,2.5175197
2.2798467,2.6497033
2.210968,2.6955702
2.2239845,2.5800679
2.1543882,2.6697035
2.107554,2.516757
2.1135654,2.6808984
2.4887617,2.6792002
2.4053843,2.6654284
2.3618934,2.6402736
2.1084683,2.6207774
2.1727588,2.507762
2.1656432,2.6847262
2.2005641,2.5236177
2.5072577,2.6162996
2.2786975,2.5706656
2.122539,2.517457
2.3204079,2.6898184
2.1972692,2.5089653
2.1961677,2.6610901
2.5474517,2.6902995
2.2397168,2.6840713
2.281079,2.68456
2.1152675,2.6717775
2.4022217,2.685844
2.1022394,2.6596167
2.1258998,2.5545228
2.2277248,2.6934845
2.281352,2.528882
2.4151707,2.6320605
2.383063,2.5337582
2.3123248,2.6677847
2.2485452,2.6633956
2.521177,2.6482644
2.1543071,2.5405474
2.1269,2.5646636
2.155078,2.6453295
2.1354675,2.5916922
2.1288497,2.6879544
2.3898888,2.6294985
2.3814688,2.6983607
2.1402905,2.612555
2.121805,2.6146498
2.1065216,2.5346987
2.183474,2.5216818
2.1141224,2.5947583
2.2331836,2.5369167
2.116863,2.631842
2.1621234,2.6723962
2.141734,2.5224433
2.1092157,2.5092394
2.1329284,2.599951
2.2859235,2.5491738
2.2906804,2.646055
2.5041907,2.5944145
2.3936744,2.552468
2.1239297,2.5014586
2.234915,2.5250766
2.1130996,2.6204493
2.4621212,2.5146332
2.2717974,2.5217884
2.3534768,2.6369607
2.2224302,2.5091946
2.4724314,2.6542835
2.3372505,2.5253198
2.3295536,2.6442409
2.282122,2.5092902
2.151151,2.5367706
2.2755177,2.6727598
2.2637348,2.5120893
2.16029,2.613905
2.1661508,2.5469444
2.1403112,2.6843772
2.2450418,2.5674722
2.3227654,2.6296492
2.1891007,2.6329703
2.5061162,2.5808916
2.1214705,2.6973267
2.1659715,2.69475
2.2159843,2.696862
2.3297198,2.545242
2.1766388,2.5513458
2.1562307,2.5136738
2.3322136,2.541051
2.2627623,2.5314884
2.1874268,2.689824
2.3190398,2.5703497
2.383989,2.633304
2.1196542,2.6965802
2.1915846,2.52137
2.1111865,2.6781564
2.302972,2.5054798
2.1690376,2.503518
2.1566687,2.5008893
2.5185473,2.6132612
2.281,2.5887833
2.1251426,2.6482573
2.2092593,2.6913724
2.139276,2.5640483
2.1672268,2.578594
2.3726633,2.5994256
2.2328053,2.5131488
2.1109412,2.62727
2.3428783,2.5846956
2.1268349,2.6022255
2.2848182,2.507608
2.105968,2.5462282
2.2801428,2.6769948
2.1274345,2.6868355
2.218064,2.6880052
2.3980079,2.679023
2.2875874,2.5024915
2.386553,2.6615644
2.3686326,2.6273828
2.3749027,2.6735938
2.3636477,2.6864817
2.3212807,2.648153
2.3668969,2.5205328
2.1141024,2.5706298
2.2054222,2.54774
2.1155958,2.669595
2.447337,2.5869505
2.1278784,2.652691
2.1662667,2.6424034
2.172336,2.6432562
2.524131,2.5613952
2.1709387,2.6898854
2.141439,2.5873566
2.1135387,2.648499
2.229194,2.6666286
2.1214018,2.6904938
2.2881663,2.6860635
2.1365657,2.5801878
2.221206,2.6294813
2.3171883,2.6364439
2.2917092,2.5202656
2.1008008,2.6434858
2.183986,2.5878544
2.4637203,2.6838844
2.1999166,2.6476474
2.2872546,2.5202858
2.2687237,2.6599386
2.2599537,2.6918733
2.1003685,2.513364
2.157688,2.636339
2.121033,2.5571475
2.243158,2.5723662
2.1444345,2.5346327
2.1173007,2.642728
2.128392,2.6193974
2.1095173,2.634446
2.153745,2.6967235
2.1199727,2.6367326
2.2832084,2.586387
2.1947362,2.6138065
2.1036773,2.6065629
2.3325024,2.593191
2.1066558,2.5841537
2.27118,2.5478063
2.3712623,2.5174983
2.2447226,2.6763053
2.3823605,2.558319
2.227922,2.5943632
2.103443,2.5559437
2.1990793,2.6263824
2.423016,2.5493417
2.1436355,2.5190678
2.1597524,2.5417647
2.156953,2.610282
2.281546,2.669197
2.1804473,2.6437485
2.1121564,2.5895915
2.1610165,2.589493
2.2535524,2.6995845
2.1124148,2.5263245
2.3758786,2.571989
2.2796085,2.6525548
2.1490486,2.5558846
2.3990204,2.5662556
2.2288666,2.512127
2.2574275,2.5852242
2.2136767,2.555784
2.1841986,2.6807785
2.1464238,2.5310478
2.2002966,2.5086255
2.1958714,2.5361462
2.195074,2.52311
2.161122,2.5915766
2.1314096,2.6246688
2.3581216,2.512932
2.2402034,2.5452216
2.4315653,2.5460453
2.1351187,2.5804615
2.5060923,2.5667734
2.1730144,2.5567737
2.2901738,2.5029902
2.2513793,2.5774927
2.3176825,2.6784768
2.4787157,2.5046473
2.4192128,2.5729659
2.1972063,2.541537
2.1072006,2.538655
2.1793416,2.5003262
2.101221,2.6393924
2.1525977,2.5278842
2.160879,2.5873332
2.1118875,2.522457
2.2957437,2.6069717
2.3350432,2.5288382
2.1572285,2.6157556
2.1938128,2.681117
2.1327598,2.6281676
2.4219892,2.549975
2.1373773,2.5464797
2.1423016,2.5866835
2.200997,2.5055878
2.2992568,2.6040494
2.2751381,2.666686
2.2371762,2.5978272
2.1184149,2.6143749
2.2404165,2.6506774
2.2589324,2.5415475
2.2652829,2.615242
2.1175547,2.61098
2.2197626,2.616825
2.211182,2.5488079
2.1764476,2.5454004
2.3478134,2.5946324
2.168333,2.5919044
2.441155,2.529181
2.1710308,2.5659523
2.4036248,2.6596153
2.147803,2.5648398
2.193766,2.6538963
2.3249776,2.6296723
2.3307161,2.6629817
2.1018164,2.517147
2.2185574,2.627652
2.3284442,2.674679
2.239842,2.6780725
2.1246114,2.5923924
2.3500698,2.6955736
2.2781625,2.6384373
2.1465611,2.5429049
2.3082097,2.6368115
2.3926206,2.5678332
2.433792,2.5139403
2.4945667,2.630847
2.1567917,2.559366
2.3730643,2.574027
2.1209605,2.5671065
2.1764944,2.6273239
2.1574667,2.5186965
2.240277,2.5109012
2.201862,2.5891993
2.102328,2.5436046
2.1888733,2.6335301
2.3577023,2.5136998
2.1698756,2.6228173
2.379724,2.6228945
2.2407656,2.6053948
2.1550457,2.5606582
2.2412117,2.6921341
2.2344482,2.5379057
2.110915,2.625436
2.2312047,2.579801
2.21391,2.5980759
2.1232188,2.6011617
2.1941884,2.6610515
2.2352045,2.5509627
2.2379642,2.618544
2.1288688,2.661276
2.2797894,2.6329126
2.117088,2.576875
2.3593051,2.5108185
2.1003492,2.6966577
2.228525,2.6827164
2.4049788,2.5118327
2.2792935,2.6756275
2.1495032,2.51393
2.1035056,2.5124707
2.220059,2.6202824
2.1592314,2.5656524
2.1480868,2.642337
2.4819016,2.6904476
2.2179365,2.5631416
2.2864537,2.6546342
2.4174807,2.5398068
2.3223336,2.6677408
2.2563748,2.6535838
2.1002617,2.5160375
2.108572,2.6139495
2.176181,2.615967
2.4983225,2.6543977
2.3732111,2.5461345
2.4374273,2.562488
2.1453943,2.509549
2.3386502,2.5452583
2.1232684,2.5172172
2.1583898,2.5625105
2.1073513,2.5927854
2.425277,2.632002
2.5036182,2.5628378
2.309487,2.5297267
2.491965,2.611644
2.1181326,2.5507095
2.2725601,2.6070528
2.5182981,2.5634284
2.1145315,2.6084547
2.3814907,2.6699324
2.5127308,2.669032
2.1431491,2.5391483
2.360305,2.6465886
2.1320405,2.5501187
2.4874163,2.5138159
2.3317366,2.6932867
2.309706,2.6921272
2.254443,2.5908785
2.3501797,2.5260167
2.1432838,2.6652353
2.2168496,2.530141
2.107699,2.5329618
2.1108162,2.692738
2.292787,2.6840565
2.252256,2.5575323
2.1993017,2.5789
2.2909453,2.6215966
2.1613157,2.6505206
2.1859343,2.54118
2.4054267,2.6840532
2.1879652,2.53087
2.352744,2.5730855
2.2529063,2.6501503
2.262129,2.6303008
2.2665179,2.5881875
2.1793952,2.6014962
2.22634,2.516121
2.2726412,2.6964355
2.1411014,2.6749055
2.1548405,2.577052
2.2816424,2.65389
2.4888823,2.6428115
2.1438813,2.5046992
2.199791,2.6357908
2.1810377,2.648836
2.237651,2.611075
2.1314998,2.500554
2.2576342,2.6214237
2.127479,2.6756897
2.483151,2.6510007
2.2193048,2.5353737
2.501097,2.6283383
2.1560295,2.642126
2.3562438,2.6567917
2.1056528,2.6106017
2.2593725,2.5550008
2.107856,2.5676985
2.14976,2.5107834
2.258287,2.673635
2.2707918,2.6419327
2.231243,2.6341546
2.2420886,2.6085408
2.2895777,2.5866587
2.2301707,2.6974707
2.1687508,2.6974707
2.3986876,2.6826158
2.5409374,2.5741274
2.1144252,2.5561159
2.1749146,2.6950502
2.2951796,2.5747092
2.1912346,2.5020587
2.136321,2.5800972
2.1267092,2.5003285
2.3779094,2.6765597
2.409116,2.5668728
2.4888456,2.6927598
2.4603734,2.5688906
2.39901,2.6527083
2.1177387,2.5212245
2.124961,2.585614
2.1153343,2.5626016
2.2538044,2.6443624
2.172505,2.6370173
2.2608805,2.6622608
2.3969862,2.6137693
2.5307727,2.582237
2.178199,2.5254784
2.337387,2.5304828
2.1174057,2.680662
2.4744112,2.5126746
2.195874,2.526248
2.1277723,2.6942532
2.2532825,2.6437154
2.2901373,2.6143413
2.5134006,2.578245
2.2353837,2.5845017
2.421292,2.5450957
2.1023724,2.5732505
2.2901409,2.6872754
2.1563468,2.5016336
2.255278,2.5478277
2.2025368,2.6127572
2.3395104,2.6035724
2.2931066,2.5873876
2.150059,2.6355364
2.1774828,2.578912
2.4587128,2.5100524
2.2848828,2.50422
2.3039436,2.696958
2.1919038,2.5571206
2.11318,2.662887
2.181735,2.6681428
2.1620746,2.5956612
2.1614997,2.6976573
2.1239228,2.5879786
2.4240441,2.6448781
2.1875124,2.6708426
2.114899,2.5440176
2.1740644,2.6800754
2.284302,2.6301823
2.4315012,2.5190516
2.4822419,2.6491606
2.4750423,2.6797996
2.5398471,2.655231
2.183746,2.6399434
2.1941397,2.605873
2.443273,2.532819
2.31241,2.5125053
2.379445,2.524249
2.1449986,2.5306752
2.1175225,2.6541164
2.2616813,2.661271
2.1875403,2.5004568
2.4705465,2.5811875
2.32739,2.5327754
2.5291932,2.6622572
2.4060194,2.625215
2.178118,2.5175796
2.5287578,2.5742283
2.1439273,2.5897563
2.1063666,2.5320423
2.1049657,2.6685522
2.125592,2.6733801
2.1996434,2.6483948
2.1258516,2.595365
2.185117,2.6995602
2.1154828,2.5081172
2.150909,2.62324
2.450767,2.5044193
2.2701318,2.572608
2.1967466,2.5270436
2.1447756,2.5829103
2.2565048,2.6147716
2.3648067,2.5928774
2.1660695,2.6225095
2.142252,2.6710117
2.1045697,2.5490475
2.1396909,2.6034665
2.2074807,2.5408287
2.201507,2.675459
2.1213815,2.6683953
2.5443795,2.6399703
2.452915,2.6252522
2.10162,2.5271769
2.2713413,2.510821
2.2053583,2.6834817
2.172497,2.545702
2.3615937,2.6381707
2.4283025,2.640637
2.4780195,2.582645
2.14303,2.6044242
2.1125753,2.503749
2.3873065,2.6155038
2.1013234,2.527257
2.1002975,2.6783082
2.273645,2.5364249
2.131332,2.519465
2.1613667,2.6492975
2.2664833,2.655048
2.3134398,2.6120348
2.131543,2.523908
2.3164809,2.5476336
2.2875764,2.5601118
2.2961655,2.5357773
2.14585,2.6854737
2.2117288,2.525114
2.5061438,2.6010146
2.4538848,2.6564677
2.1661546,2.5393376
2.1311288,2.5711627
2.482537,2.6878695
2.1707296,2.612015
2.1087785,2.5798619
2.1205778,2.649668
2.1234677,2.6529229
2.141148,2.605132
2.3230433,2.5532737
2.1225357,2.544469
2.1672273,2.685918
2.433388,2.5822377
2.378596,2.532171
2.1843603,2.6448522
2.226384,2.5222425
2.196166,2.585895
2.1403844,2.6293008
2.2811253,2.5408494
2.266454,2.5803103
2.224754,2.5298522
2.1284754,2.536172
2.300311,2.5615826
2.2038085,2.6709585
2.1402414,2.6841986
2.1435742,2.5297427
2.3771186,2.544868
2.1017246,2.698671
2.2369914,2.5274355
2.2934859,2.6567338
2.333838,2.5016553
2.168771,2.635903
2.135408,2.6789277
2.1115131,2.6330485
2.1894991,2.553523
2.1207101,2.5199142
2.1689765,2.6730316
2.1462214,2.6401565
2.3419244,2.61893
2.2636104,2.6497362
2.1446624,2.5878499
2.1737726,2.6683443
2.3577583,2.6961071
2.207504,2.6175182
2.227081,2.6682804
2.1676452,2.6306026
2.477339,2.5219493
2.219464,2.6884692
2.320752,2.651478
2.1739159,2.558504
2.1505475,2.671998
2.1581566,2.5800052
2.1119118,2.6757114
2.3614976,2.5682578
2.1574216,2.6544127
2.4827852,2.6477356
2.1146367,2.658494
2.1304,2.6616044
2.4175591,2.508868
2.185169,2.5514023
2.1184402,2.6162422
2.3335369,2.5944927
2.2303958,2.5793576
2.4033062,2.551731
2.3182895,2.6843374
2.162218,2.5592444
2.124107,2.5966249
2.1300573,2.6731956
2.1976788,2.6001294
2.3208609,2.674985
2.1515214,2.6690228
2.242597,2.6076412
2.2653298,2.5637193
2.4936051,2.624583
2.116851,2.5460205
2.2578647,2.5820699
2.188509,2.538646
2.1142378,2.5008419
2.2245743,2.530746
2.208404,2.5050516
2.2264204,2.5836658
2.2498066,2.6566823
2.188274,2.5767686
2.1086118,2.5415797
2.2673178,2.5709114
2.4185874,2.6736581
2.2768416,2.553353
2.4982665,2.6021686
2.1655953,2.533802
2.1766164,2.5711787
2.161762,2.5036838
2.1612084,2.5525076
2.1984866,2.5430996
2.1805215,2.6278374
2.2187421,2.6188264
2.3040612,2.6296952
2.15123,2.6217957
2.1792655,2.6984425
2.1883733,2.5720177
2.2905688,2.504526
2.1026516,2.6315963
2.1931376,2.5252395
2.1896362,2.5627897
2.331279,2.5046408
2.1717997,2.5579367
2.102619,2.5085986
2.1334355,2.6038558
2.1399586,2.617411
2.4437792,2.5079763
2.2186773,2.5958698
2.13265,2.6441321
2.1859925,2.5594528
2.1356611,2.515479
2.2614381,2.6266289
2.366146,2.59257
2.4078982,2.6508598
2.4586864,2.6174839
2.2569375,2.5791035
2.1148267,2.6035948
2.1346169,2.518419
2.162398,2.5304477
2.4221191,2.6343102
2.218806,2.6683936
2.2719908,2.6829395
2.1725287,2.663522
2.1579201,2.5865958
2.1602366,2.5213773
2.3364756,2.6241717
2.3897305,2.6255507
2.1081157,2.600746
2.4366152,2.512931
2.3559184,2.5527852
2.1107006,2.6396086
2.1483107,2.6905901
2.2191308,2.6155252
2.1253304,2.5942717
2.2217321,2.512285
2.1078188,2.6516328
2.1479275,2.6266298
2.1428897,2.5718992
2.1108952,2.6527276
2.2110953,2.6949594
2.3044314,2.6595128
2.101988,2.6121826
2.131541,2.5260777
2.128727,2.5462108
2.3081768,2.6829224
2.1591785,2.634516
2.1579804,2.5422304
2.1867485,2.618675
2.2934012,2.6667945
2.3015862,2.6087573
2.1666539,2.5672123
2.3823063,2.5453115
2.1245885,2.6614485
2.3509793,2.510022
2.322606,2.6915543
2.2362702,2.5058503
2.3165433,2.6229413
2.1994295,2.6863956
2.3748324,2.5314705
2.1636689,2.508047
2.175141,2.5846016
2.1150997,2.6033218
2.409295,2.644257
2.3084674,2.628469
2.2186518,2.6956048
2.2141235,2.5967088
2.3778126,2.6135175
2.2159712,2.6965075
2.1023595,2.5393033
2.1933668,2.6611595
2.1787107,2.6732893
2.1486416,2.6349742
2.150966,2.5755568
2.231212,2.52741
2.3658519,2.6322494
2.2863488,2.5615082
2.3750064,2.576755
2.457396,2.5480814
2.142533,2.6825688
2.1385646,2.5014842
2.420451,2.5276132
2.1071582,2.5929341
2.4003973,2.6323564
2.130434,2.6822002
2.1914725,2.6259813
2.3718252,2.5921707
2.317365,2.5348947
2.3026297,2.6443217
2.184675,2.6386018
2.4837499,2.6855226
2.1784353,2.6351993
2.1611176,2.612097
2.2198398,2.645607
2.1012554,2.643587
2.242605,2.6754236
2.1824365,2.516351
2.2578778,2.6192036
2.1364872,2.533867
2.3377225,2.6287436
2.2618153,2.547472
2.2487233,2.6176434
2.1406107,2.6178727
2.2634099,2.504562
2.3649368,2.5034823
2.2414484,2.587338
2.1441836,2.578
2.1656742,2.692215
2.3929982,2.5994194
2.2529619,2.693513
2.2602909,2.6709893
2.1057024,2.58263
2.3603072,2.547097
2.1977751,2.6347785
2.5098836,2.6396458
2.1249175,2.6696274
2.5092218,2.6330078
2.3210554,2.5908308
2.1908855,2.6321108
2.1432865,2.6550837
2.3242822,2.5846727
2.2285056,2.5676703
2.2498095,2.5060353
2.1188524,2.5075345
2.2301025,2.5105145
2.1460474,2.605203
2.1365395,2.6861324
2.2444158,2.5111258
2.4728875,2.5561
2.135378,2.5308826
2.266233,2.6814463
2.326598,2.657385
2.5351658,2.6168568
2.2337484,2.5177402
2.1196997,2.6590183
2.1573446,2.5093102
2.4432395,2.572596
2.1081474,2.558578
2.1282434,2.574822
2.3491056,2.5983522
2.1135771,2.687006
2.155518,2.6147087
2.3855538,2.5301783
2.2103486,2.5696108
2.2950726,2.5013125
2.3036144,2.5836418
2.3466978,2.5216808
2.313835,2.577174
2.1293788,2.5877874
2.118976,2.6825905
2.1531975,2.5785682
2.2008462,2.5977228
2.3336396,2.5698261
2.257799,2.6514595
2.3069193,2.5179167
2.5011988,2.5634627
2.3555214,2.5728836
2.3202114,2.5559866
2.1318414,2.5048165
2.3452573,2.6985815
2.515908,2.6011481
2.2251194,2.6847155
2.306238,2.6973646
2.3292775,2.5598114
2.2740026,2.5472167
2.2405045,2.6640337
2.2054293,2.6104531
2.2745516,2.5900264
2.1064222,2.6791158
2.3151627,2.6024165
2.2155612,2.5555196
2.2824397,2.6406624
2.2898796,2.5140853
2.3667078,2.5193355
2.4647727,2.5196776
2.1353111,2.5237975
2.1222785,2.5035717
2.1345086,2.5145
2.147475,2.5061305
2.2557669,2.6577375
2.5065932,2.5693157
2.404645,2.5564353
2.2906249,2.6182542
2.1421165,2.503312
2.1348403,2.6915007
2.2077694,2.5664794
2.306223,2.6248775
2.182924,2.5162795
2.4297197,2.584818
2.1157572,2.5020003
2.1323023,2.6955812
2.318252,2.6462066
2.3151839,2.532053
2.220574,2.6239047
2.3962586,2.681055
2.3475544,2.5153863
2.1057346,2.6258636
2.1697361,2.58719
2.404818,2.543235
2.4864888,2.5989444
2.2364533,2.6278353
2.2545002,2.5266945
2.1108742,2.5863478
2.4817736,2.5292
2.4063969,2.5246778
2.1658542,2.6559985
2.1216912,2.5117428
2.1563406,2.6024594
2.1935945,2.5105925
2.308955,2.6683023
2.136358,2.6551757
2.2126298,2.603747
2.1801946,2.6073105
2.1513004,2.5489883
2.166762,2.50578
2.2743263,2.5234525
2.1087184,2.519544
2.207816,2.6481216
2.2264543,2.520247
2.146143,2.5116744
2.2136269,2.5751436
2.2966986,2.5556562
2.4412405,2.622051
2.2141142,2.525397
2.361092,2.50351
2.3193963,2.522779
2.1630125,2.5077877
2.1256192,2.679577
2.1687362,2.6699817
2.2455168,2.515692
2.2236383,2.6670773
2.3637435,2.5053885
2.194601,2.5886295
2.2495854,2.6080685
2.1041858,2.552229
2.1715107,2.6621761
2.2829776,2.6571577
2.1568453,2.6423953
2.123877,2.6482193
2.1086135,2.5913668
2.147297,2.6018677
2.2056136,2.6613016
2.2616105,2.6721535
2.1121185,2.5546055
2.4638593,2.642204
2.156646,2.5244486
2.4328306,2.5940127
2.1854079,2.5128078
2.3430753,2.6584773
2.2740698,2.5450988
2.389434,2.6634836
2.3312862,2.5470212
2.1854978,2.6976495
2.2429214,2.5144117
2.2240195,2.509854
2.3133178,2.6848965
2.1113055,2.6793644
2.153117,2.6691663
2.1042843,2.6543698
2.1683533,2.5299933
2.1097162,2.6573834
2.2564726,2.614465
2.4348943,2.5719686
2.154248,2.509538
2.2799587,2.5836747
2.2694545,2.6258082
2.314646,2.577378
2.376435,2.6611705
2.2174404,2.5677876
2.274715,2.5094693
2.2649348,2.6262279
2.2628639,2.523475
2.1594577,2.568475
2.1562662,2.6315436
2.2123375,2.5247939
2.1437168,2.683846
2.1219172,2.5226548
2.2115571,2.5175097
2.2580698,2.5404885
2.218073,2.6710486
2.5027971,2.6482637
2.2340403,2.6462915
2.1125782,2.6085253
2.2073755,2.6496556
2.2743506,2.6322916
2.2733836,2.5937743
2.169711,2.5756538
2.1727006,2.6324213
2.2315004,2.5667408
2.114087,2.6216953
2.1006556,2.5071564
2.205802,2.6624155
2.2351284,2.687439
2.4032085,2.6598346
2.186003,2.58411
2.4244816,2.6182272
2.2361135,2.5307152
2.1267483,2.5222614
2.163478,2.5444229
2.3042731,2.6569495
2.1019669,2.540842
2.414002,2.586323
2.2193503,2.6527324
2.2880921,2.6795566
2.1266332,2.537476
2.153611,2.547405
2.491443,2.5127873
2.2118897,2.5192158
2.305432,2.5136085
2.460597,2.641257
2.3096304,2.5170636
2.1918044,2.6657178
2.5458312,2.5867698
2.1520853,2.620159
2.1031592,2.5318022
2.22564,2.5408616
2.3514585,2.6285844
2.1502404,2.5122247
2.34613,2.6001623
2.3571048,2.502415
2.1532633,2.6135626
2.1083157,2.5721626
2.4211028,2.524901
2.1617582,2.5388212
2.301614,2.6702433
2.4449005,2.6402667
2.2569282,2.5495749
2.1722233,2.596151
2.3800273,2.590457
2.1690996,2.5925655
2.1756756,2.6302412
2.4195514,2.6159983
2.188561,2.6589363
2.3056228,2.5463278
2.302345,2.6801949
2.3520544,2.5840826
2.1549373,2.654994
2.2599926,2.6446662
2.1773524,2.5423036
2.281422,2.5758622
2.1248991,2.5225399
2.1300118,2.6295161
2.1272902,2.6295424
2.146912,2.517662
2.4850464,2.5407953
2.215137,2.5977836
2.4911208,2.5178828
2.2528656,2.5728705
2.200681,2.6883223
2.3475132,2.5833561
2.20874,2.6859984
2.1919236,2.6779017
2.108468,2.525646
2.1595466,2.5108886
2.25903,2.5803366
2.3402684,2.6241274
2.2044551,2.5034518
2.3865535,2.5681372
2.1908484,2.526353
2.1277752,2.5141034
2.1250815,2.5542982
2.1107593,2.6987383
2.2812054,2.5883138
2.120927,2.5029938
2.2491791,2.5113301
2.3799362,2.5992231
2.1186647,2.6714904
2.4685962,2.6263463
2.1551988,2.655199
2.231112,2.6837518
2.453653,2.6323912
2.3589196,2.5769749
2.153623,2.5821228
2.2995281,2.6840377
2.1948202,2.6448612
2.1778758,2.5035415
2.1195302,2.5686884
2.1399815,2.644039
2.148012,2.6210647
2.259628,2.5820282
2.4603071,2.6074026
2.1230462,2.5309572
2.1762624,2.673017
2.1061006,2.6664648
2.114802,2.5126865
2.2665217,2.6624217
2.2601447,2.5387554
2.1550868,2.6251001
2.1299834,2.5895524
2.1459253,2.606482
2.2334988,2.6070323
2.389896,2.5514214
2.2128675,2.5261908
2.2289417,2.5392463
2.2434583,2.680932
2.2383587,2.5226362
2.2214453,2.570036
2.356622,2.691184
2.279798,2.510624
2.2248359,2.6153145
2.1113617,2.591691
2.2476678,2.6459446
2.4303536,2.5379865
2.1829948,2.6601691
2.273221,2.580548
2.2529192,2.5691087
2.2441192,2.5892594
2.2898057,2.6191878
2.1887076,2.607757
2.2824109,2.6264026
2.276051,2.5503454
2.1011925,2.5079794
2.2927427,2.595832
2.133381,2.5477672
2.238772,2.5483375
2.2238643,2.6540623
2.1229064,2.5532115
2.3496406,2.5769491
2.1067688,2.5338469
2.1750333,2.5365682
2.3513,2.5952463
2.241887,2.6984887
2.2276504,2.594115
2.361278,2.574602
2.1241772,2.6644738
2.1324017,2.6849587
2.2120185,2.5420692
2.2497334,2.5136685
2.2401285,2.532515
2.10703,2.530358
2.4709387,2.5475523
2.3470318,2.5506263
2.1823795,2.6977623
2.2170968,2.5770442
2.1374753,2.6146712
2.2282715,2.5921447
2.1113021,2.6565046
2.4237235,2.5708997
2.3439534,2.5175352
2.2292116,2.5010123
2.2247458,2.5694213
2.46798,2.599362
2.195299,2.598843
2.145586,2.51584
2.1652076,2.5137935
2.267114,2.6647906
2.2082205,2.5525932
2.1120174,2.6093314
2.2024636,2.646406
2.2558262,2.6044118
2.3116815,2.5946703
2.1353602,2.625521
2.1154437,2.506728
2.1840034,2.5789163
2.138149,2.5119271
2.1791809,2.6514726
2.4428256,2.5097094
2.3607368,2.5469801
2.1131108,2.5376878
2.2951562,2.6185164
2.4896667,2.5125985
2.1196654,2.571816
2.162623,2.678645
2.149492,2.5865216
2.178725,2.531492
2.2754276,2.6647704
2.2007387,2.530663
2.3758783,2.627394
2.2465649,2.6179943
2.2042892,2.5954068
2.3526485,2.6738875
2.3706236,2.6022084
2.175749,2.6676505
2.1287873,2.634877
2.47087,2.6031425
2.152176,2.5495563
2.1155581,2.5432222
2.3046541,2.5855186
2.1622717,2.6054842
2.142937,2.5098102
2.1418705,2.5791793
2.1019578,2.6156433
2.1599386,2.5331192
2.3261847,2.6479728
2.2318394,2.5968432
2.3080513,2.505508
2.2062745,2.6062915
2.1994095,2.5014317
2.4864268,2.5244975
2.1742563,2.6472862
2.429008,2.5760386
2.2710981,2.5984502
2.1495717,2.6296923
2.2288845,2.6234877
2.1317403,2.5113566
2.193871,2.6276414
2.161981,2.6201615
2.186509,2.6827223
2.4561703,2.5403416
2.2649777,2.6520867
2.256961,2.5952575
2.3968575,2.618584
2.2990572,2.6125894
2.112747,2.688586
2.31735,2.6337602
2.4440908,2.5959268
2.3877442,2.603193
2.1599138,2.5381298
2.2807465,2.5596657
2.2834988,2.5747702
2.4147966,2.5747702
2.456137,2.5651765
2.4946449,2.5844126
2.3073378,2.5266037
2.222208,2.6109076
2.161195,2.586517
2.1846662,2.5672498
2.3156564,2.6584525
2.3105245,2.6392686
2.2747908,2.5006728
2.272053,2.5947118
2.3412206,2.5354815
2.3600497,2.5961156
2.2602623,2.6671326
2.1784577,2.6789875
2.176334,2.590766
2.262345,2.6930337
2.2836149,2.6381958
2.1166725,2.562499
2.5483947,2.5677032
2.1531305,2.610188
2.1398425,2.5664153
2.2995641,2.6220343
2.2996197,2.5647676
2.1397953,2.550442
2.1044576,2.5436473
2.2319212,2.523181
2.2140584,2.5160575
2.3078697,2.5199137
2.269444,2.6473625
2.2156808,2.5486767
2.3127522,2.561789
2.1510038,2.6790354
2.1005704,2.6387448
2.338923,2.5401306
2.186544,2.5365927
2.100431,2.5641804
2.138483,2.6870465
2.3200066,2.590383
2.1882782,2.6207085
2.1741562,2.6739454
2.318533,2.6483154
2.1997254,2.6479344
2.3876915,2.6036468
2.133904,2.5484812
2.1381757,2.5645475
2.1551228,2.5794547
2.271127,2.5301328
2.138854,2.6553795
2.2736936,2.6970582
2.2712474,2.6290474
2.3058755,2.512412
2.1755047,2.5151672
2.2425323,2.69151
2.2429957,2.6273425
2.1462557,2.6831448
2.1117823,2.6724646
2.1784763,2.6508768
2.2391737,2.6374257
2.279573,2.5220706
2.4207146,2.5013556
2.2855732,2.5598807
2.1378987,2.5319307
2.2170224,2.6182399
2.2337568,2.5210795
2.167045,2.5329652
2.1499908,2.5454834
2.1791368,2.6986997
2.4743683,2.6637576
2.312517,2.5585942
2.1850152,2.618721
2.256434,2.6700747
2.1843786,2.6655915
2.3006883,2.5970454
2.1212797,2.5041103
2.171769,2.6014311
2.233685,2.6796644
2.1240451,2.6686115
2.427605,2.5975668
2.482312,2.555897
2.4785106,2.5758529
2.5212197,2.5555797
2.2585087,2.688219
2.1483865,2.62839
2.4605787,2.5507774
2.22814,2.666247
2.2046688,2.56988
2.105103,2.5613592
2.1759324,2.6470287
2.1020072,2.6054323
2.1365714,2.693055
2.1173453,2.6502354
2.2785618,2.6950316
2.2372038,2.6632462
2.3418822,2.6429849
2.2999926,2.6744099
2.416734,2.5310755
2.1234927,2.5908453
2.2520802,2.5865564
2.2032564,2.6261227
2.1413605,2.5175242
2.2504284,2.6669497
2.4009972,2.525264
2.4134727,2.6620932
2.2998443,2.545317
2.2100742,2.6147225
2.2769394,2.558911
2.219487,2.6004221
2.2745504,2.6126368
2.3913672,2.5424535
2.1966245,2.6839108
2.538317,2.5131269
2.2452097,2.6430387
2.20959,2.5290194
2.198763,2.6933959
2.2096899,2.5981522
2.1627767,2.5346794
2.3946426,2.5536644
2.3084335,2.5648987
2.1251504,2.5010803
2.174558,2.5066524
2.5353174,2.566747
2.3598516,2.5128887
2.2480223,2.6661582
2.2040484,2.5337508
2.172299,2.6026056
2.4199352,2.5941324
2.117195,2.6696932
2.361928,2.5933938
2.3502963,2.5713983
2.2350547,2.6565847
2.3995395,2.5019436
2.2098804,2.571945
2.1112683,2.649469
2.4786954,2.6734378
2.2814898,2.5947921
2.3799415,2.5214648
2.2662141,2.651418
2.2985215,2.5556872
2.2906406,2.675112
2.1701436,2.5750787
2.1707065,2.545008
2.1372566,2.537336
2.2843251,2.5076013
2.1140764,2.6713974
2.1495483,2.5758176
2.1384687,2.6444669
2.1759346,2.5839882
2.273691,2.5460086
2.1097527,2.6398036
2.1274724,2.6769023
2.4381914,2.6465702
2.2215278,2.6130855
2.2569811,2.6706755
2.2609754,2.560805
2.1864803,2.6226757
2.267304,2.550552
2.2123446,2.5125847
2.1177125,2.5404186
2.101102,2.695193
2.2201774,2.5024495
2.1047971,2.698888
2.1202474,2.556865
2.290317,2.5527344
2.360262,2.603138
2.241568,2.651452
2.1490414,2.5553892
2.3427591,2.6990182
2.4624743,2.6755102
2.3729749,2.6732564
2.2551498,2.6008399
2.122283,2.6260436
2.2994184,2.517529
2.1335273,2.5011518
2.2163963,2.5427039
2.5351703,2.606811
2.2171988,2.5427973
2.4497175,2.5156157
2.4722512,2.6484132
2.5345879,2.6814213
2.1334288,2.6478748
2.2582908,2.664345
2.1563177,2.5894372
2.1580205,2.650976
2.3299148,2.5476544
2.1374514,2.5579362
2.2973435,2.5536366
2.1531818,2.5635684
2.1541808,2.5639772
2.3750818,2.6992412
2.1163788,2.596145
2.3284397,2.5577939
2.2119753,2.6308014
2.148108,2.5625243
2.421414,2.6184428
2.2604501,2.67196
2.159774,2.566888
2.20025,2.6330318
2.3065102,2.6869822
2.2252493,2.5330245
2.156702,2.5473444
2.2306306,2.611269
2.2798803,2.6330209
2.1673737,2.6497953
2.2986047,2.636104
2.1142423,2.5586786
2.1561136,2.6508758
2.2737496,2.5086398
2.1227815,2.6010957
2.4919155,2.6801867
2.115962,2.6152053
2.2011383,2.6102338
2.1399236,2.5154378
2.2191122,2.5961738
2.2736742,2.554691
2.222312,2.6485589
2.3719552,2.538667
2.1460528,2.6367538
2.183358,2.5183814
2.474307,2.5219727
2.4500525,2.519708
2.2437155,2.6109917
2.4156141,2.5013766
2.3432448,2.5104296
2.2113907,2.5330253
2.1368923,2.5935469
2.2837381,2.540008
2.4542189,2.5390115
2.29756,2.5320027
2.3647542,2.6517348
2.2270782,2.5358615
2.42695,2.6189942
2.1371088,2.638511
2.283592,2.6003988
2.174153,2.635614
2.1945002,2.512658
2.1062467,2.6729987
2.4043257,2.5229535
2.1381297,2.6828172
2.376614,2.5166152
2.1663744,2.656969
2.1997201,2.6517844
2.2282848,2.6233652
2.3854456,2.6226482
2.1315672,2.615612
2.2107983,2.5721169
2.442406,2.5353312
2.1475277,2.616621
2.1554158,2.6573524
2.338161,2.535355
2.3717413,2.525095
2.128125,2.619544
2.317222,2.6628683
2.442635,2.501111
2.2352593,2.6649492
2.1081905,2.5278456
2.3832798,2.5003676
2.141286,2.541057
2.1333306,2.5763931
2.1644251,2.597802
2.1244814,2.6195292
2.263885,2.5164187
2.3499703,2.5076175
2.119633,2.566201
2.4641156,2.580943
2.3467276,2.579393
2.4450424,2.6700919
2.3026767,2.5770085
2.2596164,2.6121433
2.3321452,2.6479964
2.3008552,2.6302476
2.206363,2.6145766
2.1737628,2.6316357
2.3773224,2.5321522
2.1519682,2.5734122
2.1908698,2.6032298
2.133465,2.5704894
2.3420436,2.5085378
2.1117694,2.627491
2.213436,2.6018867
2.2580109,2.5509548
2.1971316,2.6585152
2.402831,2.6486022
2.40228,2.595952
2.3627105,2.5285075
2.1553843,2.6086695
2.1179557,2.5425425
2.1454954,2.6240861
2.2939448,2.6063588
2.1929083,2.6775448
2.2359877,2.6051722
2.159849,2.6041343
2.18146,2.5996397
2.3382077,2.5558014
2.5205564,2.5345807
2.1381967,2.6997728
2.2151673,2.5999188
2.268256,2.6369603
2.2413514,2.580792
2.2416778,2.6076415
2.2748253,2.5290904
2.1180222,2.653114
2.3229449,2.50742
2.1234562,2.5786006
2.3801146,2.554432
2.144745,2.6341271
2.1009378,2.661728
2.1375005,2.633484
2.3017786,2.5797784
2.154355,2.5129032
2.5157697,2.6899025
2.149238,2.5870106
2.1567132,2.532207
2.489677,2.596441
2.1035166,2.526596
2.2608328,2.545264
2.1335926,2.6038184
2.1246881,2.5053983
2.2002554,2.552025
2.3063533,2.6112344
2.1964734,2.698367
2.2094789,2.6341794
2.404375,2.6939867
2.324645,2.6184313
2.3097506,2.5738823
2.2535057,2.6910117
2.452124,2.641614
2.1726604,2.5818233
2.403833,2.633288
2.377911,2.5914805
2.2199118,2.5498464
2.2495797,2.5528202
2.136374,2.6690352
2.2050009,2.5468774
2.2511876,2.5347943
2.2108686,2.551005
2.1941638,2.573525
2.452812,2.5791202
2.3186493,2.5764263
2.4615502,2.5809143
2.395937,2.512444
2.1041167,2.573786
2.1570234,2.5386913
2.1547647,2.663245
2.3227162,2.6710072
2.1023498,2.5980906
2.2478302,2.5950465
2.4934392,2.545206
2.17209,2.6132853
2.4409807,2.5943508
2.3293128,2.6088002
2.2118087,2.6042347
2.1867478,2.6589606
2.3244915,2.6589997
2.526719,2.6613746
2.5465891,2.6599078
2.208707,2.586944
2.1544585,2.5599294
2.5071044,2.5371184
2.2951348,2.5634873
2.3551927,2.529603
2.355348,2.5637486
2.4370117,2.6455674
2.1232693,2.5287378
2.3669276,2.545981
2.2855682,2.6741955
2.2201273,2.646542
2.4170206,2.6043186
2.2202346,2.6637409
2.123606,2.5932784
2.125059,2.625241
2.4074595,2.500162
2.2311995,2.5326593
2.2627995,2.6487644
2.3692849,2.585628
2.2352257,2.5282087
2.5191848,2.6993072
2.113272,2.646922
2.3339293,2.5170348
2.3335714,2.5170348
2.3201947,2.6132064
2.2922273,2.696589
2.2865472,2.6355004
2.1156821,2.5369878
2.2118232,2.6447093
2.2676506,2.5851703
2.128268,2.6510675
2.4207532,2.6940894
2.109828,2.5733545
2.204213,2.5623658
2.5278785,2.5318685
2.2999067,2.670692
2.3219178,2.6014638
2.1097627,2.5057042
2.4687963,2.66143
2.491108,2.6188545
2.1109645,2.5218928
2.1192026,2.6480772
2.2493215,2.5705702
2.3643842,2.5525966
2.2767875,2.5930154
2.4034212,2.6146283
2.3186016,2.588695
2.300924,2.5081933
2.1218922,2.5060039
2.1722417,2.6740053
2.464881,2.6524441
2.1051605,2.5213048
2.299889,2.5320055
2.4572968,2.6542242
2.1119764,2.6227283
2.3689735,2.5904157
2.223124,2.5387657
2.1650915,2.6950376
2.359025,2.6800418
2.1244953,2.6732657
2.110615,2.6814504
2.239646,2.668474
2.2168722,2.5938206
2.109301,2.5745125
2.3313472,2.5409415
2.115041,2.6652002
2.412311,2.647389
2.3131287,2.6091352
2.131081,2.5003283
2.5380929,2.53403
2.478148,2.5964956
2.3613946,2.698395
2.3547058,2.6186733
2.3026128,2.6312664
2.194113,2.5241604
2.4264426,2.6772816
2.3702283,2.5401187
2.1141834,2.6588328
2.3768106,2.6496716
2.230687,2.692746
2.4724164,2.677091
2.3154955,2.5973983
2.1960635,2.5558522
2.2956042,2.5061378
2.1938686,2.5909488
2.1667452,2.573312
2.41149,2.6300561
2.4797082,2.6392083
2.1952598,2.5407808
2.2772536,2.6908343
2.4757614,2.5501938
2.5119066,2.671344
2.346111,2.5778425
2.3428109,2.609649
2.3303816,2.638346
2.2822764,2.5208712
2.2545526,2.5722196
2.3766618,2.5067105
2.106528,2.6217055
2.2141683,2.6854
2.2032468,2.5265114
2.1797402,2.6740277
2.2538328,2.6776836
2.1024292,2.6697545
2.377538,2.5450165
2.2770483,2.658498
2.210938,2.500734
2.1622682,2.5269372
2.2586749,2.5246267
2.1664248,2.687086
2.1980884,2.6571925
2.1630137,2.5314393
2.1899955,2.5172372
2.1366663,2.676411
2.4058235,2.5032606
2.2115624,2.6599295
2.260586,2.658989
2.140985,2.6360514
2.139818,2.600684
2.1321054,2.5470843
2.346552,2.5543535
2.1208797,2.5500877
2.1066408,2.5536983
2.121233,2.5639293
2.114731,2.6201885
2.278794,2.6835287
2.1270347,2.627968
2.2044897,2.580454
2.2235456,2.63183
2.2653477,2.5210989
2.2882097,2.5220196
2.507698,2.5732975
2.2256858,2.5934358
2.3570588,2.5419216
2.1316752,2.5396914
2.425375,2.6415257
2.1940033,2.669735
2.356332,2.6691666
2.2025096,2.5250373
2.4700048,2.5229855
2.3687057,2.692525
2.1193473,2.5959752
2.3811789,2.6379948
2.3419807,2.501403
2.2846105,2.5233676
2.5138006,2.6843126
2.3673406,2.6075268
2.3249385,2.5566697
2.104577,2.5424852
2.1590672,2.6461196
2.4540489,2.6296077
2.411774,2.5934072
2.163182,2.5419014
2.1356325,2.510258
2.3952544,2.553791
2.2604442,2.6576052
2.5206988,2.6861613
2.1939175,2.6752002
2.4318175,2.5159323
2.1947048,2.6559532
2.2270937,2.5664814
2.1400197,2.605349
2.162872,2.644327
2.1170015,2.573947
2.1930718,2.5102048
2.256343,2.5556812
2.1787784,2.6330168
2.376116,2.6876595
2.2763085,2.6828558
2.1246443,2.6245599
2.2885602,2.6305277
2.1607735,2.6588078
2.2483807,2.640294
2.3155484,2.5192204
2.1260011,2.6617572
2.1427965,2.6266387
2.145112,2.6223538
2.2178493,2.5341806
2.4193985,2.6442058
2.1579418,2.6445527
2.1566856,2.6471026
2.126335,2.6196582
2.30672,2.5000353
2.1494286,2.6779263
2.133707,2.5837536
2.21607,2.5040538
2.2225974,2.5524201
2.240959,2.5485027
2.4169304,2.563902
2.3043213,2.523107
2.3846335,2.5017846
2.1152132,2.6703568
2.239335,2.5396993
2.458062,2.5547478
2.1082234,2.5066478
2.228574,2.6619415
2.1756473,2.5794876
2.1488273,2.687925
2.4377031,2.5549746
2.158647,2.5381942
2.1776993,2.5123904
2.1951473,2.5248706
2.2259426,2.5798874
2.3708084,2.508304
2.4232905,2.6881344
2.1424952,2.6958747
2.1318417,2.5124674
2.15895,2.6073122
2.1651945,2.544952
2.3157704,2.507874
2.3104284,2.5252626
2.4609473,2.6498797
2.289101,2.6127222
2.4055645,2.6261437
2.1285565,2.6150343
2.4157474,2.6445768
2.3731194,2.527104
2.1044722,2.6010165
2.1332743,2.5161395
2.2043598,2.6374087
2.2132804,2.644537
2.2650876,2.5421326
2.2285833,2.683688
2.520291,2.5171115
2.1053958,2.5277057
2.1901295,2.543291
2.1384044,2.5113568
2.3441439,2.5588517
2.1641526,2.655383
2.1366673,2.5198731
2.4822576,2.6355832
2.101229,2.671309
2.3357637,2.6750464
2.3104415,2.6557786
2.1995285,2.637182
2.2929122,2.611945
2.1770022,2.636257
2.117111,2.6306202
2.3495295,2.5319724
2.1375477,2.5170321
2.1977656,2.6608832
2.2706928,2.537866
2.113096,2.576649
2.2134361,2.6705198
2.4057279,2.696567
2.477027,2.5185564
2.169204,2.6035573
2.1552324,2.5979362
2.2118502,2.6694455
2.2704608,2.5691364
2.137963,2.573181
2.4899497,2.6537755
2.2715583,2.5896819
2.5177474,2.503503
2.3387058,2.5849133
2.223454,2.5478475
2.2465043,2.5529451
2.2147791,2.6739833
2.164886,2.6423867
2.3906493,2.673592
2.30806,2.5415258
2.2603197,2.6169562
2.133822,2.6460812
2.1215048,2.6858006
2.340307,2.5386152
2.1001713,2.5225408
2.1819832,2.525972
2.1901886,2.6068234
2.473164,2.534368
2.179085,2.5143557
2.158772,2.5694032
2.387066,2.6756048
2.4677122,2.5896137
2.1478426,2.683486
2.1874914,2.618296
2.1578615,2.5985994
2.2087636,2.6005883
2.328676,2.5353987
2.287308,2.6845357
2.3188496,2.6532772
2.1086836,2.6597388
2.2215695,2.5192285
2.2549884,2.6685834
2.19029,2.5980487
2.3560412,2.5755458
2.527057,2.5174503
2.1555142,2.5981617
2.525696,2.5829988
2.12762,2.5208826
2.2578704,2.5997698
2.2431092,2.5924819
2.3019226,2.605097
2.1010587,2.6334012
2.1590538,2.5981386
2.4211502,2.5793138
2.131098,2.5713947
2.143851,2.5755272
2.1821027,2.5606282
2.2182772,2.645644
2.2383094,2.6050403
2.1160178,2.5368562
2.4967263,2.540704
2.1071327,2.5486321
2.1756654,2.624457
2.5079927,2.5379655
2.109257,2.5505066
2.264439,2.631111
2.2084813,2.6126206
2.1724393,2.6423726
2.2294827,2.5063283
2.144732,2.5759475
2.1057901,2.6587188
2.282647,2.6925006
2.149325,2.5730476
2.2790954,2.653361
2.1169965,2.5311794
2.2933257,2.5462856
2.1337996,2.547569
2.1158652,2.6215372
2.2272334,2.622789
2.1407843,2.5948348
2.1739624,2.6978693
2.4593904,2.6004095
2.4174547,2.568393
2.1000776,2.5536194
2.5349216,2.5677524
2.1290436,2.6499076
2.3480837,2.5502255
2.1123283,2.5752845
2.1362922,2.6436024
2.4189036,2.6150098
2.2689614,2.6159253
2.3878136,2.5679233
2.1106353,2.5104518
2.1914947,2.5437198
2.1102884,2.5808017
2.1958358,2.6020696
2.1578598,2.695634
2.2162344,2.6372385
2.230784,2.6360118
2.2064433,2.5871778
2.3579955,2.54624
2.165227,2.6635578
2.3531053,2.6233892
2.3598857,2.5661032
2.5407233,2.587304
2.1832147,2.5331204
2.1540315,2.5670972
2.197192,2.5513756
2.2292955,2.5936196
2.1345325,2.5770671
2.1902053,2.6427367
2.1934047,2.5095482
2.2525449,2.5150456
2.2205267,2.6690745
2.4034657,2.5876346
2.255617,2.6922324
2.4623175,2.590447
2.2391934,2.5003276
2.3491096,2.6390555
2.1884773,2.56825
2.2101164,2.6189475
2.2555175,2.6574328
2.1335533,2.5895178
2.1209266,2.5124636
2.1293218,2.5345821
2.1072893,2.66552
2.196641,2.6437242
2.167581,2.5464005
2.2363515,2.5123641
2.3833878,2.6290321
2.1779137,2.5559754
2.306113,2.6184492
2.2026978,2.5003126
2.4732075,2.557505
2.3460264,2.6221223
2.2177129,2.5868654
2.3041418,2.5295477
2.4745893,2.5452461
2.1331856,2.6474447
2.1420639,2.6463037
2.3649433,2.681188
2.1626863,2.5387683
2.3209934,2.534801
2.328749,2.515994
2.300161,2.5507355
2.3200405,2.6661532
2.3040137,2.530097
2.1629403,2.5353014
2.1283178,2.5748577
2.2228847,2.5173476
2.1005242,2.6110137
2.3057418,2.5607193
2.1915374,2.5138059
2.4985332,2.672757
2.1880367,2.5353398
2.2077177,2.6559734
2.203304,2.6315777
2.3192418,2.6257718
2.1985233,2.5712621
2.2211223,2.5070024
2.3040771,2.6015382
2.2115607,2.527815
2.2197855,2.645591
2.3272495,2.6251051
2.1309185,2.6231217
2.139731,2.6733105
2.207254,2.5271015
2.3093622,2.69097
2.1071486,2.6794662
2.177521,2.5998182
2.36987,2.685127
2.1585095,2.6671653
2.328077,2.5729895
2.2500436,2.5604188
2.1558983,2.5021942
2.2119713,2.5817194
2.528874,2.6674325
2.3529077,2.6939862
2.4098945,2.6311831
2.2312858,2.62899
2.1139336,2.5929682
2.1068616,2.6543698
2.230799,2.625486
2.131093,2.6240678
2.1014922,2.5027573
2.3287728,2.5798502
2.5048182,2.5776536
2.157077,2.6136687
2.1280944,2.6144655
2.3427129,2.5830255
2.3786309,2.5144193
2.1160996,2.6123557
2.3625627,2.61452
2.2836037,2.5595815
2.4855254,2.6999736
2.286755,2.645608
2.3801286,2.5436683
2.1911185,2.6837952
2.2216523,2.6243963
2.4656487,2.6042686
2.1170459,2.5516446
2.2835698,2.5314853
2.1650157,2.502871
2.2321143,2.565792
2.1191285,2.5011148
2.1132262,2.5895133
2.1479795,2.500877
2.1413043,2.5544658
2.109973,2.502613
2.2617195,2.5065904
2.1930382,2.6442378
2.1228952,2.6771407
2.210706,2.671359
2.1052034,2.5616562
2.2323818,2.6032948
2.348856,2.5498471
2.2251475,2.550731
2.353097,2.5455766
2.2124557,2.5891857
2.32348,2.5803287
2.333537,2.6553128
2.1313608,2.593182
2.2431276,2.6564858
2.3282757,2.5312402
2.100411,2.5563588
2.1162567,2.615801
2.1202703,2.6319983
2.1557515,2.6851075
2.301596,2.6367188
2.1743717,2.6414585
2.1114109,2.5456572
2.1161044,2.5552583
2.2461655,2.6979456
2.1757307,2.569959
2.2536445,2.6776226
2.3960214,2.6837225
2.2119515,2.648161
2.2401316,2.6493866
2.1460392,2.6280453
2.1436288,2.5239022
2.172526,2.5171273
2.244739,2.5603843
2.1132936,2.5280054
2.381793,2.5324702
2.1795368,2.5608544
2.2697666,2.6281087
2.3575177,2.6483903
2.42502,2.6758516
2.479972,2.6758516
2.2919097,2.6600592
2.1339326,2.66128
2.115735,2.6839538
2.3143446,2.6191366
2.1604946,2.5519023
2.2163854,2.525753
2.136976,2.6646032
2.2110002,2.6851578
2.2177877,2.6029084
2.1768224,2.6413026
2.1071362,2.6993964
2.2683458,2.6645083
2.414072,2.5184011
2.3477294,2.6219072
2.2972844,2.5967906
2.539626,2.5099869
2.2578642,2.5458403
2.136534,2.6524944
2.160464,2.652114
2.2115219,2.5518084
2.1737127,2.6990514
2.1535842,2.6367717
2.3357477,2.5458603
2.134236,2.557284
2.205027,2.560107
2.2826767,2.5675817
2.2626262,2.6695316
2.1542807,2.5607393
2.1861734,2.6272364
2.3771849,2.6577716
2.5324907,2.5272386
2.2721078,2.6825774
2.1217754,2.5365222
2.1284738,2.5962563
2.288056,2.5296333
2.1313303,2.6714563
2.1632955,2.5314493
2.1744313,2.6398537
2.3166301,2.5682342
2.116093,2.5253017
2.33249,2.6482441
2.1054506,2.5760128
2.3383949,2.6767035
2.2681634,2.5667527
2.271165,2.5758502
2.122253,2.505682
2.1713421,2.6937187
2.193703,2.6316028
2.5056849,2.513173
2.1379182,2.5736828
2.2224777,2.5878944
2.1341276,2.5378296
2.299806,2.645339
2.136234,2.6204844
2.1646554,2.6675937
2.1345017,2.5256999
2.3513417,2.5054038
2.163355,2.569047
2.2039745,2.6281939
2.1033175,2.685886
2.14094,2.666285
2.158221,2.633237
2.1519532,2.669982
2.4672403,2.56649
2.3137212,2.585603
2.3462439,2.553928
2.1383743,2.5018237
2.1014884,2.59414
2.203574,2.5427957
2.1229842,2.6591828
2.5251374,2.655141
2.1203544,2.5391824
2.5482128,2.6084304
2.256777,2.5195384
2.3162212,2.5986629
2.2460358,2.517515
2.2531013,2.5728912
2.1586332,2.5825558
2.3177645,2.6360316
2.2583659,2.6373615
2.3992302,2.6071832
2.267077,2.519287
2.1351538,2.6431546
2.2701175,2.6321347
2.100816,2.5162075
2.43897,2.6518204
2.1258526,2.5783153
2.1291513,2.6623402
2.3115299,2.5416431
2.1616585,2.521809
2.2314267,2.620104
2.445554,2.6613195
2.300316,2.5395737
2.194064,2.578487
2.1502464,2.6856508
2.15248,2.5507784
2.146267,2.6219225
2.3051107,2.6904857
2.1290438,2.6383696
2.1038668,2.5238726
2.1983469,2.6892881
2.193205,2.5658062
2.1172898,2.59365
2.1371496,2.5947459
2.3093557,2.5875635
2.3591902,2.5578988
2.1587605,2.675205
2.4396088,2.5201194
2.2526252,2.5067904
2.107746,2.6896546
2.1077635,2.6238544
2.2517922,2.5197432
2.3068233,2.6165588
2.319806,2.6352026
2.4908266,2.5647607
2.1328332,2.535675
2.1039355,2.6184192
2.4009557,2.6995897
2.156443,2.6083477
2.2181125,2.6898534
2.5026693,2.6398568
2.4796484,2.6238759
2.2911167,2.6175194
2.1944993,2.6258578
2.1381905,2.6186721
2.1357358,2.6676526
2.2084718,2.6875634
2.1074097,2.68631
2.1294262,2.5487516
2.4402525,2.6011007
2.1769485,2.5097747
2.2179515,2.6471348
2.112742,2.5676568
2.1592913,2.5323586
2.1158664,2.552922
2.1707299,2.568375
2.281464,2.5216923
2.4354477,2.6017766
2.1980677,2.6624475
2.2355168,2.5015225
2.1553237,2.6161332
2.1979115,2.6452417
2.145816,2.6262658
2.1718526,2.5691636
2.2327251,2.66449
2.1004899,2.5516095
2.1070144,2.66159
2.3158894,2.651218
2.2604587,2.581583
2.3739598,2.698615
2.3236136,2.5269015
2.2709167,2.5785866
2.1099236,2.6140463
2.465985,2.665923
2.1255996,2.6034627
2.1720862,2.5360465
2.181604,2.5648818
2.3486192,2.628312
2.131049,2.5710678
2.2062647,2.5371196
2.246104,2.5804412
2.3174908,2.62226
2.1614037,2.6883578
2.304249,2.5882263
2.455753,2.5668788
2.1929202,2.6217854
2.2907906,2.5556774
2.5214121,2.5725653
2.1505423,2.5692801
2.153221,2.649343
2.1718833,2.6297255
2.2231636,2.6181462
2.1860664,2.6805243
2.1409533,2.6924968
2.2637987,2.634689
2.1605942,2.5963163
2.2870123,2.5582936
2.1221921,2.5050182
2.1155279,2.5536056
2.5042803,2.5666564
2.3231242,2.554636
2.3907351,2.6247354
2.2459972,2.6781163
2.153729,2.5726972
2.232509,2.5790284
2.1675963,2.6676297
2.323833,2.6036024
2.2205906,2.545164
2.2519336,2.6021972
2.2771728,2.6652431
2.17648,2.5601585
2.332056,2.681058
2.1755157,2.6725094
2.2585592,2.688685
2.477541,2.6832728
2.1988125,2.5462842
2.1627367,2.5585854
2.1313083,2.635802
2.3628688,2.504419
2.3105457,2.5474284
2.1847477,2.600645
2.2485976,2.5225265
2.1674485,2.658973
2.1254847,2.509107
2.1322114,2.544529
2.252746,2.6637871
2.313672,2.5803277
2.229789,2.6102185
2.494299,2.5893545
2.100613,2.6301816
2.3078892,2.693908
2.2991323,2.528441
2.2927532,2.6510038
2.2380116,2.5901945
2.5139048,2.5779548
2.3005142,2.5190773
2.1878831,2.5022767
2.1557422,2.6103709
2.2370975,2.6427429
2.1351204,2.517049
2.2126012,2.5121996
2.1080563,2.6167605
2.2009494,2.582709
2.2366846,2.6601865
2.1541934,2.6390224
2.2305124,2.6562479
2.1956918,2.553664
2.2549024,2.570524
2.1243117,2.5160081
2.304081,2.6122298
2.379248,2.6823628
2.3748896,2.6701794
2.255139,2.536477
2.4353828,2.5868928
2.1529315,2.5685797
2.362887,2.5955794
2.1520863,2.5169425
2.2711322,2.59205
2.2734716,2.582185
2.2447357,2.5389605
2.4462464,2.6573768
2.1269565,2.5643265
2.4539742,2.6804624
2.2361763,2.6302888
2.5421891,2.5017495
2.1875927,2.6174757
2.1138375,2.6757283
2.329355,2.6740415
2.2081666,2.5829256
2.1478186,2.699482
2.1284897,2.5744197
2.4501185,2.505939
2.1562283,2.6580622
2.1313124,2.6890645
2.2877057,2.6019974
2.4395516,2.5851126
2.2619045,2.6138952
2.2179332,2.5478406
2.353149,2.6414635
2.142397,2.639801
2.157124,2.5495527
2.141269,2.529051
2.1612782,2.6494124
2.3751621,2.672862
2.505408,2.645568
2.1136703,2.6243904
2.1686416,2.6601074
2.3085392,2.664292
2.1620057,2.6847441
2.3977876,2.6047616
2.1956222,2.553495
2.2581275,2.6246896
2.2690086,2.6214817
2.145684,2.551287
2.2262702,2.5500975
2.334259,2.6081984
2.163258,2.5403802
2.2675078,2.6317294
2.128083,2.5010538
2.2181115,2.5908375
2.2015262,2.610609
2.290755,2.6427493
2.2081394,2.5827131
2.1463544,2.6163516
2.1135178,2.520086
2.134634,2.6032689
2.146676,2.6594262
2.5337923,2.6678963
2.5011878,2.6648543
2.433805,2.68276
2.2468345,2.690861
2.1942294,2.508343
2.188722,2.5096426
2.4457576,2.5754113
2.3517904,2.5786512
2.1901138,2.5250967
2.1652098,2.6756527
2.1686537,2.5427475
2.1154952,2.6512077
2.198818,2.695631
2.5437083,2.666693
2.4389963,2.633272
2.2148259,2.5919373
2.3964472,2.6293056
2.2928095,2.5770962
2.247348,2.5528626
2.1408257,2.6737208
2.4313936,2.5443625
2.1021833,2.665749
2.1357896,2.5121095
2.1172516,2.5750525
2.3350003,2.575732
2.2254817,2.6161447
2.1440687,2.5023026
2.1024268,2.5441608
2.220573,2.5505164
2.3625484,2.6424298
2.175092,2.5598958
2.2837548,2.531642
2.2504153,2.6679382
2.526666,2.5965352
2.3581717,2.6531243
2.4791102,2.611301
2.2514625,2.6007185
2.1623244,2.6725075
2.2749083,2.604959
2.4841194,2.6393282
2.2665749,2.598337
2.3255596,2.656415
2.286378,2.6511447
2.1099157,2.556556
2.2708862,2.5943768
2.2473462,2.6611726
2.2135417,2.6793985
2.102983,2.6625736
2.2000158,2.6376793
2.320815,2.6144295
2.110056,2.662294
2.1300797,2.574601
2.2475336,2.5987952
2.265866,2.5689397
2.1272907,2.5667887
2.2030108,2.6609125
2.3786135,2.6861708
2.3052223,2.5384736
2.3288958,2.602686
2.1438537,2.558617
2.4463863,2.675268
2.2756994,2.6500762
2.4820027,2.554341
2.281487,2.5673952
2.1412246,2.5404022
2.3609798,2.6749763
2.3437212,2.5785542
2.1178684,2.5229263
2.223974,2.5184948
2.198953,2.6365201
2.200327,2.671817
2.3845596,2.5402584
2.2327585,2.5205553
2.3102572,2.6651583
2.2020195,2.5083816
2.1223602,2.6995182
2.1657743,2.6941304
2.129277,2.5783806
2.2348604,2.6697636
2.1475253,2.5469065
2.2925804,2.6366093
2.2331738,2.6196094
2.3007085,2.5806777
2.2213547,2.5234857
2.135737,2.5783937
2.1087384,2.621199
2.4333262,2.5953536
2.4448037,2.644277
2.3333974,2.6013505
2.1624005,2.6530106
2.2865753,2.6083167
2.1243358,2.5254898
2.172923,2.5774336
2.51896,2.5697117
2.4022503,2.6543357
2.1408575,2.5905135
2.1900554,2.5400083
2.3620193,2.6709046
2.2557573,2.6976097
2.2406921,2.5138876
2.2384386,2.6577935
2.3134625,2.5694194
2.3519018,2.684074
2.331262,2.5479999
2.158006,2.6811395
2.2356796,2.6498816
2.3830154,2.6644201
2.182124,2.64711
2.1709828,2.509602
2.1128862,2.5041277
2.1391342,2.5370305
2.2597857,2.5754356
2.1357372,2.527205
2.1911628,2.6693172
2.388309,2.571207
2.1748276,2.6608672
2.2632103,2.5309186
2.175263,2.5561848
2.1576912,2.6512978
2.1425064,2.6831574
2.2595317,2.5539925
2.1855187,2.611186
2.4732153,2.5298452
2.3688774,2.5058312
2.2115848,2.5821192
2.155993,2.6611195
2.1340969,2.5472803
2.344195,2.5834987
2.3149772,2.5214117
2.18451,2.5163658
2.1199002,2.5232902
2.2592738,2.5291789
2.2736013,2.5676239
2.2903616,2.5065722
2.218703,2.5418775
2.1992166,2.544768
2.2318282,2.5106993
2.319651,2.6796682
2.493132,2.6524282
2.1419249,2.5616581
2.1949782,2.51451
2.2045758,2.6564646
2.4513345,2.5353427
2.110564,2.51603
2.439982,2.6868162
2.438169,2.652525
2.2821155,2.6863453
2.3314953,2.6397104
2.1019194,2.647222
2.2476146,2.5988443
2.159531,2.679282
2.3392124,2.5503366
2.1650524,2.6741436
2.3885627,2.688564
2.1172297,2.681928
2.1025996,2.5535445
2.1566384,2.5901954
2.1319857,2.6139498
2.29236,2.5533683
2.1296015,2.5989933
2.2537189,2.5709217
2.115288,2.6434398
2.1096845,2.560263
2.1439054,2.6045816
2.4263647,2.6717281
2.4263859,2.657158
2.130357,2.6837063
2.31967,2.5606027
2.1194494,2.651153
2.4218714,2.650919
2.1037514,2.545104
2.3099415,2.6562681
2.1737158,2.5041764
2.122877,2.5395308
2.4441898,2.6395788
2.1233559,2.6363537
2.1063879,2.5493584
2.1504507,2.5586016
2.13861,2.5459933
2.5134318,2.6846662
2.118409,2.6768992
2.3552551,2.5686874
2.1111088,2.695791
2.3759484,2.6407835
2.1538463,2.5182045
2.1028082,2.5321846
2.1283264,2.6292167
2.3373754,2.575254
2.3535256,2.6066043
2.207729,2.5204446
2.1213257,2.5018
2.3893673,2.6035678
2.2027893,2.5128114
2.1644251,2.5617058
2.3661125,2.579732
2.2833726,2.619794
2.1680245,2.5676098
2.1056807,2.686947
2.1862419,2.6290636
2.5170681,2.6627378
2.2047946,2.6248918
2.3576765,2.5155187
2.2004483,2.6591644
2.5174868,2.5634208
2.2950583,2.5547848
2.2702546,2.599346
2.5056353,2.5053465
2.2749088,2.5242455
2.2888885,2.6703756
2.136366,2.5817552
2.4017007,2.656201
2.4265184,2.633151
2.2831192,2.5040052
2.1019833,2.5616446
2.1022413,2.6627665
2.1937165,2.6345515
2.1768398,2.627151
2.2004507,2.6129544
2.3040192,2.5214486
2.1447303,2.5503466
2.1517854,2.6635237
2.482259,2.624802
2.100238,2.515563
2.5019355,2.654946
2.1937263,2.6876419
2.229314,2.5451007
2.1725132,2.5769932
2.1170475,2.6160314
2.2050145,2.5535781
2.3060088,2.5908902
2.1354363,2.6408143
2.3144464,2.557309
2.1832495,2.5630457
2.1481826,2.679703
2.515617,2.6873336
2.2279952,2.698216
2.1860044,2.6939306
2.377334,2.5909278
2.2951224,2.6465275
2.1454258,2.5055196
2.161825,2.671029
2.121974,2.635542
2.278702,2.5251842
2.3410413,2.6414983
2.1200047,2.5219028
2.4548986,2.649072
2.1505668,2.531713
2.1970475,2.6231453
2.1521616,2.5710802
2.2247412,2.6620276
2.2538404,2.5339856
2.460553,2.5343034
2.3023224,2.5855958
2.1328127,2.568865
2.3711553,2.6000464
2.3855567,2.5148935
2.1999784,2.5211165
2.3686352,2.6810446
2.1045415,2.5309918
2.201368,2.5615535
2.1073298,2.6352584
2.2650356,2.6473172
2.1870637,2.5731683
2.2053313,2.6629875
2.1276445,2.6410477
2.4730778,2.6689162
2.4444544,2.6747096
2.1007922,2.506049
2.25509,2.5110295
2.4210687,2.622238
2.1057718,2.622232
2.4108896,2.6015248
2.4137397,2.5047789
2.126906,2.598167
2.393151,2.5631409
2.5332751,2.6593356
2.2948966,2.6959634
2.5468206,2.5817645
2.1200643,2.5147004
2.1986656,2.607047
2.1217577,2.5604875
2.1176589,2.6109893
2.120111,2.5741541
2.1334732,2.6704655
2.1018536,2.5386798
2.2502303,2.6720736
2.2602324,2.5987206
2.3213284,2.6543941
2.1543596,2.5735433
2.3081086,2.6742291
2.12004,2.5085173
2.519708,2.6583354
2.1659536,2.5090575
2.3918219,2.5306964
2.4288476,2.629992
2.2070642,2.5469475
2.223421,2.5498052
2.2607985,2.5819354
2.1595662,2.5627604
2.4046743,2.699912
2.2133043,2.609935
2.2822232,2.627621
2.2676394,2.6076925
2.143017,2.5587618
2.4342759,2.6478944
2.1194139,2.6546946
2.4814591,2.5694792
2.1929417,2.5667133
2.1942167,2.6639078
2.127006,2.5901504
2.2491539,2.580772
2.2332902,2.622826
2.4120972,2.540924
2.130907,2.5390496
2.3255537,2.5778403
2.1580546,2.6555533
2.1067057,2.6885226
2.1577642,2.6939158
2.2021987,2.6849878
2.1048915,2.5615668
2.4390335,2.5863461
2.183457,2.5204654
2.3579202,2.565988
2.175525,2.5053964
2.1362705,2.5979447
2.315516,2.6274676
2.156861,2.519276
2.1647284,2.5145454
2.1552598,2.5473902
2.3936632,2.544046
2.4816203,2.5454648
2.1553528,2.5001166
2.1724575,2.58912
2.1354768,2.6826224
2.4248905,2.5635247
2.2905278,2.6035547
2.142813,2.5063775
2.5311184,2.6109898
2.157534,2.6693347
2.1901877,2.598195
2.294879,2.522616
2.1361442,2.6670978
2.2776976,2.5616763
2.2975795,2.6860752
2.1430237,2.5814872
2.1858807,2.6592386
2.126175,2.699781
2.219409,2.5379696
2.323196,2.5994616
2.350625,2.6980758
2.3572683,2.508827
2.3825188,2.587337
2.2819097,2.551423
2.3227684,2.6771321
2.2129452,2.6021552
2.405749,2.5984306
2.4922025,2.53556
2.3211615,2.5072942
2.2560587,2.6295106
2.1649275,2.5433168
2.3518558,2.5390964
2.1384397,2.5967176
2.1649444,2.5210514
2.2062438,2.6727366
2.4818573,2.6103027
2.1706567,2.576856
2.2159603,2.5067031
2.4449,2.6503484
2.1454835,2.599928
2.2094867,2.514372
2.4265378,2.5047421
2.1604595,2.641386
2.140637,2.6815798
2.4881365,2.5690346
2.2160654,2.6098437
2.1092865,2.6021988
2.3252285,2.695015
2.3070807,2.540712
2.4776335,2.519227
2.208094,2.6843948
2.1674416,2.680189
2.2577322,2.556539
2.113723,2.5622153
2.2249546,2.5666478
2.4800925,2.5313146
2.1142702,2.5917437
2.4778883,2.5219135
2.2987008,2.5243018
2.238915,2.5496273
2.1529627,2.527492
2.1314144,2.5769145
2.2770805,2.600864
2.3917973,2.5049698
2.310078,2.5556798
2.3668737,2.5022755
2.1626403,2.672053
2.2361948,2.5709372
2.2247727,2.6464229
2.1210537,2.5232704
2.1482015,2.5780873
2.117204,2.6049228
2.2858567,2.5058718
2.3132246,2.55046
2.2026181,2.6595554
2.444593,2.5562553
2.2020419,2.5464075
2.3639467,2.559408
2.184475,2.6360226
2.2740762,2.657758
2.123534,2.547728
2.1823366,2.6843517
2.1364994,2.589192
2.2827172,2.6105304
2.1746104,2.5686584
2.1037621,2.6374304
2.2221303,2.5816844
2.1055298,2.63404
2.1755526,2.5342436
2.1489482,2.583491
2.4073822,2.5518694
2.1338365,2.6716378
2.130009,2.6805522
2.1052043,2.5171204
2.1988506,2.5362499
2.3062434,2.6565702
2.5236335,2.5068738
2.1675165,2.5704684
2.3400414,2.625275
2.3215253,2.546156
2.3232472,2.5646386
2.4524553,2.5799124
2.1196775,2.6410043
2.489905,2.5529304
2.1505158,2.515041
2.1674576,2.6784048
2.4931278,2.6049426
2.1452203,2.5034416
2.1177733,2.5089436
2.297029,2.570614
2.381719,2.5877545
2.303026,2.5862553
2.1772938,2.5488179
2.1919758,2.6473062
2.1334713,2.6813781
2.4636588,2.6756275
2.1679637,2.6104789
2.1649,2.5832791
2.2704504,2.6697404
2.3006306,2.5818276
2.1515768,2.5187814
2.142182,2.6120064
2.1861985,2.5907128
2.3643475,2.6483989
2.1954262,2.6030488
2.1369126,2.524072
2.1648233,2.5783682
2.2151918,2.6965296
2.3989897,2.6024592
2.3434427,2.5462182
2.1102183,2.6139436
2.1980994,2.5086374
2.3468592,2.5555513
2.348037,2.5393224
2.2290132,2.5689323
2.2321918,2.687082
2.3590734,2.5283163
2.4178905,2.5112135
2.2373903,2.5986884
2.1868992,2.6268132
2.1029851,2.525347
2.114118,2.5579693
2.244123,2.613205
2.2373078,2.6385956
2.259186,2.5544186
2.131522,2.543367
2.354304,2.6817124
2.341025,2.641964
2.1604583,2.5631635
2.1606717,2.5898364
2.1347635,2.6028645
2.2414548,2.6086123
2.1566122,2.5053132
2.1512568,2.6544106
2.1898856,2.6036904
2.1867526,2.6250615
2.536294,2.6641076
2.4913905,2.610616
2.1137226,2.6543
2.1851962,2.6287982
2.351178,2.6406572
2.1423903,2.6658432
2.2664413,2.5283475
2.406657,2.5887537
2.104516,2.642947
2.1046083,2.5476227
2.2880383,2.6973562
2.4382014,2.6656337
2.1272626,2.541547
2.3743227,2.554057
2.1913521,2.6152945
2.2773793,2.599506
2.2246594,2.5899034
2.1143024,2.6838148
2.3416328,2.6505933
2.2473075,2.5469618
2.1007226,2.672204
2.141216,2.6370158
2.1687417,2.573509
2.1439242,2.5559866
2.3897426,2.5043538
2.1432781,2.6510882
2.2481446,2.5262456
2.2504632,2.6066768
2.3220623,2.6333592
2.2710505,2.661864
2.2721982,2.6802962
2.1344395,2.560486
2.1970515,2.5783405
2.1280878,2.5825489
2.2431664,2.5885262
2.1558619,2.535191
2.2139988,2.5155656
2.2891717,2.5420837
2.145109,2.567801
2.1160038,2.6423469
2.3990464,2.5231326
2.1024241,2.5755863
2.1099715,2.6299534
2.3745224,2.6169322
2.1872058,2.5019264
2.1382086,2.6155086
2.1030483,2.5001767
2.323783,2.5923145
2.2389755,2.579037
2.2624369,2.6702287
2.1839404,2.6881645
2.1842349,2.678044
2.1554387,2.583637
2.4751115,2.5297651
2.102322,2.6944053
2.3577905,2.657592
2.1118832,2.5438282
2.1064541,2.5530508
2.527554,2.607496
2.1314,2.595882
2.108704,2.551726
2.229428,2.6647418
2.2633111,2.5300808
2.1312652,2.6514564
2.235073,2.5685818
2.2755911,2.6744614
2.2730668,2.6147218
2.318462,2.691508
2.2105954,2.5325418
2.5052361,2.592903
2.4136646,2.509662
2.38469,2.5689783
2.2637343,2.5574274
2.1040735,2.6420937
2.1425166,2.5339289
2.1759193,2.683324
2.4235494,2.5674512
2.1244097,2.6363852
2.163473,2.5772228
2.2538605,2.6288822
2.280371,2.5383766
2.2032218,2.5664184
2.2261376,2.668638
2.1221738,2.5937717
2.3932605,2.6739538
2.3459103,2.517928
2.1709757,2.5356226
2.2466547,2.6067674
2.2358615,2.5277586
2.1532326,2.5612886
2.241963,2.5723498
2.133678,2.6257737
2.394295,2.6281366
2.5238461,2.6355784
2.1473956,2.561634
2.5475898,2.5399868
2.1751583,2.573442
2.4362333,2.5535364
2.334155,2.596094
2.360718,2.687529
2.4381819,2.5858412
2.2383723,2.6261425
2.283441,2.607048
2.1659894,2.5575812
2.2532609,2.6296165
2.398854,2.5586748
2.3704503,2.5868125
2.1220262,2.5917597
2.1187751,2.693883
2.2016606,2.5845087
2.210105,2.590315
2.3088272,2.6833503
2.1455307,2.5038595
2.3243756,2.58192
2.4267204,2.5550177
2.1287382,2.6450706
2.393021,2.5928447
2.2907553,2.6487877
2.1446447,2.6224473
2.197999,2.5942261
2.3439434,2.5565536
2.133886,2.5972946
2.2336957,2.5297172
2.4992652,2.6371303
2.1850758,2.5528975
2.3521013,2.6527076
2.1027007,2.6186118
2.1233053,2.6658323
2.2220104,2.6675677
2.3150256,2.656718
2.523594,2.513737
2.4785054,2.513737
2.326543,2.579794
2.2163997,2.5628645
2.461338,2.6335738
2.46622,2.551201
2.3166323,2.5380757
2.1540122,2.5737035
2.1118476,2.6264162
2.192312,2.580787
2.2349348,2.5823128
2.190946,2.629163
2.1110344,2.6133842
2.1986184,2.6963696
2.2319722,2.5767148
2.3776903,2.5880408
2.1840913,2.6372304
2.4829059,2.5397375
2.122719,2.575884
2.245788,2.6209557
2.2039843,2.5687175
2.2142358,2.627643
2.168834,2.594505
2.1638622,2.5011327
2.2187374,2.5155575
2.2249827,2.5079224
2.3705702,2.5735154
2.3678298,2.5662572
2.1458378,2.5892887
2.266602,2.6635592
2.5401764,2.6503735
2.114609,2.6910536
2.1745355,2.522476
2.4582815,2.5263193
2.1836884,2.5278342
2.163579,2.6308131
2.160673,2.6534147
2.3361723,2.5285885
2.305643,2.6850724
2.4404075,2.6654217
2.1670382,2.5251188
2.4925413,2.5155165
2.2946799,2.5563996
2.1040828,2.5030708
2.1960983,2.527661
2.1752505,2.5713038
2.2737298,2.5723681
2.3527708,2.6309607
2.2697515,2.5341582
2.1327267,2.5932019
2.341217,2.524715
2.1257448,2.5474393
2.1901164,2.6270306
2.3064134,2.6717288
2.1604478,2.6887627
2.2768693,2.5796247
2.3748136,2.6050537
2.1279454,2.6416194
2.2730234,2.5040686
2.1885393,2.5395932
2.1661825,2.5506082
2.2202797,2.509928
2.10383,2.6446414
2.1343715,2.5189152
2.4667454,2.5529208
2.4533463,2.6772587
2.2160938,2.5326943
2.147717,2.6656156
2.4914072,2.543723
2.183214,2.6331038
2.145236,2.676751
2.1544333,2.5499146
2.2159789,2.6246927
2.3462214,2.5186913
2.3869357,2.6451566
2.2518637,2.5748873
2.1638756,2.6200457
2.303472,2.6037743
2.293346,2.6173103
2.1602273,2.614004
2.3263252,2.6654058
2.342267,2.6279047
2.1861205,2.577791
2.2831285,2.5923736
2.2461023,2.5582325
2.1928606,2.6107714
2.1789765,2.6534626
2.1227503,2.6533222
2.1655495,2.5174253
2.4160714,2.6506157
2.5093207,2.6260743
2.3391948,2.5612257
2.1124327,2.686009
2.2502785,2.6128564
2.3115017,2.5867682
2.1067157,2.6076021
2.128119,2.5507553
2.3089972,2.548993
2.127097,2.603149
2.5000627,2.6898334
2.1323,2.5022817
2.1797285,2.5116208
2.1883852,2.6356955
2.1647742,2.5156868
2.4294195,2.516711
2.1539583,2.631485
2.1038368,2.6413894
2.167161,2.5434694
2.2591052,2.6592684
2.1866064,2.6579804
2.1554847,2.6607254
2.295826,2.650098
2.1758804,2.6914515
2.108175,2.5696378
2.3361773,2.5173025
2.1529853,2.618695
2.1735392,2.5689595
2.100437,2.5252042
2.2807198,2.624072
2.2058434,2.6260288
2.227609,2.652267
2.107269,2.5673423
2.4121583,2.596208
2.1352408,2.546306
2.1653323,2.6454237
2.3665497,2.6765683
2.4162664,2.6978576
2.1628916,2.5622747
2.3701887,2.6987162
2.4124892,2.5963368
2.238461,2.6698759
2.4878314,2.5072284
2.1910825,2.6485424
2.1937232,2.6521113
2.3455205,2.645578
2.234865,2.5197988
2.349217,2.6680803
2.4419549,2.6186852
2.1288793,2.5049653
2.1870956,2.6530607
2.2180471,2.6687052
2.2710264,2.6242445
2.3485014,2.6709592
2.1995516,2.5820897
2.206358,2.5119052
2.2538948,2.5960205
2.1347427,2.6237626
2.294755,2.621451
2.46552,2.586596
2.275177,2.673821
2.2312448,2.5191958
2.4964826,2.594625
2.3000069,2.5894542
2.282711,2.5709026
2.1083174,2.5336483
2.2280362,2.572603
2.187789,2.5537736
2.3833427,2.5220604
2.1240342,2.565874
2.1926863,2.6667056
2.1980188,2.619381
2.103004,2.5815618
2.1231143,2.597866
2.1366308,2.516737
2.531987,2.6422732
2.3482296,2.5566094
2.2228909,2.5300825
2.1949914,2.533788
2.1498091,2.6573431
2.1306283,2.5504942
2.1719928,2.6799226
2.2548404,2.6558125
2.1916075,2.603265
2.2202003,2.655021
2.2262678,2.5575013
2.514378,2.6578505
2.211857,2.5674157
2.4848504,2.6011753
2.2171307,2.564454
2.2030919,2.697528
2.1908054,2.6407442
2.2935717,2.5128193
2.3019028,2.6766222
2.2711477,2.5552938
2.1856449,2.6012094
2.104007,2.6798735
2.4839034,2.555054
2.3501139,2.5187156
2.232176,2.6151428
2.105532,2.6636615
2.4612994,2.559704
2.3282802,2.6066756
2.1490486,2.5344465
2.150758,2.5828404
2.4971578,2.5694551
2.1516109,2.561898
2.1371574,2.5110857
2.2514837,2.5881858
2.131301,2.6798258
2.1409113,2.545723
2.310749,2.555627
2.1467676,2.570471
2.2146118,2.5220666
2.3494623,2.599919
2.1670873,2.5881612
2.265056,2.5393593
2.12105,2.5655844
2.105262,2.5189357
2.290439,2.6530976
2.1430187,2.609858
2.2196033,2.6192193
2.453441,2.6261163
2.4316995,2.586372
2.1354976,2.613719
2.30689,2.5001364
2.115759,2.6306012
2.3225722,2.680976
2.1681895,2.6891506
2.138874,2.600589
2.170742,2.5240462
2.1230614,2.5150602
2.4182067,2.6198058
2.1855652,2.588024
2.311708,2.516107
2.296392,2.603758
2.3675184,2.6188622
2.1129415,2.6375134
2.4197536,2.6150565
2.200355,2.6141596
2.1787097,2.6885543
2.3695135,2.6774414
2.1151884,2.5573018
2.164811,2.5313947
2.1224933,2.611926
2.1678317,2.6484554
2.390956,2.5739543
2.279164,2.6825573
2.3761206,2.5940104
2.1132185,2.691129
2.1995327,2.5351057
2.2037628,2.6358583
2.3750446,2.6325798
2.2040493,2.5008738
2.115476,2.6775498
2.5136912,2.5497618
2.128282,2.6333494
2.2033396,2.609156
2.1604424,2.621375
2.4409006,2.5214128
2.1460092,2.6588352
2.3327765,2.6016002
2.1646817,2.631594
2.1232429,2.525047
2.198427,2.5754135
2.5010512,2.582024
2.416456,2.5603096
2.2748837,2.6189256
2.1324832,2.513002
2.1750574,2.6966937
2.1028407,2.6187093
2.1071386,2.536759
2.2383676,2.616413
2.3702888,2.619097
2.1263402,2.6984801
2.3911388,2.6609883
2.1523554,2.5179458
2.2902546,2.6326692
2.172978,2.6622264
2.3561616,2.614752
2.174081,2.5417943
2.4102476,2.535573
2.1458075,2.5725012
2.3722303,2.5851634
2.3966966,2.5861583
2.1622689,2.6975598
2.2532804,2.695656
2.328976,2.5468326
2.2151818,2.572638
2.2283251,2.5969424
2.2199385,2.6976504
2.2465143,2.5565078
2.2085924,2.6768713
2.222168,2.5011697
2.298993,2.5832655
2.255895,2.6754148
2.1252544,2.6382031
2.2836616,2.6373954
2.1188893,2.6977344
2.2382054,2.6428952
2.1193373,2.5134108
2.1838098,2.5277982
2.1996446,2.5224931
2.1418388,2.6899388
2.1588955,2.507056
2.213446,2.6082053
2.2337446,2.6828325
2.1919298,2.5064847
2.4262297,2.5325406
2.1623566,2.5106676
2.1641104,2.508132
2.1778116,2.6234984
2.1282744,2.5340526
2.1928432,2.561795
2.148469,2.6740167
2.2018461,2.594557
2.385625,2.6972039
2.1213946,2.56008
2.3228478,2.515101
2.2428834,2.5406404
2.1091838,2.6720314
2.2433312,2.6097748
2.1080055,2.5192008
2.3694737,2.5603943
2.200619,2.6037273
2.3330898,2.6498177
2.2625253,2.695828
2.1312237,2.5751512
2.2485924,2.5871983
2.4796767,2.621649
2.324621,2.6736805
2.1145082,2.533204
2.1384103,2.6956568
2.17103,2.5739262
2.1710737,2.61992
2.320058,2.6094456
2.2147937,2.571822
2.152986,2.6721325
2.223235,2.6852686
2.3103285,2.5635839
2.1623409,2.6397848
2.1811693,2.5075848
2.242426,2.6163683
2.1869104,2.5047858
2.1601717,2.59766
2.4212532,2.6324823
2.1650167,2.6756434
2.5067356,2.676962
2.5114806,2.5486696
2.107236,2.5878499
2.4039454,2.5342667
2.1043196,2.696796
2.3377213,2.5684187
2.2395165,2.608647
2.149431,2.617124
2.1222882,2.6733003
2.1019857,2.528243
2.247709,2.5746734
2.1678793,2.6243346
2.1325994,2.6821952
2.495224,2.680301
2.18362,2.5650542
2.3156445,2.548608
2.1296463,2.588975
2.164229,2.5925164
2.266551,2.6469736
2.118891,2.6408014
2.452566,2.5161111
2.1269684,2.6549253
2.1386657,2.6087377
2.3191984,2.5885355
2.1344135,2.666734
2.1135085,2.684958
2.2557938,2.6271071
2.1145818,2.5941412
2.247643,2.6054544
2.1817055,2.525733
2.2936087,2.6641014
2.3375478,2.561637
2.2198925,2.6748993
2.1349313,2.5376499
2.2288213,2.54931
2.4727795,2.573713
2.2035172,2.6310759
2.1272013,2.5153122
2.3345711,2.5522854
2.5275707,2.6467512
2.3437276,2.643064
2.1511636,2.6244895
2.3689582,2.5864062
2.13121,2.507306
2.1304402,2.5395575
2.1420593,2.5955968
2.3621943,2.50442
2.227163,2.5348728
2.1506276,2.6156723
2.5308628,2.5010045
2.1117005,2.627375
2.2754571,2.548378
2.2047842,2.5114594
2.3817904,2.6821322
2.5139573,2.543089
2.2494352,2.6877298
2.278185,2.584417
2.3640406,2.6798573
2.4986188,2.6428483
2.3285043,2.6639416
2.114026,2.6658323
2.2142491,2.5099022
2.204384,2.6418064
2.1900544,2.6906672
2.2216043,2.6784346
2.228729,2.521784
2.1179523,2.6193888
2.136909,2.588918
2.250796,2.571489
2.1175086,2.69271
2.165361,2.5644906
2.2945879,2.6134257
2.3759525,2.6187086
2.3769996,2.5095894
2.1585011,2.6222844
2.5203469,2.6026025
2.34014,2.6313953
2.1992793,2.6769903
2.1282368,2.6857018
2.314225,2.519863
2.1250305,2.5460374
2.164026,2.6555758
2.1620758,2.5271468
2.5466208,2.541498
2.5243778,2.6171644
2.1510265,2.537931
2.162902,2.6226268
2.2662177,2.663483
2.484965,2.5938654
2.1785915,2.6140509
2.4420714,2.5290496
2.1186116,2.5181062
2.310276,2.570789
2.3533404,2.5302432
2.2886987,2.6509197
2.1997724,2.5745215
2.5220463,2.651406
2.1945157,2.6251388
2.2079625,2.541656
2.1401813,2.5862997
2.307868,2.5656898
2.1696844,2.6968288
2.2905478,2.5793695
2.1092682,2.5777228
2.2422428,2.6903822
2.1081576,2.6236236
2.261319,2.6168368
2.1927152,2.6241102
2.3679314,2.6653655
2.5256045,2.650416
2.2793126,2.567479
2.2193704,2.587462
2.4842694,2.5431898
2.1025903,2.6900878
2.117743,2.556378
2.3878388,2.6655304
2.4080157,2.510626
2.293936,2.5576615
2.1442218,2.6282384
2.1430485,2.6430888
2.1846354,2.5122187
2.2452996,2.6617696
2.179005,2.584784
2.1416972,2.5584657
2.1975446,2.66012
2.5421765,2.6295302
2.3818283,2.5855043
2.1011877,2.666527
2.5455136,2.5059516
2.1251276,2.655414
2.3339875,2.56237
2.1990974,2.5842066
2.43725,2.5125768
2.1074245,2.6420918
2.118452,2.567235
2.3786006,2.55187
2.1210876,2.6791544
2.3208358,2.6015978
2.248876,2.661079
2.1698115,2.5305047
2.1471672,2.5072005
2.3202343,2.5302408
2.1045675,2.6473696
2.152964,2.598308
2.1254954,2.5193925
2.2266915,2.6429033
2.120495,2.587732
2.2913375,2.540936
2.1828623,2.626644
2.3360853,2.6660156
2.177767,2.621529
2.202133,2.5193937
2.228805,2.5921543
2.380722,2.508788
2.3943412,2.522829
2.2743268,2.6134605
2.4684958,2.5527668
2.10983,2.5812204
2.3420715,2.6550531
2.3004568,2.5896327
2.294065,2.6847107
2.2316558,2.6362154
2.4514546,2.6326792
2.228293,2.557511
2.192852,2.5209517
2.1196923,2.560762
2.1541295,2.5136673
2.4725332,2.6596935
2.225243,2.5559013
2.3650246,2.5186825
2.1882834,2.5949423
2.3751051,2.5874112
2.15472,2.5104458
2.2429035,2.5506272
2.4630804,2.6881227
2.2531302,2.6692958
2.5432258,2.5458858
2.2287066,2.5022953
2.18629,2.56843
2.2104795,2.6605635
2.164948,2.6791627
2.2724783,2.5604842
2.2060947,2.594664
2.2369335,2.5396655
2.122307,2.538193
2.2106526,2.6756804
2.1235774,2.6197884
2.1934516,2.566968
2.167301,2.526562
2.107515,2.618352
2.300798,2.5565636
2.4458413,2.5904822
2.159709,2.6697865
2.4967613,2.6421077
2.548209,2.5092347
2.5222223,2.5335855
2.1305783,2.5861917
2.1630855,2.6404424
2.1657238,2.5022302
2.3672557,2.6888673
2.5078185,2.5675035
2.4311612,2.5768063
2.3976722,2.6334686
2.1240082,2.6321833
2.2508955,2.6232953
2.3290997,2.5388129
2.3246632,2.6184056
2.1823864,2.6569216
2.20299,2.6384945
2.145227,2.6024597
2.1453667,2.5868957
2.249229,2.526712
2.1030493,2.5984125
2.2755997,2.6758385
2.1324408,2.6991858
2.133729,2.5472755
2.200481,2.69015
2.2831895,2.6300268
2.3179624,2.5519412
2.4634807,2.5984783
2.30523,2.5201626
2.3941865,2.517221
2.2616441,2.5075042
2.1217246,2.624009
2.493167,2.6505883
2.2606263,2.6687784
2.4284458,2.6525204
2.4775133,2.5131907
2.2355456,2.579585
2.240506,2.5675528
2.2954676,2.6015718
2.1353374,2.671411
2.2366436,2.6985705
2.2935202,2.558147
2.1835272,2.5351083
2.117506,2.5354176
2.144835,2.5123243
2.2133381,2.56113
2.3063374,2.621732
2.2899518,2.5127013
2.1132426,2.591688
2.2740493,2.6909003
2.3176415,2.511106
2.197098,2.5846605
2.2550435,2.5256453
2.143876,2.695298
2.1259315,2.6273177
2.1187751,2.6077116
2.2569096,2.667848
2.3312223,2.6558518
2.3775792,2.5995135
2.2405105,2.5730288
2.2056155,2.6260958
2.1462226,2.6327255
2.1966367,2.6392422
2.4337873,2.6757004
2.2773163,2.6136594
2.2247598,2.521083
2.2078943,2.6565988
2.1198502,2.6470122
2.4320705,2.5356812
2.1613045,2.525547
2.3420684,2.5329785
2.3540847,2.5941837
2.219035,2.64808
2.223104,2.6184478
2.1826873,2.6123435
2.3257046,2.6907938
2.233231,2.5137372
2.124007,2.5790372
2.1102097,2.6751292
2.1239676,2.501609
2.1491835,2.6631188
2.2051303,2.6152995
2.2900186,2.505488
2.4353518,2.620755
2.1139383,2.5976348
2.1570115,2.6083765
2.1582334,2.6997848
2.1202266,2.5275307
2.3659809,2.6632903
2.140225,2.5590646
2.541811,2.515186
2.1196756,2.5875666
2.2632809,2.5752985
2.149075,2.5028732
2.117287,2.648732
2.115321,2.6979046
2.1105525,2.548606
2.133056,2.5177007
2.211116,2.6293788
2.137031,2.6244829
2.2192628,2.518868
2.328424,2.6273453
2.232334,2.548678
2.330322,2.509145
2.1075375,2.515903
2.4792676,2.5895364
2.107128,2.5299394
2.2680829,2.5853763
2.3439221,2.692171
2.210485,2.582493
2.1261482,2.5837767
2.1068146,2.5623145
2.2793267,2.6803138
2.425683,2.5580363
2.1428783,2.5511293
2.2160828,2.531624
2.1905174,2.5543635
2.5021691,2.5540726
2.1463122,2.5333881
2.1503212,2.5090027
2.1640627,2.5101526
2.1158242,2.6308885
2.1886084,2.682581
2.1180017,2.5826159
2.3218138,2.6183565
2.3484797,2.5094464
2.1376438,2.616545
2.3470292,2.5117373
2.1783395,2.6674685
2.1885297,2.5803869
2.5475583,2.5356913
2.2731214,2.5573432
2.2917624,2.5935538
2.3674018,2.53337
2.2299826,2.6483963
2.2927449,2.6882908
2.1769855,2.6099348
2.206117,2.6315308
2.1689646,2.6750095
2.1635494,2.6415613
2.2908337,2.509977
2.2577002,2.605608
2.1805038,2.5255818
2.1330338,2.5996385
2.1108062,2.6047468
2.168133,2.6009512
2.4167159,2.5629773
2.415957,2.6236129
2.193922,2.6151285
2.2311213,2.5733926
2.1871338,2.6535761
2.399893,2.6229303
2.3691247,2.5806768
2.3149521,2.6695852
2.102484,2.5658789
2.1656435,2.596085
2.5361032,2.5852323
2.2308288,2.571205
2.4927018,2.5917091
2.2067165,2.5159726
2.3378265,2.6391473
2.2643385,2.570022
2.238377,2.6426713
2.3276947,2.5767443
2.3316755,2.6023872
2.361636,2.6012652
2.1039968,2.6152768
2.157737,2.5664902
2.1147568,2.6059883
2.1755219,2.6350698
2.1231804,2.5910656
2.179331,2.5815868
2.1842303,2.5711515
2.1992364,2.6414618
2.5404742,2.646337
2.4077306,2.6899931
2.1761484,2.6299117
2.1838796,2.658556
2.2698145,2.6384487
2.456092,2.6802425
2.1072698,2.5177813
2.3855393,2.6626663
2.1319535,2.5925403
2.1887035,2.5429924
2.2290277,2.5579522
2.119943,2.6119342
2.2926018,2.6056774
2.18082,2.5526793
2.1259406,2.6596913
2.1493018,2.5355687
2.1998634,2.5537443
2.2745512,2.5737805
2.1443627,2.5917578
2.2580733,2.584114
2.1739578,2.5259266
2.2523296,2.5523999
2.1725528,2.6227314
2.1697586,2.610393
2.4270153,2.62569
2.1795638,2.5279253
2.2098224,2.5940056
2.150221,2.6255627
2.283628,2.6690018
2.1960359,2.6854155
2.448171,2.5132418
2.3729908,2.654454
2.399346,2.6287768
2.1588805,2.6674447
2.527284,2.6563084
2.1527221,2.5423374
2.3735096,2.646662
2.3201058,2.6017735
2.4488378,2.534791
2.1909714,2.614732
2.4199643,2.5408788
2.4695554,2.5018947
2.202818,2.652097
2.3876166,2.596471
2.4294229,2.5662065
2.3338642,2.5707662
2.1737514,2.6426935
2.3777075,2.559043
2.3005874,2.5909123
2.1303368,2.5991986
2.146762,2.5484617
2.1662488,2.64051
2.1989949,2.6297786
2.2156947,2.5465865
2.1413326,2.587202
2.2839406,2.605462
2.2347968,2.6737046
2.2683384,2.622474
2.3024814,2.5909758
2.1098244,2.6061883
2.1423495,2.534561
2.1047924,2.5977578
2.1028957,2.6546733
2.2346737,2.551671
2.1572824,2.5866127
2.2407045,2.5408568
2.2461364,2.6150155
2.3746893,2.6657462
2.1279767,2.6046636
2.1436112,2.5564492
2.162839,2.5611691
2.4063354,2.5352304
2.29753,2.5454164
2.177412,2.5617154
2.241546,2.5196857
2.2254336,2.5184631
2.1451175,2.5977607
2.2153594,2.5142663
2.2507713,2.5616689
2.431442,2.6299
2.543984,2.504418
2.1164703,2.6770587
2.1003907,2.5940278
2.197369,2.6173828
2.157047,2.599055
2.169586,2.5077224
2.1401618,2.5027683
2.2034094,2.510215
2.4624624,2.6032562
2.143938,2.5566182
2.5133514,2.6532793
2.3757758,2.673439
2.19439,2.59517
2.4453654,2.50851
2.467365,2.55915
2.16486,2.5264018
2.1710327,2.5453494
2.2802086,2.5007834
2.1892939,2.6298215
2.112357,2.5429697
2.4059222,2.583645
2.3596673,2.5893347
2.411503,2.5432816
2.3389966,2.6300807
2.4128942,2.6172414
2.41011,2.6388311
2.1606221,2.5183146
2.2286537,2.6635196
2.102438,2.6187608
2.109665,2.6955595
2.1570072,2.6970136
2.1152017,2.630163
2.524462,2.5993803
2.1446018,2.5545123
2.1456661,2.551441
2.4268544,2.6884873
2.5028012,2.6522408
2.4077117,2.682688
2.4069152,2.6906657
2.458616,2.566194
2.4363644,2.5687444
2.2134695,2.6712735
2.1995156,2.5991683
2.3273365,2.5625882
2.1961062,2.635616
2.1136816,2.5911562
2.1907277,2.6769407
2.1430578,2.6267173
2.107575,2.5666287
2.5118177,2.6151135
2.4664123,2.6645539
2.2471793,2.5774999
2.27846,2.5825222
2.352993,2.541872
2.3734505,2.6837122
2.4977462,2.5311718
2.2373238,2.666838
2.2209213,2.6271174
2.134474,2.5622854
2.1438143,2.6022007
2.256893,2.52944
2.2709959,2.5194716
2.2162035,2.6718137
2.252416,2.6485739
2.2015085,2.5949662
2.1670716,2.5661094
2.1126544,2.62897
2.127291,2.6978326
2.1198173,2.6955433
2.3702564,2.6758957
2.292704,2.5737348
2.1398158,2.5351088
2.117848,2.5049958
2.315084,2.549844
2.321427,2.6767535
2.2336948,2.5305774
2.1740465,2.6772952
2.134993,2.568992
2.4226348,2.5055437
2.4962473,2.6054037
2.1516325,2.523404
2.4093392,2.556852
2.5080478,2.549907
2.2005098,2.5736978
2.2921376,2.582075
2.351361,2.6829898
2.119191,2.5642478
2.1371536,2.5891685
2.2655349,2.5383523
2.196587,2.541023
2.1926806,2.6917632
2.4486208,2.5239387
2.1256406,2.574326
2.2425246,2.508947
2.1102803,2.616608
2.4618967,2.52953
2.177056,2.5004158
2.172265,2.6334076
2.1128056,2.5797808
2.2621882,2.6995387
2.27914,2.6235845
2.1289234,2.5465865
2.2366903,2.600169
2.2474818,2.542407
2.272831,2.5422816
2.5359695,2.6866086
2.1695433,2.5278385
2.2916214,2.6079302
2.289694,2.6299155
2.4113822,2.6500013
2.1210272,2.5760534
2.1062171,2.5153635
2.1035833,2.5115795
2.3316097,2.6611078
2.2934082,2.5342548
2.154098,2.5576098
2.1214025,2.6585553
2.4405162,2.5255878
2.1753922,2.6836057
2.2806268,2.6119492
2.1357982,2.5233517
2.1040502,2.5860941
2.1008549,2.5842648
2.1269798,2.5438776
2.223732,2.5044868
2.2705753,2.6253152
2.2488256,2.685938
2.1720998,2.5377367
2.2120438,2.6069956
2.102784,2.6302056
2.3984938,2.5120413
2.12892,2.6339118
2.2674403,2.6518924
2.1152422,2.5945947
2.202479,2.6353292
2.130611,2.5721362
2.2325842,2.6432202
2.1521218,2.5508785
2.1821914,2.6665049
2.4196236,2.6531649
2.260931,2.6747952
2.1041195,2.6200597
2.1378284,2.611618
2.1841576,2.578916
2.2235327,2.5349028
2.1125948,2.651983
2.2563965,2.6493475
2.3615599,2.5317209
2.3027196,2.5144799
2.3334336,2.661456
2.3607168,2.5324628
2.2569222,2.5408719
2.1380045,2.6967907
2.1861567,2.5445285
2.153762,2.6192963
2.1041884,2.6644423
2.2722278,2.6399527
2.249676,2.61475
2.1424916,2.6213014
2.2376504,2.6774871
2.4412704,2.6943648
2.2892017,2.528556
2.182935,2.674392
2.1116736,2.5811043
2.4328666,2.5067031
2.1465778,2.570511
2.3205636,2.5955343
2.2944143,2.602776
2.2418642,2.6384468
2.3898456,2.6163538
2.1097772,2.5332112
2.2280033,2.6891062
2.215895,2.500762
2.3545544,2.623373
2.191516,2.5359159
2.3306513,2.6296277
2.1125467,2.6279864
2.3344853,2.6041126
2.115978,2.6908674
2.3545706,2.6557062
2.1830983,2.5463693
2.2833588,2.6919932
2.1306314,2.6401358
2.1123548,2.6655543
2.2724178,2.6902556
2.3494852,2.5823376
2.2565708,2.5230596
2.1310945,2.556775
2.1476338,2.5384765
2.3461363,2.6094227
2.419807,2.6666927
2.1507773,2.5542634
2.331135,2.590335
2.1387506,2.535828
2.1634533,2.5711358
2.25344,2.6791527
2.1773412,2.5045276
2.3759966,2.6687334
2.1971712,2.5058336
2.1667683,2.6790712
2.1146164,2.5281308
2.1272297,2.5383568
2.1385496,2.5771825
2.1415658,2.6268618
2.2968748,2.662199
2.2875738,2.6558614
2.1841917,2.6929927
2.243135,2.5562239
2.2593927,2.6759715
2.106599,2.6479785
2.340271,2.5146985
2.1158695,2.567755
2.20814,2.6654856
2.2924845,2.6129117
2.2193258,2.51267
2.2275972,2.6760726
2.1007078,2.6370134
2.2262707,2.6995807
2.1183877,2.6093702
2.2083783,2.63122
2.279886,2.5649598
2.3772795,2.6369867
2.1403718,2.6811454
2.1085796,2.5911136
2.292337,2.6019585
2.3132455,2.6680717
2.4325624,2.5419517
2.2305114,2.6259992
2.257963,2.6728883
2.176112,2.6570952
2.1020455,2.5069919
2.2605617,2.6639066
2.1658351,2.6764543
2.5386014,2.6136172
2.2210343,2.6303039
2.1085024,2.6205595
2.2661877,2.5955641
2.3033314,2.5628524
2.2642443,2.5976074
2.1438737,2.6199367
2.316018,2.508602
2.3003495,2.5178778
2.1570811,2.6189628
2.1053073,2.6646588
2.3328233,2.5581048
2.1243336,2.5529263
2.461956,2.6770124
2.2074275,2.53038
2.2210631,2.5015106
2.2562351,2.605299
2.2125335,2.6412506
2.2265754,2.5160084
2.2551281,2.5702636
2.5233808,2.5091836
2.1237607,2.6286118
2.2034004,2.5630345
2.437448,2.582748
2.2328703,2.5894985
2.1397517,2.5645852
2.2673619,2.6133711
2.2381883,2.6267889
2.1360393,2.6667266
2.1094234,2.5382047
2.2364488,2.6260574
2.1270056,2.555766
2.1195052,2.615049
2.117588,2.606041
2.1222394,2.5904603
2.3926287,2.5019991
2.1961007,2.5150716
2.5084271,2.5623705
2.127006,2.5558608
2.1947136,2.5440886
2.354169,2.501349
2.2778327,2.6858253
2.214864,2.6426222
2.1360273,2.5776024
2.1119049,2.6512337
2.307184,2.5866313
2.237324,2.6929853
2.1075232,2.603234
2.3736715,2.6425717
2.5300016,2.5579436
2.1358514,2.6178524
2.2788274,2.608697
2.1227722,2.6775196
2.2689435,2.6008012
2.2232382,2.6281042
2.2253485,2.5939417
2.297692,2.6256638
2.1294086,2.5238955
2.3425746,2.636274
2.2179067,2.6200569
2.291641,2.6663935
2.2222526,2.6817396
2.2176,2.6042485
2.1263034,2.5798147
2.203074,2.6301649
2.4329228,2.5161593
2.3580585,2.531943
2.1116998,2.6114018
2.1428666,2.5133784
2.3253334,2.5818338
2.1932971,2.5685475
2.2596965,2.6440709
2.4331768,2.573774
2.3551214,2.5406883
2.131194,2.5357838
2.2318513,2.5989816
2.2991548,2.5533051
2.2303212,2.530113
2.2121315,2.5445535
2.1793454,2.5799398
2.24884,2.515976
2.3905241,2.5356264
2.3708801,2.659148
2.1988091,2.5254426
2.1011863,2.5256143
2.4244833,2.6290379
2.1066663,2.6316686
2.4100022,2.6183252
2.133673,2.6237118
2.2990735,2.5336566
2.2355464,2.5853176
2.1672544,2.5849092
2.1627243,2.5270708
2.4495924,2.5520191
2.1276793,2.5354273
2.3885524,2.6542847
2.204053,2.5233388
2.2905052,2.663162
2.3574882,2.61142
2.338347,2.5055077
2.5120108,2.6983066
2.4080606,2.6914449
2.2967865,2.5179029
2.5340686,2.5194895
2.1619196,2.6422741
2.1054466,2.6798117
2.40267,2.5484948
2.4729478,2.647548
2.1235323,2.5561738
2.1023734,2.5414445
2.1728547,2.699396
2.407904,2.5630026
2.289887,2.5695488
2.1304479,2.540731
2.270556,2.5123765
2.2087643,2.5888555
2.159845,2.5367143
2.1533034,2.6938956
2.1274612,2.5003707
2.2048414,2.5110106
2.1514692,2.6880555
2.275525,2.6594791
2.2912464,2.6864603
2.3332534,2.6095173
2.4746845,2.6119726
2.2225614,2.56533
2.446577,2.5690536
2.491045,2.566949
2.1168797,2.5140343
2.3155031,2.5828433
2.205384,2.53773
2.5133507,2.689985
2.313907,2.5443392
2.2537148,2.6885664
2.2715297,2.5966752
2.1437132,2.5429797
2.124285,2.525442
2.1025183,2.6558378
2.413306,2.5138538
2.1651964,2.6277676
2.4974792,2.655946
2.1876063,2.5684314
2.2352333,2.5005484
2.4097407,2.6095793
2.1585243,2.5474164
2.1794188,2.5099425
2.1615994,2.6274002
2.2186375,2.628881
2.28166,2.6919
2.1244524,2.571644
2.4751241,2.6971412
2.1625707,2.6159344
2.353565,2.532376
2.2481194,2.6298378
2.3954887,2.538072
2.2534246,2.6825044
2.4738576,2.6195757
2.4107392,2.520892
2.1427522,2.598753
2.1604328,2.500128
2.1076589,2.53449
2.1571004,2.6150465
2.1552224,2.6999454
2.4226723,2.6024258
2.2115,2.5448358
2.1556067,2.5235987
2.1272748,2.599526
2.1093206,2.5760436
2.4162176,2.58602
2.246599,2.6459582
2.367709,2.642135
2.1153073,2.5330858
2.3109367,2.5328948
2.440394,2.5299284
2.3648005,2.5871282
2.482532,2.5901725
2.159223,2.543038
2.1008976,2.590998
2.428922,2.6814885
2.3126,2.5654936
2.452232,2.6451535
2.2181509,2.6954796
2.3497758,2.5208175
2.1293218,2.6928558
2.1016626,2.6338995
2.375924,2.6678462
2.1234357,2.6075368
2.1147537,2.5461407
2.3548973,2.6237535
2.17744,2.5122263
2.1835182,2.50168
2.1009536,2.6622832
2.364111,2.5669582
2.172623,2.5959754
2.121426,2.508707
2.2611473,2.5623827
2.1453168,2.5457132
2.2437563,2.5407164
2.1384618,2.6741917
2.4724772,2.5773923
2.3030503,2.5170891
2.4253542,2.6636453
2.2151074,2.695048
2.183124,2.6366124
2.2018135,2.5570762
2.2133017,2.674607
2.2854764,2.5010989
2.1216102,2.618826
2.1072752,2.5782566
2.182713,2.6584816
2.1117392,2.5452917
2.5094388,2.5450842
2.3960168,2.5945454
2.1969845,2.5565245
2.4484499,2.5179377
2.209472,2.6366093
2.175438,2.5131059
2.3262417,2.5775118
2.39509,2.6654167
2.2021935,2.644234
2.11079,2.589048
2.2484152,2.694351
2.2359114,2.6383753
2.344349,2.5434937
2.2372103,2.5187526
2.1030154,2.5528939
2.2965777,2.523409
2.3100715,2.5704534
2.2367432,2.5552309
2.1471636,2.507978
2.162824,2.6408854
2.1360164,2.6128504
2.1422865,2.5530014
2.2143598,2.5581853
2.108903,2.6382341
2.223376,2.5536563
2.131595,2.565734
2.1746285,2.5284479
2.215806,2.6148517
2.1050243,2.596549
2.2011833,2.514371
2.5303738,2.6348822
2.254438,2.5687797
2.1216424,2.5111814
2.14815,2.6747372
2.4378483,2.610941
2.251077,2.6025581
2.1365962,2.5876548
2.2084987,2.5564258
2.1207454,2.635556
2.2038274,2.568187
2.1784542,2.5356247
2.4378724,2.5877478
2.11066,2.678348
2.474057,2.523988
2.2019398,2.517002
2.1341467,2.5366907
2.1273766,2.549984
2.3004248,2.5762312
2.2630224,2.6205535
2.1300023,2.6561854
2.1931396,2.5718827
2.2403352,2.6770258
2.1178493,2.6680305
2.2694428,2.598394
2.131722,2.5732868
2.1763968,2.5804462
2.5198052,2.5497673
2.35985,2.580549
2.3069706,2.5469785
2.1227736,2.6218913
2.3859384,2.6673045
2.512379,2.531386
2.1621141,2.5239816
2.2688632,2.6263304
2.3878865,2.5454307
2.4260764,2.6616476
2.2095156,2.5474126
2.1348937,2.574128
2.3797443,2.567536
2.1646063,2.5542731
2.159904,2.5412705
2.191068,2.5140462
2.367446,2.501543
2.4038124,2.640021
2.19295,2.6830027
2.1811507,2.5186558
2.1199875,2.506234
2.2878053,2.5289557
2.1336021,2.63129
2.4933798,2.5539758
2.1170726,2.5659885
2.104628,2.549768
2.2223163,2.5350134
2.2706957,2.5060627
2.3083844,2.6650226
2.382546,2.5589037
2.3220246,2.6376092
2.3096008,2.6527534
2.514406,2.5462027
2.2175572,2.5054157
2.5051668,2.599499
2.2907898,2.5402927
2.4065516,2.6651742
2.393041,2.5048244
2.2092245,2.6556613
2.2023957,2.6713128
2.4558907,2.6200624
2.2316194,2.5128403
2.2165089,2.5997932
2.284041,2.511713
2.2067914,2.580519
2.1113276,2.6279156
2.1644118,2.6477408
2.4742973,2.6745691
2.3430393,2.55372
2.1422,2.6222708
2.2973125,2.5902221
2.1222954,2.6936994
2.1759253,2.5583093
2.1627586,2.6176045
2.1968715,2.568638
2.4234903,2.681161
2.150244,2.634824
2.103177,2.6583698
2.250253,2.6034963
2.1970782,2.611265
2.1604924,2.5347679
2.2147946,2.5713692
2.3547223,2.5012696
2.3441324,2.6562502
2.2698257,2.5686607
2.1713653,2.6248155
2.1184318,2.681193
2.1785977,2.5027754
2.3058274,2.560628
2.3902793,2.5418687
2.3966463,2.5562298
2.161047,2.521439
2.1096122,2.5219915
2.4166305,2.5126424
2.4055576,2.5683901
2.2815874,2.616004
2.2170181,2.5031404
2.5210085,2.557485
2.3524196,2.5817943
2.4403768,2.620205
2.2814133,2.5767436
2.2509708,2.5899715
2.1126099,2.5202336
2.1548567,2.6577256
2.1666832,2.5685592
2.1226568,2.5119724
2.1194403,2.6770577
2.1124856,2.524777
2.217206,2.5785599
2.1150138,2.5479233
2.1700895,2.563059
2.1720703,2.5234823
2.3251257,2.5413313
2.199997,2.6613364
2.133472,2.6052914
2.234369,2.6909113
2.2322533,2.675794
2.3613787,2.6903536
2.1722488,2.5733836
2.362698,2.5632553
2.2869003,2.6377685
2.5150826,2.6028755
2.2240222,2.5216162
2.2884865,2.6467495
2.1066825,2.6332707
2.284299,2.6836052
2.1990802,2.560459
2.171519,2.5044641
2.284364,2.5646322
2.137108,2.6030443
2.1072435,2.5823698
2.3958132,2.561553
2.1460338,2.654891
2.2681673,2.6519215
2.2555468,2.5078397
2.164561,2.5276208
2.294066,2.5236988
2.1124794,2.5464206
2.340649,2.5347002
2.5339108,2.5534995
2.1024015,2.6546638
2.16966,2.629304
2.3343592,2.5486436
2.3801131,2.5358698
2.1111543,2.5004447
2.1516595,2.5766883
2.250573,2.5789375
2.191016,2.5039687
2.125211,2.6410863
2.3268006,2.5901659
2.29911,2.6222148
2.3646295,2.5500193
2.1233733,2.665054
2.4375963,2.585814
2.2994957,2.6347876
2.430171,2.615948
2.220041,2.6479063
2.2244327,2.6820266
2.1574502,2.6056252
2.2393386,2.6415973
2.2942545,2.6140013
2.1494696,2.6010284
2.256393,2.6311588
2.326996,2.5603414
2.3500884,2.5488293
2.1768312,2.5715883
2.1723976,2.6605546
2.4806778,2.5139954
2.134978,2.573366
2.4491155,2.5329947
2.1712122,2.6100857
2.1100755,2.6166615
2.2717927,2.6166003
2.239589,2.681649
2.2173448,2.565156
2.1701221,2.69274
2.1502395,2.5390317
2.136133,2.547344
2.1475189,2.571203
2.2949235,2.6009243
2.2601306,2.6169052
2.2052722,2.5087662
2.1149116,2.6931982
2.2021778,2.6662898
2.314479,2.5826998
2.1521857,2.533191
2.2641692,2.5201008
2.2095907,2.5716674
2.245884,2.6535313
2.1384249,2.6426632
2.4340074,2.540429
2.108209,2.64574
2.1625693,2.5041873
2.490028,2.5381434
2.241104,2.6955698
2.2790859,2.5124118
2.5288348,2.6519759
2.2224867,2.6528788
2.366472,2.6645787
2.277309,2.5236742
2.2607758,2.5385203
2.3400576,2.6472208
2.284101,2.528918
2.141371,2.5577762
2.3988128,2.616269
2.177603,2.626884
2.1365075,2.5304043
2.2364967,2.6730354
2.2505636,2.618561
2.1948717,2.644384
2.4864979,2.6666653
2.1293116,2.5845194
2.306716,2.6499033
2.2111285,2.569154
2.2767885,2.6984708
2.210141,2.5876915
2.2877557,2.5233624
2.1468947,2.6163316
2.3292027,2.671751
2.1191003,2.5068612
2.1052077,2.6733234
2.238649,2.5711179
2.1115754,2.5893834
2.1887696,2.5703866
2.1687953,2.5019872
2.3105643,2.5024796
2.1563084,2.6686919
2.1442242,2.5422862
2.2644455,2.5362868
2.2936332,2.6559505
2.3446953,2.6569734
2.177229,2.524579
2.136426,2.6441655
2.3174016,2.612362
2.1042745,2.515887
2.2530289,2.5218358
2.150734,2.5405138
2.2306812,2.607038
2.1149747,2.5887895
2.2414165,2.5368817
2.1167605,2.6144497
2.2058752,2.6027777
2.1238205,2.680118
2.1864061,2.5722585
2.2496188,2.5551589
2.207902,2.6316457
2.254681,2.602107
2.1003494,2.5543158
2.1822193,2.613469
2.259219,2.6378195
2.1659234,2.6772234
2.144804,2.6123219
2.1784549,2.612981
2.287666,2.6788812
2.3532333,2.5558882
2.2312825,2.5703838
2.3570483,2.5523026
2.2385929,2.549217
2.1258755,2.5569806
2.1725836,2.6431239
2.2582295,2.5421498
2.283336,2.58185
2.202034,2.606069
2.1467228,2.567697
2.2307565,2.694557
2.2770462,2.6419644
2.1776292,2.5412617
2.1237466,2.5796807
2.140527,2.5660276
2.2747266,2.5093086
2.240528,2.6382062
2.2374701,2.5119312
2.3234527,2.5278547
2.2693758,2.6093192
2.1176012,2.6189082
2.2142408,2.6507401
2.274567,2.6699734
2.3294976,2.6863673
2.3805203,2.5517108
2.1725507,2.6534717
2.4698908,2.5596747
2.1649492,2.5416718
2.2106009,2.6017747
2.3252203,2.6012783
2.367214,2.5163686
2.3267224,2.522295
2.3522987,2.6736093
2.119381,2.5887296
2.228624,2.5387995
2.2738094,2.620421
2.2049367,2.5738502
2.2383022,2.5247917
2.1394289,2.6353397
2.273457,2.5381317
2.3565493,2.6503627
2.3181105,2.6520317
2.3178995,2.6630614
2.1905122,2.550485
2.1066341,2.5787702
2.22276,2.6963544
2.2952878,2.6537335
2.4464352,2.6086266
2.1233077,2.5565145
2.3179023,2.526342
2.352871,2.6061943
2.1120648,2.5975554
2.3852763,2.6553063
2.1980505,2.541295
2.3733952,2.674882
2.1220574,2.5502641
2.3934565,2.6526155
2.2148345,2.5989923
2.5355606,2.5502648
2.213576,2.51074
2.343113,2.6041954
2.2301402,2.5154684
2.2619274,2.6401134
2.2240663,2.6603496
2.2093942,2.6905088
2.4192035,2.697791
2.372296,2.608554
2.1358097,2.5473983
2.2169652,2.5343747
2.411252,2.6093576
2.241489,2.6189363
2.2143562,2.5395248
2.1303475,2.5588858
2.3519177,2.5007703
2.2041874,2.6421027
2.180605,2.5449655
2.115986,2.6736395
2.11281,2.6342053
2.4985616,2.5646598
2.4514036,2.5049365
2.1094458,2.5551322
2.1121745,2.5926852
2.158589,2.5474958
2.3452446,2.6242633
2.302757,2.6144295
2.1506464,2.694231
2.4070137,2.5543506
2.210563,2.600515
2.428645,2.568286
2.1241655,2.541817
2.267034,2.682617
2.451894,2.5820682
2.1343791,2.5221908
2.4164736,2.617998
2.234548,2.6401637
2.4867961,2.517028
2.1739142,2.6529298
2.3217676,2.621697
2.1204922,2.6385925
2.1080012,2.500559
2.2186525,2.6918278
2.109263,2.56127
2.484283,2.6767898
2.2435431,2.641807
2.3653224,2.6768563
2.3116124,2.5256066
2.3477583,2.6187809
2.3653097,2.5000963
2.5222554,2.6142511
2.3364704,2.6582105
2.188725,2.5751193
2.1979396,2.5648162
2.142672,2.6179755
2.1588895,2.5444927
2.133575,2.5910902
2.1327295,2.5065212
2.3811493,2.5755067
2.1286874,2.658714
2.1743312,2.574588
2.2437382,2.6499472
2.2825186,2.5276973
2.24822,2.5631218
2.5333762,2.6208105
2.2671514,2.540223
2.109698,2.6111636
2.4370012,2.5187821
2.2832012,2.6800058
2.4054985,2.6688764
2.491755,2.5936136
2.2543132,2.6492536
2.2839694,2.5455594
2.2011313,2.5734043
2.1359413,2.6434736
2.240968,2.6986644
2.1300724,2.5378664
2.4826849,2.606852
2.2664938,2.681976
2.2546399,2.6043613
2.1354501,2.5176148
2.1825635,2.5682964
2.2512813,2.571945
2.2838504,2.690617
2.267631,2.6773021
2.10074,2.6414084
2.227017,2.6086502
2.24021,2.6307032
2.1489036,2.5794632
2.2809277,2.5906026
2.173318,2.6427474
2.228567,2.6420476
2.4081004,2.5756068
2.2306483,2.6261773
2.1020675,2.607167
2.268222,2.617147
2.2549064,2.5480602
2.2532628,2.6247308
2.13148,2.6459887
2.2107747,2.6752112
2.157938,2.6774495
2.1057963,2.6310565
2.1025937,2.5924387
2.2286968,2.581539
2.3981583,2.5321038
2.2038696,2.6366327
2.151577,2.6971323
2.2789068,2.6065717
2.108327,2.6230233
2.242379,2.6870885
2.1071975,2.6055343
2.2112684,2.533901
2.126811,2.582743
2.1679103,2.5904906
2.3200963,2.5353618
2.1469834,2.543711
2.226483,2.5150726
2.2831788,2.5037363
2.4367034,2.5547373
2.166529,2.6777928
2.1058867,2.566024
2.1520667,2.6271396
2.323179,2.5076067
2.103511,2.6324391
2.136199,2.5474136
2.390006,2.52701
2.1476,2.6460104
2.3214595,2.6059697
2.1559815,2.695531
2.21412,2.532021
2.11883,2.647655
2.3144941,2.503997
2.1966426,2.5045035
2.1389785,2.6754854
2.209264,2.6288986
2.2583032,2.553356
2.1329541,2.5695024
2.332578,2.6937556
2.1057327,2.5206888
2.3886147,2.5667036
2.2810025,2.6565144
2.2536044,2.5954502
2.4659543,2.5924513
2.2142186,2.5010555
2.2833176,2.6338906
2.28568,2.634605
2.3244386,2.541982
2.4400477,2.5217266
2.2593873,2.5327492
2.1789346,2.5782058
2.3208952,2.6326625
2.2528412,2.540293
2.1494446,2.6966333
2.1442504,2.6831057
2.4241765,2.672417
2.1672637,2.6062577
2.3188522,2.5191727
2.29805,2.5439596
2.1771617,2.6875727
2.1066773,2.5124784
2.2612274,2.5631247
2.1154418,2.5489042
2.1065538,2.5723526
2.1173732,2.5586987
2.4632447,2.5812573
2.2007124,2.6852057
2.49025,2.6074562
2.263528,2.5330927
2.2671196,2.6518838
2.1273427,2.5422304
2.1569433,2.5960596
2.3057394,2.640733
2.4758964,2.6389062
2.3415325,2.6538002
2.2410474,2.6137877
2.2181323,2.500708
2.2108004,2.5383277
2.254497,2.550875
2.3657923,2.683193
2.1803923,2.6531334
2.345464,2.500568
2.4140043,2.5318124
2.2923577,2.5531278
2.190769,2.5718937
2.1072416,2.597651
2.1205082,2.5885422
2.2287383,2.6455822
2.1453292,2.5134728
2.225063,2.5516834
2.3616838,2.5151565
2.1526487,2.5287604
2.4963062,2.6827786
2.2930822,2.6106126
2.1012328,2.5971394
2.1758091,2.5922909
2.4821482,2.507716
2.110295,2.5316653
2.1230907,2.5121593
2.407845,2.5644023
2.2578123,2.5621307
2.157255,2.5587635
2.1236093,2.5033238
2.3897476,2.6845958
2.147751,2.5555205
2.107494,2.6552489
2.134802,2.6497498
2.2780614,2.5528047
2.1407487,2.5633764
2.2092896,2.621673
2.355594,2.529647
2.1935718,2.6492784
2.1641018,2.5185733
2.1653147,2.6246448
2.3254657,2.5616677
2.2360556,2.536678
2.3113403,2.5380166
2.1207712,2.680455
2.530874,2.5546837
2.2634928,2.5601156
2.1592667,2.63842
2.2420194,2.511257
2.1018872,2.537703
2.1015048,2.6108835
2.2283938,2.659692
2.30381,2.5100162
2.1892579,2.5789697
2.101931,2.6050298
2.2394857,2.6647694
2.2839465,2.6294694
2.21217,2.6983285
2.274743,2.678205
2.110326,2.5038476
2.194742,2.6614928
2.1111546,2.518848
2.2082825,2.5671933
2.1185176,2.5096576
2.1514432,2.542011
2.312293,2.6223342
2.200696,2.5532067
2.1312883,2.5844793
2.2065732,2.5440736
2.14951,2.5312412
2.1979601,2.5455916
2.1005962,2.5735323
2.1169074,2.5503757
2.191061,2.615077
2.2509897,2.6260757
2.4151347,2.59915
2.1678367,2.654968
2.3162632,2.6430311
2.2806609,2.62262
2.1869001,2.629725
2.261975,2.6382084
2.36638,2.5192554
2.1025722,2.5438309
2.278454,2.6383462
2.1596403,2.5278428
2.2165446,2.6106787
2.3463051,2.5467358
2.3641982,2.6604111
2.4251678,2.5568006
2.1042037,2.5727599
2.1284213,2.540378
2.221989,2.6486416
2.416293,2.502537
2.1533906,2.6374726
2.1462495,2.5001457
2.1347232,2.6939948
2.4284594,2.5163574
2.1666725,2.6092162
2.1454744,2.6682
2.135069,2.6176112
2.1426933,2.5315344
2.211599,2.6283228
2.3724077,2.6831565
2.3702612,2.5743678
2.523844,2.6006947
2.104028,2.5222185
2.3019419,2.5790732
2.1474395,2.6653168
2.126326,2.5672283
2.154341,2.5902436
2.1418157,2.6638334
2.273124,2.5505688
2.107195,2.6338491
2.3255057,2.6904619
2.362455,2.664875
2.3549101,2.502828
2.3084407,2.6011355
2.2003412,2.6654918
2.1439924,2.540937
2.2587595,2.5090191
2.2014782,2.6668415
2.2245667,2.6461725
2.3282444,2.6544292
2.3778753,2.5706024
2.2974164,2.6306126
2.125821,2.524023
2.2088947,2.6726134
2.1136498,2.6137927
2.3490083,2.591372
2.2181349,2.573903
2.2670176,2.5786135
2.2779398,2.6602886
2.490095,2.5269241
2.160404,2.6891775
2.5141833,2.5086668
2.4192986,2.5952091
2.1078885,2.5204651
2.2133403,2.634834
2.1367357,2.6851904
2.3147044,2.5521326
2.2268956,2.561983
2.2942464,2.580644
2.1711383,2.657668
2.3362272,2.647596
2.1208868,2.6349635
2.1149077,2.509933
2.1811435,2.696303
2.1375828,2.614269
2.207755,2.6008914
2.283007,2.6456184
2.105481,2.526098
2.1294625,2.5183268
2.3414068,2.6603072
2.3079755,2.5871997
2.1131747,2.5060556
2.2673595,2.545289
2.4059012,2.69623
2.1104228,2.609672
2.155778,2.6855388
2.1824384,2.5326288
2.3015912,2.5351021
2.2241046,2.620221
2.308639,2.58903
2.1533535,2.5485523
2.347871,2.6453683
2.181358,2.521647
2.2250135,2.6313627
2.2737052,2.644386
2.2449648,2.5575206
2.3055668,2.5345116
2.2147596,2.6553154
2.2098532,2.5127661
2.1377904,2.6413708
2.1934612,2.6915932
2.1805787,2.570206
2.160577,2.6833055
2.3578734,2.5058286
2.1518407,2.511985
2.238458,2.5628664
2.1652234,2.6965277
2.2445626,2.504068
2.2512038,2.6772661
2.3317657,2.529988
2.1457903,2.6716368
2.5355105,2.5825715
2.290728,2.5790458
2.1854959,2.6337721
2.21293,2.5854547
2.374618,2.5687575
2.2424927,2.592299
2.147546,2.655773
2.3008378,2.64497
2.3185349,2.5671377
2.3411293,2.5117729
2.1082356,2.5586822
2.4102569,2.5783858
2.139912,2.5097485
2.167416,2.680195
2.1239254,2.602815
2.182684,2.5805745
2.1904774,2.527968
2.1493154,2.6681483
2.1099117,2.5666745
2.3181996,2.6290922
2.2314968,2.6179996
2.256694,2.6660602
2.2604542,2.5143278
2.2721593,2.530283
2.3254294,2.6041715
2.4211435,2.5889478
2.3272023,2.6220813
2.1556726,2.5859644
2.1357818,2.5614517
2.1083546,2.6736114
2.1363242,2.609995
2.1665785,2.6913943
2.462898,2.627434
2.178439,2.5618095
2.1509807,2.697502
2.172447,2.5112708
2.3840702,2.5933383
2.1051948,2.656212
2.150777,2.6409452
2.2646375,2.6359673
2.1267126,2.5582335
2.3275158,2.5703845
2.22396,2.5913062
2.271187,2.6960616
2.2130346,2.6781893
2.4268415,2.674511
2.2848072,2.6157067
2.1121433,2.6670363
2.1356816,2.6010728
2.189372,2.5522573
2.1442544,2.50333
2.3144774,2.583859
2.2528827,2.6518404
2.1441307,2.5682585
2.1149669,2.5871685
2.1372356,2.6245954
2.4558804,2.6851501
2.4103565,2.6606247
2.2431877,2.6957512
2.3614557,2.5697613
2.1650922,2.6563215
2.3066297,2.5982785
2.4742048,2.5266426
2.2588623,2.6693585
2.1744459,2.6695771
2.2563403,2.637826
2.169809,2.5726578
2.328696,2.5126865
2.275542,2.6115174
2.4800532,2.6044765
2.173247,2.5556004
2.3331354,2.6125307
2.1396995,2.6146107
2.2426128,2.632621
2.4320965,2.5951848
2.1789286,2.5066001
2.1314318,2.6535666
2.2018201,2.6320596
2.2766914,2.6391547
2.2815492,2.6909208
2.3168187,2.5747747
2.136685,2.5467777
2.1281145,2.506231
2.1976504,2.683771
2.1865604,2.613532
2.255543,2.6615918
2.2327569,2.617366
2.2587147,2.6945007
2.181082,2.6769319
2.2346396,2.5636537
2.2159617,2.6667995
2.189236,2.6788256
2.1321213,2.6409469
2.362606,2.6128867
2.3540878,2.669231
2.3888047,2.6272452
2.11568,2.5249758
2.5238645,2.5199811
2.3090386,2.5909913
2.1927533,2.5354443
2.130183,2.6360464
2.2123337,2.6529918
2.4800441,2.550233
2.1192248,2.5469155
2.246841,2.5210142
2.3756123,2.5323114
2.2894244,2.654634
2.1740832,2.683445
2.2127225,2.661926
2.2996416,2.5112784
2.2052991,2.551965
2.4793427,2.527903
2.2182782,2.5121427
2.5308754,2.6417398
2.3201208,2.537965
2.1120286,2.6923583
2.4354959,2.677188
2.3772442,2.6189244
2.475175,2.6609266
2.127884,2.6070988
2.2173426,2.668246
2.181951,2.5116246
2.40668,2.5959418
2.4604187,2.6363595
2.375115,2.5841174
2.1776628,2.5000134
2.2723463,2.5036445
2.5142632,2.6373942
2.2116406,2.6419086
2.184162,2.6540594
2.2527575,2.6999624
2.1566117,2.513986
2.1808708,2.5003529
2.181682,2.5372183
2.1427925,2.5520656
2.1701527,2.5000756
2.2285855,2.5447812
2.4230766,2.5131185
2.217995,2.582663
2.1074693,2.6660519
2.128814,2.5618517
2.1583242,2.6714551
2.138568,2.508888
2.5281365,2.6630507
2.2770019,2.555826
2.1444705,2.54731
2.5279357,2.5310752
2.4067786,2.6333604
2.273881,2.5818563
2.1004372,2.5926561
2.3164322,2.6854975
2.1313875,2.517358
2.1777656,2.540357
2.303626,2.5450892
2.1522458,2.675261
2.3753552,2.5358567
2.4153986,2.5031903
2.4954717,2.575664
2.4441705,2.5797873
2.307666,2.5505545
2.3985898,2.615963
2.1302261,2.5201414
2.5498114,2.6328595
2.13779,2.6506999
2.1275773,2.513302
2.2924623,2.5978065
2.2614763,2.6153142
2.2227871,2.5084903
2.2251751,2.5739417
2.1855543,2.621961
2.2708364,2.6423385
2.3322487,2.63961
2.2285047,2.516
2.2219934,2.5957673
2.3860571,2.5395758
2.120277,2.5449588
2.2639387,2.5647979
2.2033708,2.6433618
2.154074,2.6578152
2.2614176,2.5010078
2.1301618,2.5433311
2.5249875,2.6039662
2.1936977,2.6502945
2.1755688,2.691927
2.224041,2.6505713
2.341874,2.6558146
2.2527354,2.6517515
2.1121993,2.523946
2.4501455,2.5365922
2.4487119,2.5195107
2.2187274,2.6721873
2.2514157,2.5464752
2.4465442,2.5806358
2.2708433,2.582571
2.1188393,2.6397605
2.110561,2.510931
2.1133456,2.564353
2.3088043,2.5865028
2.2377012,2.6808212
2.225287,2.6080072
2.1535149,2.5729792
2.2359645,2.6712449
2.1775858,2.6897757
2.253281,2.6536834
2.2928557,2.6750185
2.2567375,2.6017754
2.1388032,2.5030713
2.1791599,2.508703
2.1850393,2.5246892
2.1508646,2.5460649
2.3588228,2.5492496
2.3323903,2.6980968
2.108942,2.6028302
2.2841043,2.5256972
2.244685,2.5057852
2.1208644,2.588374
2.3086476,2.6069372
2.2267954,2.6890163
2.1872547,2.6771922
2.2388694,2.6433163
2.1597798,2.6328766
2.4394794,2.6701896
2.143192,2.5667868
2.1991975,2.6904027
2.3348985,2.5153964
2.2333155,2.6971798
2.1443949,2.587323
2.206415,2.617582
2.1896977,2.5167766
2.2543333,2.5132632
2.4781792,2.5045335
2.2713943,2.505386
2.1019104,2.5502212
2.3439174,2.5044887
2.172624,2.611482
2.4234693,2.5054603
2.1159031,2.6348534
2.2764952,2.5162516
2.1882806,2.5103233
2.2959063,2.5414848
2.1456728,2.5503497
2.122138,2.5885477
2.4180212,2.5664887
2.1034997,2.6201086
2.24342,2.5168874
2.252037,2.5667632
2.2250063,2.6912918
2.278859,2.6414452
2.2847755,2.678044
2.2349288,2.6577408
2.2457764,2.555291
2.359494,2.5078397
2.2970173,2.5891895
2.2118647,2.5189857
2.2032292,2.58825
2.3335214,2.552594
2.2157593,2.6165566
2.2414546,2.6653383
2.1485195,2.647567
2.4312441,2.685521
2.1217086,2.5349123
2.1899204,2.5369947
2.215155,2.5103908
2.4160266,2.597278
2.464269,2.5596554
2.4701326,2.6170537
2.5146508,2.6205559
2.5463197,2.571963
2.2190733,2.5413823
2.329495,2.6339228
2.4326391,2.6428368
2.11269,2.5711663
2.2924762,2.5820403
2.3251553,2.5144484
2.313296,2.5142777
2.1614652,2.6065075
2.3833408,2.650673
2.1513271,2.6432269
2.361946,2.5852127
2.1441545,2.6070406
2.4925687,2.600663
2.115377,2.632114
2.287192,2.6635718
2.16433,2.5026684
2.1155212,2.5939643
2.110142,2.5655062
2.4534037,2.5673962
2.2817917,2.6216898
2.1151946,2.606886
2.219685,2.5184028
2.3204103,2.5918508
2.159258,2.5530088
2.219792,2.67443
2.2671466,2.6861982
2.2241466,2.5944643
2.3800938,2.6001399
2.3301969,2.5644746
2.1631577,2.664739
2.2318392,2.6862829
2.288864,2.5625181
2.1131396,2.5793881
2.386417,2.615256
2.1949792,2.6541045
2.124551,2.6991286
2.4427621,2.558745
2.1776438,2.6522613
2.3726678,2.5335183
2.2841783,2.610817
2.2700777,2.5866852
2.2098744,2.6068459
2.1753561,2.6151273
2.2085247,2.674519
2.4071026,2.5044682
2.238815,2.6358685
2.1052284,2.653827
2.2423263,2.502822
2.3159328,2.575628
2.1594424,2.5071738
2.1721287,2.6928105
2.1547277,2.6503873
2.1306543,2.567046
2.2673132,2.6348233
2.1557262,2.5000446
2.361637,2.5027487
2.3187616,2.5607836
2.3463395,2.5635445
2.361786,2.6709306
2.1468654,2.6499064
2.3636749,2.5169563
2.2019684,2.5137
2.3979008,2.536557
2.1366608,2.6783085
2.226865,2.6336424
2.1401203,2.509021
2.5226984,2.6066005
2.2244065,2.5273395
2.224266,2.5858376
2.4462917,2.6946247
2.3981633,2.6556284
2.1597571,2.5788546
2.3922637,2.6173348
2.265929,2.6850038
2.204836,2.6155467
2.1622765,2.5004318
2.1512194,2.6241598
2.416397,2.6794727
2.1347785,2.5260305
2.2643855,2.6387913
2.4688973,2.5929751
2.1146116,2.649249
2.140457,2.5360367
2.3149922,2.5719037
2.1764226,2.623299
2.2092426,2.6888225
2.1305811,2.547005
2.2210636,2.5875905
2.2578804,2.6771927
2.3389556,2.6699064
2.1506238,2.6905198
2.5329595,2.509565
2.2567396,2.5996473
2.2158668,2.6155543
2.113843,2.5582964
2.1124754,2.5004346
2.188127,2.587946
2.2156682,2.5224292
2.1448615,2.502466
2.2521377,2.6405754
2.3165789,2.514342
2.2860303,2.6823783
2.1208136,2.63868
2.12968,2.6685238
2.3026874,2.5124652
2.3116102,2.6411283
2.3733127,2.536447
2.2970116,2.6725492
2.3277428,2.6602669
2.1703928,2.5593193
2.1836486,2.5930982
2.225785,2.6819642
2.1715896,2.5869408
2.2086802,2.5252185
2.1305122,2.6313894
2.1735744,2.652836
2.1701176,2.6243236
2.2487557,2.5749695
2.104285,2.536611
2.194308,2.6055098
2.1011446,2.6641955
2.1105413,2.6812634
2.390184,2.6375062
2.146236,2.5110612
2.393498,2.6863768
2.147464,2.5645802
2.1233008,2.5355263
2.183104,2.5942402
2.1342769,2.5551977
2.1733491,2.6410437
2.202654,2.586655
2.1965618,2.5736547
2.113394,2.589689
2.1022687,2.6263537
2.5078895,2.5213869
2.1328535,2.5444047
2.1397533,2.5483346
2.1344795,2.6964629
2.350614,2.5793014
2.293689,2.6248088
2.48278,2.5609102
2.349862,2.518822
2.212879,2.6599958
2.1756427,2.5934093
2.2286777,2.6084213
2.3080432,2.6045854
2.366963,2.6791263
2.3365383,2.534572
2.1932957,2.621854
2.4122326,2.6647801
2.3564372,2.5221791
2.1715775,2.5523772
2.3788557,2.6585183
2.3149614,2.5175796
2.3730779,2.6415865
2.4390066,2.546247
2.220945,2.6374662
2.524208,2.6850805
2.4045274,2.5125096
2.104626,2.593737
2.3585117,2.6942263
2.1467023,2.6218543
2.2486224,2.5757093
2.2395294,2.5652013
2.2634892,2.5287976
2.2817438,2.502901
2.3518593,2.5652475
2.1474216,2.6690264
2.2056973,2.6745143
2.3495324,2.5718071
2.2381628,2.6164794
2.1662767,2.5374155
2.3062646,2.692015
2.397555,2.5296836
2.1252096,2.699576
2.1284752,2.6722019
2.516425,2.595766
2.2232354,2.5806239
2.1121109,2.571196
2.195537,2.5263886
2.2734635,2.5813448
2.391112,2.667345
2.387422,2.5357962
2.3077478,2.6085687
2.4271917,2.691009
2.1764443,2.699526
2.4063563,2.6466835
2.2858946,2.5562959
2.454101,2.555915
2.1243112,2.694645
2.1907568,2.654607
2.196332,2.6333232
2.358886,2.6022925
2.4134989,2.5204763
2.128634,2.536409
2.3492236,2.6204445
2.1419058,2.5607915
2.216581,2.5670164
2.1830223,2.56105
2.1938465,2.6681979
2.1454773,2.553587
2.2416286,2.6453495
2.3167644,2.6036413
2.2414374,2.5415485
2.2314627,2.5834737
2.1671808,2.5497377
2.145176,2.5017374
2.5295265,2.6290035
2.2032115,2.5612667
2.146587,2.502022
2.2049973,2.514967
2.1719487,2.654119
2.1347868,2.553096
2.4886413,2.6202085
2.1422286,2.6090195
2.3488703,2.5247416
2.1124554,2.5896451
2.2547011,2.6586928
2.3716328,2.5558968
2.4771576,2.6344862
2.27991,2.6577055
2.1845868,2.6252847
2.2638,2.633172
2.2209496,2.5284326
2.174554,2.5407708
2.2923355,2.5739503
2.1250088,2.6160655
2.2509851,2.6465616
2.115796,2.54244
2.5033133,2.5132673
2.18675,2.6790628
2.134622,2.6474433
2.2442958,2.5183718
2.2604487,2.5553842
2.1797407,2.6686447
2.5486224,2.6580164
2.1175144,2.6400943
2.2678592,2.6079557
2.1543212,2.6585877
2.2229729,2.5663674
2.4920266,2.537566
2.3036184,2.5771415
2.2199461,2.6875029
2.319597,2.6019177
2.1617095,2.54127
2.3360054,2.6928468
2.4013717,2.5196068
2.4967687,2.6085236
2.2132833,2.6884935
2.2846196,2.5317514
2.3426228,2.6550567
2.2204618,2.6538696
2.1516247,2.6781127
2.1036844,2.6629977
2.1198146,2.5895395
2.3441882,2.6342318
2.243949,2.5784557
2.1001894,2.6417964
2.2416615,2.6204789
2.147292,2.5520298
2.2667367,2.6047075
2.1392596,2.5030432
2.1425493,2.6080492
2.3129597,2.53041
2.1587274,2.618182
2.282589,2.61818
2.1474617,2.60944
2.5003178,2.5397596
2.4852839,2.600931
2.2182539,2.6834188
2.199972,2.5030057
2.1376684,2.5315607
2.1378431,2.5906188
2.1481009,2.610727
2.175294,2.5595467
2.4295537,2.549219
2.3148615,2.5296063
2.247133,2.5719292
2.2291846,2.6148915
2.156696,2.6084642
2.293167,2.5164115
2.4912307,2.6495035
2.1094122,2.5943985
2.2027063,2.5209644
2.208101,2.5094497
2.218478,2.5280414
2.2989433,2.6211112
2.166859,2.6605885
2.3726122,2.6325192
2.155048,2.6493554
2.5137153,2.691661
2.5316596,2.551453
2.3396356,2.52422
2.1553192,2.6131237
2.291435,2.693611
2.2166603,2.519916
2.484393,2.676561
2.2315433,2.627926
2.3124266,2.5809999
2.1087518,2.5011954
2.264944,2.6569965
2.3814998,2.6419592
2.4726386,2.5438185
2.266383,2.5383573
2.4502099,2.6310775
2.2003672,2.5398617
2.194266,2.564535
2.2526581,2.6915917
2.2362425,2.6663778
2.4043105,2.5377042
2.3351595,2.5091014
2.2901194,2.5682688
2.1665964,2.567649
2.2470605,2.609098
2.457829,2.5626864
2.1614594,2.5647888
2.244255,2.624992
2.3927178,2.6562586
2.1171181,2.6642919
2.3163974,2.5640373
2.110354,2.5239034
2.4721437,2.5864716
2.156833,2.5461545
2.3970575,2.5289242
2.53707,2.5167391
2.3292508,2.598724
2.1143613,2.5876327
2.127967,2.5166466
2.461816,2.552883
2.2908335,2.6242466
2.3739278,2.5984857
2.202966,2.5597076
2.3086598,2.6379786
2.4114358,2.6679378
2.2663386,2.6849263
2.210664,2.5626485
2.2310884,2.5223122
2.3782315,2.6621218
2.1325994,2.6517622
2.1178544,2.6776977
2.123691,2.6096964
2.114449,2.5834768
2.4005501,2.5588162
2.458328,2.6019254
2.543463,2.5114572
2.1957994,2.639718
2.1410396,2.505802
2.3501139,2.6683407
2.1147795,2.551367
2.334682,2.515378
2.1953225,2.6194448
2.4832702,2.52162
2.2915003,2.5006404
2.3044543,2.5452793
2.3032358,2.6527195
2.3771443,2.558669
2.1136897,2.6804314
2.1196048,2.566655
2.1367216,2.5044243
2.1957598,2.516486
2.228368,2.6006773
2.3283832,2.63941
2.38103,2.540586
2.424921,2.5905688
2.1612327,2.6227703
2.4553282,2.5012612
2.414577,2.5226188
2.4485173,2.6947677
2.3238256,2.5787518
2.138499,2.6875803
2.296069,2.6920629
2.210709,2.5108008
2.3341963,2.5425375
2.1763973,2.676974
2.19302,2.5475652
2.4070501,2.687167
2.3268275,2.5213513
2.3408895,2.607526
2.4604475,2.5380204
2.2259188,2.604395
2.2705138,2.5989656
2.1409686,2.6508043
2.1395793,2.6731443
2.243646,2.5661287
2.4339626,2.630601
2.4126375,2.636669
2.2555285,2.6289027
2.2192006,2.6203566
2.3038101,2.662272
2.1488142,2.5123003
2.4141636,2.6518977
2.2091856,2.6535807
2.376979,2.6063628
2.4284015,2.6856406
2.2884772,2.5209222
2.4832823,2.67131
2.403296,2.5179904
2.1569002,2.6282609
2.361486,2.5769305
2.2926266,2.6563945
2.1126776,2.655356
2.2367868,2.5011637
2.2870543,2.6276753
2.1924183,2.5469441
2.225312,2.5084162
2.1378481,2.689284
2.150237,2.564398
2.142266,2.6209226
2.365389,2.644575
2.2068324,2.56569
2.1379886,2.6403306
2.1135328,2.630214
2.1957839,2.6646054
2.3310952,2.6246853
2.2903197,2.5843291
2.190548,2.6952724
2.3339314,2.654977
2.1927447,2.6234357
2.2436185,2.6005101
2.1219506,2.536751
2.2678874,2.6835814
2.3131704,2.6713881
2.1289096,2.5889566
2.443678,2.6742465
2.3714368,2.6048536
2.4818597,2.692018
2.4823222,2.5599194
2.1417189,2.657964
2.4977453,2.6700613
2.3775673,2.682068
2.4336402,2.6838152
2.253345,2.6494498
2.1261146,2.5306003
2.1782227,2.5930963
2.1041076,2.5811028
2.1603384,2.6852171
2.5356617,2.5427349
2.3920684,2.627614
2.1804032,2.5606482
2.1053221,2.6280286
2.3137991,2.5131018
2.2872853,2.5172188
2.394647,2.6589818
2.1029487,2.6190252
2.3467257,2.6691782
2.1679258,2.6195908
2.4599211,2.5821397
2.2278478,2.5757818
2.1595318,2.5739944
2.5250182,2.615749
2.1088376,2.5672362
2.3712895,2.6857708
2.3625512,2.5000463
2.4224925,2.6687315
2.4271739,2.6186876
2.2201073,2.5312264
2.2670147,2.5456038
2.3736165,2.666046
2.31539,2.5803072
2.1996253,2.6312723
2.21874,2.6424854
2.2964725,2.5312233
2.1186392,2.6533208
2.2556047,2.533798
2.1028404,2.646369
2.2311614,2.5616767
2.2573535,2.5495956
2.4638088,2.6569269
2.152984,2.5099075
2.2515063,2.6373312
2.134809,2.6305563
2.1080852,2.6817408
2.3527174,2.5378506
2.2539716,2.6949737
2.1906686,2.6097198
2.1503363,2.5891397
2.2377841,2.6016307
2.5081735,2.522036
2.3750052,2.58636
2.2384157,2.629898
2.1176515,2.6443782
2.1053476,2.6357837
2.3985298,2.65388
2.1239855,2.5279582
2.1181982,2.6205719
2.4765537,2.5695543
2.3115141,2.6461387
2.2955892,2.558362
2.381276,2.5315964
2.277358,2.6939504
2.2010176,2.6345143
2.489816,2.6017072
2.2170722,2.5918338
2.3469698,2.6372733
2.135719,2.510929
2.1056123,2.507332
2.1781864,2.6205401
2.203495,2.5902154
2.2737787,2.5024314
2.1054487,2.6381474
2.1248689,2.6637363
2.1801689,2.5100937
2.3933442,2.5495188
2.1687841,2.6506
2.3230565,2.5900326
2.1606848,2.5846143
2.1763575,2.6743553
2.3196895,2.575124
2.120629,2.6383553
2.245017,2.681362
2.306914,2.6017594
2.120797,2.653532
2.1406589,2.5920086
2.3528717,2.5972793
2.1032507,2.6124315
2.3443902,2.6012728
2.2830968,2.6060898
2.1057167,2.579312
2.2521179,2.6811402
2.2771523,2.6412883
2.128432,2.5429294
2.1177711,2.6305873
2.18415,2.5345888
2.117649,2.5478399
2.443748,2.6525958
2.124681,2.5912144
2.1554918,2.6423755
2.1283092,2.6980422
2.5445755,2.5731568
2.511127,2.6164632
2.4332902,2.6824362
2.181584,2.5337086
2.288887,2.6259906
2.507183,2.5501115
2.1534555,2.511257
2.2964017,2.5150516
2.1196592,2.5279377
2.1097581,2.599975
2.4120867,2.5027463
2.1582246,2.674737
2.1185753,2.5395594
2.1312008,2.6637232
2.46822,2.5195143
2.4119895,2.581061
2.32975,2.5119233
2.360031,2.6349685
2.260277,2.5783494
2.2410166,2.5645645
2.1194472,2.690901
2.242023,2.691261
2.2203386,2.6141863
2.3190372,2.5581899
2.239453,2.5079072
2.2286537,2.6013894
2.190503,2.6340387
2.2310247,2.6817338
2.191725,2.5071385
2.1305726,2.689644
2.1784482,2.6235762
2.4373605,2.6085768
2.4854214,2.626208
2.1080928,2.5026827
2.3068454,2.6012719
2.5198913,2.5726671
2.2420774,2.6960042
2.1408467,2.6186824
2.2307677,2.5160015
2.2773008,2.536286
2.2978709,2.5775282
2.1119385,2.5473979
2.18724,2.617039
2.458174,2.689187
2.199986,2.5301795
2.4885938,2.5006778
2.2010467,2.5897608
2.3708158,2.694098
2.3038116,2.6179962
2.2921195,2.6322837
2.111095,2.6210566
2.219394,2.6086948
2.1047354,2.6440759
2.481208,2.5284472
2.1425972,2.6487887
2.2701228,2.6302297
2.2777302,2.5264037
2.3067846,2.6122735
2.3363607,2.5541239
2.1875772,2.6426575
2.2964509,2.6012328
2.1482983,2.526678
2.4619637,2.5312235
2.5411859,2.5232341
2.153914,2.664987
2.129816,2.514731
2.1493087,2.6723592
2.12503,2.649063
2.3307874,2.5204852
2.3329072,2.679265
2.1176825,2.667335
2.1149774,2.6711192
2.236166,2.6133947
2.160877,2.5262961
2.1932838,2.525905
2.2338083,2.566854
2.3909323,2.5894003
2.2250764,2.5532036
2.2434266,2.6362908
2.2537632,2.5027025
2.2108002,2.593016
2.3158827,2.538692
2.4900208,2.664734
2.2244544,2.5570574
2.2061625,2.5890832
2.3410554,2.5340748
2.1835113,2.6160522
2.5381424,2.6114743
2.1807618,2.5953581
2.1984792,2.527692
2.1162827,2.5671966
2.410932,2.5460227
2.5026493,2.6342785
2.2075107,2.604108
2.27015,2.6140747
2.3847916,2.6703765
2.3089821,2.6071496
2.4226263,2.6041732
2.1012316,2.5179586
2.13521,2.574755
2.1289053,2.5831294
2.1013346,2.5135262
2.160181,2.6574569
2.1327431,2.6940322
2.1412318,2.5950603
2.2518759,2.645935
2.1266427,2.5571253
2.4639227,2.5568635
2.1715958,2.6190908
2.1464176,2.533978
2.2403598,2.607064
2.1334422,2.6502411
2.389481,2.6967313
2.1784358,2.6713488
2.136227,2.5310202
2.1212373,2.5070262
2.2786143,2.5767765
2.1710775,2.672464
2.158417,2.5747547
2.171914,2.5341704
2.1863894,2.6217256
2.3141675,2.5536797
2.22251,2.523335
2.4687016,2.6675506
2.1719232,2.524561
2.223546,2.6839411
2.2478478,2.5251584
2.3627415,2.5273876
2.207371,2.5608
2.2226386,2.6234436
2.1064327,2.662965
2.1553488,2.584117
2.3096561,2.6431937
2.149508,2.6221266
2.1586487,2.6113243
2.4882221,2.6418362
2.2219214,2.6254852
2.3792024,2.5256364
2.5218122,2.5127645
2.2243552,2.5916314
2.1715827,2.6837788
2.1846085,2.5287344
2.1276703,2.5339184
2.218728,2.6384091
2.1062784,2.5313957
2.2670875,2.664987
2.4199395,2.6641674
2.1229212,2.5925546
2.1437387,2.6216314
2.1690114,2.538986
2.198431,2.5371668
2.161383,2.5240593
2.380784,2.683018
2.1579256,2.5944376
2.1596053,2.6050816
2.2408085,2.6739259
2.2202992,2.6734588
2.2865732,2.6427276
2.1644187,2.5010924
2.2027264,2.5184376
2.323854,2.624525
2.2414029,2.5517178
2.1119056,2.5154338
2.4051292,2.6237917
2.1061246,2.5531776
2.198851,2.533276
2.1035986,2.6219902
2.1260211,2.6546175
2.1215172,2.633766
2.184921,2.5428455
2.189452,2.6719265
2.336723,2.6333463
2.2783017,2.5425808
2.283124,2.5796635
2.2524815,2.5891025
2.205555,2.5176187
2.1282494,2.6484666
2.1442811,2.6822581
2.19332,2.5932834
2.487568,2.6949067
2.2267482,2.6615329
2.1880198,2.6210852
2.383451,2.660817
2.436817,2.6591513
2.2473285,2.5561543
2.3827133,2.6094623
2.373099,2.5393345
2.4343877,2.679105
2.3303502,2.564071
2.1332552,2.5524356
2.1307592,2.656281
2.1582885,2.622748
2.2120926,2.5335805
2.4146214,2.5791986
2.3466492,2.575906
2.3399749,2.5114124
2.2484136,2.537846
2.2603643,2.6690438
2.1100438,2.5096827
2.142766,2.5998218
2.23344,2.6564922
2.3435385,2.5630553
2.2349455,2.5161643
2.1369767,2.5819995
2.3426275,2.6589057
2.108614,2.689122
2.1789765,2.5245066
2.1553628,2.6553674
2.1359136,2.6139295
2.1636214,2.52615
2.1489508,2.6076376
2.33323,2.6037612
2.5034966,2.6503377
2.1805036,2.5419383
2.1399376,2.524356
2.1864817,2.5709379
2.1496737,2.6997976
2.167986,2.6936045
2.174319,2.545192
2.187432,2.5749588
2.1199539,2.5079234
2.184743,2.563961
2.2440522,2.5484028
2.1324508,2.6544695
2.110662,2.542158
2.1034205,2.5175734
2.380871,2.5129333
2.1359248,2.637942
2.1724894,2.6504686
2.164041,2.655727
2.1390932,2.6541138
2.1577845,2.5591314
2.2855334,2.558446
2.3285398,2.5490408
2.38994,2.51913
2.117966,2.6954594
2.3243773,2.6664455
2.410219,2.5410037
2.115192,2.6736662
2.5025332,2.5180378
2.3461869,2.6877277
2.307432,2.533406
2.1106184,2.5717108
2.4292235,2.580645
2.1174872,2.5238605
2.2874062,2.503116
2.1222594,2.6209126
2.2060828,2.5159569
2.2139335,2.6952908
2.1395447,2.5549948
2.4511962,2.5284357
2.262886,2.5919156
2.5397904,2.5776398
2.1488595,2.5892768
2.1713347,2.5439298
2.2004435,2.6792214
2.1915028,2.6853726
2.5027351,2.5629277
2.1289856,2.5333982
2.1812432,2.5102446
2.1024635,2.554652
2.3398862,2.6285522
2.3861222,2.5591192
2.2126667,2.5847747
2.1713758,2.6947925
2.1181266,2.5247996
2.4935915,2.6937783
2.2284675,2.5971677
2.1426754,2.5068638
2.175415,2.6949306
2.136241,2.5036538
2.3348956,2.6219006
2.1131766,2.6043978
2.1563513,2.516646
2.390583,2.6630318
2.2215815,2.5484104
2.351238,2.5784736
2.3664157,2.6297934
2.3898654,2.5266461
2.2874587,2.6569226
2.1530294,2.6629856
2.1954074,2.653578
2.1449919,2.525144
2.2019274,2.5429404
2.1477387,2.6434608
2.394228,2.6877756
2.3278174,2.555782
2.330655,2.5149388
2.2423599,2.5969777
2.256366,2.6215062
2.353662,2.6460252
2.135826,2.6986988
2.4721305,2.588574
2.240477,2.5487845
2.2144458,2.5172746
2.1875775,2.6748264
2.155241,2.607308
2.2810411,2.6823323
2.1952946,2.6599216
2.1266243,2.6507268
2.1904263,2.5434275
2.2954311,2.6901875
2.1546552,2.5052524
2.3888972,2.6923964
2.2077448,2.5042014
2.1096628,2.63731
2.1914678,2.6823227
2.3195372,2.5500057
2.1602058,2.675706
2.3375762,2.5789795
2.3758113,2.535957
2.3599684,2.5326984
2.2349107,2.5625575
2.1027095,2.6333516
2.1129756,2.5325248
2.3163323,2.5121534
2.2034583,2.5497234
2.1440394,2.5929146
2.1946561,2.5098617
2.1508262,2.59256
2.4281268,2.6585727
2.2227166,2.5225165
2.1850243,2.5476558
2.4467995,2.6826015
2.1339495,2.5683055
2.2545674,2.6465378
2.2736497,2.619056
2.2252388,2.5880852
2.3749645,2.5585551
2.2269895,2.594259
2.1470666,2.5497162
2.162184,2.5202587
2.2445042,2.6112866
2.10144,2.6290047
2.1287215,2.5491712
2.1009612,2.6755793
2.518271,2.5208886
2.2033317,2.5385473
2.2160983,2.6857598
2.5210772,2.6010885
2.1092408,2.630039
2.2563543,2.5201967
2.3513074,2.6558986
2.1554573,2.6438265
2.5377495,2.5228395
2.2788846,2.5677679
2.3681028,2.6556115
2.1664903,2.6675344
2.1810503,2.5439787
2.4358423,2.6144712
2.3305407,2.6070306
2.2942579,2.6857402
2.1893077,2.5381455
2.439069,2.5161908
2.1292276,2.664231
2.1894715,2.5143702
2.3337681,2.5967698
2.1435556,2.5234742
2.208769,2.5079653
2.1992404,2.6319425
2.22406,2.6090481
2.1656287,2.5365884
2.100261,2.6981921
2.1721578,2.6938615
2.2285674,2.5836487
2.1539578,2.6481051
2.413954,2.5249925
2.240136,2.6788878
2.1184406,2.5822105
2.1850803,2.5104175
2.2596378,2.5438411
2.1774032,2.538811
2.137862,2.5025604
2.1151164,2.5329442
2.1554127,2.5679986
2.1023948,2.6108768
2.1490054,2.6599784
2.1337695,2.697239
2.313913,2.5964499
2.1243482,2.5671194
2.168985,2.504167
2.27585,2.6067984
2.1222198,2.600462
2.2257082,2.6562276
2.4238303,2.526686
2.10297,2.5269728
2.2918277,2.622474
2.190567,2.5047262
2.1292765,2.6845095
2.4469643,2.5567925
2.1224573,2.5439577
2.3291457,2.6045604
2.1201174,2.5939047
2.141168,2.5789719
2.5089083,2.5507572
2.3533165,2.5002556
2.4116375,2.668338
2.1105256,2.5687711
2.4548357,2.5551622
2.105971,2.6884859
2.2171574,2.5161448
2.1882563,2.624687
2.1761093,2.513188
2.1048162,2.5642433
2.1895745,2.614181
2.3043482,2.694978
2.43972,2.6978924
2.1944332,2.597029
2.182003,2.5011742
2.1631746,2.566231
2.1667917,2.6837933
2.2338355,2.6462705
2.1457622,2.5468805
2.4074447,2.5987046
2.300375,2.6585774
2.1506371,2.5857391
2.1049383,2.5925257
2.5224168,2.557877
2.4059677,2.5807264
2.4703662,2.5606122
2.1143532,2.6611133
2.2288485,2.671203
2.2103834,2.5450861
2.153209,2.687576
2.121835,2.5648584
2.3219333,2.6167982
2.237717,2.6267986
2.3667316,2.6024363
2.3763728,2.5109527
2.385895,2.698502
2.419238,2.698502
2.1186693,2.677785
2.200073,2.620177
2.1082206,2.5411642
2.1050255,2.6378896
2.549729,2.5584462
2.17613,2.5444517
2.1110594,2.648664
2.2186434,2.5866134
2.4779987,2.6776657
2.3119645,2.5673015
2.2150652,2.6474137
2.2017982,2.6980686
2.332992,2.5679624
2.2597246,2.6663146
2.3256853,2.506647
2.391193,2.63732
2.3002434,2.5118895
2.1140902,2.607254
2.1177351,2.5398347
2.1793182,2.6805458
2.144834,2.5438914
2.3988957,2.5125597
2.2480836,2.5927284
2.3171644,2.5492175
2.1714616,2.553157
2.1610067,2.550899
2.1815197,2.6449645
2.298026,2.5111322
2.2367725,2.5319722
2.241252,2.6245422
2.2933168,2.6097975
2.4705637,2.6299758
2.193895,2.631088
2.1689692,2.594986
2.1301515,2.6623394
2.3648703,2.534105
2.240967,2.596006
2.2970133,2.6101444
2.1928477,2.6530879
2.191134,2.5789788
2.24542,2.526802
2.1463032,2.5405164
2.184945,2.6981664
2.32957,2.5870898
2.1132333,2.5845475
2.414893,2.516012
2.1298811,2.6823816
2.424823,2.6189208
2.3219557,2.6508226
2.1275756,2.6575673
2.1875262,2.6003642
2.3789175,2.6248746
2.4306512,2.5072803
2.4900687,2.6374524
2.2706492,2.6814358
2.1402376,2.642758
2.1042492,2.693967
2.2941346,2.6740193
2.415445,2.5752351
2.1621096,2.5880673
2.2491574,2.5755618
2.1483083,2.658787
2.279196,2.5230582
2.2341907,2.6608064
2.1606426,2.605301
2.227926,2.5941164
2.5371501,2.5912693
2.122902,2.6279826
2.4456835,2.5432396
2.1525214,2.6224184
2.1806784,2.6187146
2.2166126,2.58683
2.1343138,2.5531657
2.1024845,2.6411774
2.308054,2.6164596
2.1911023,2.6101022
2.2191732,2.6205022
2.4610503,2.5778646
2.1183767,2.5751219
2.214456,2.6193666
2.2820404,2.5150967
2.1821873,2.548821
2.125976,2.524804
2.1984973,2.523493
2.1880999,2.6322951
2.305145,2.5638454
2.114055,2.596351
2.1480052,2.5203643
2.2314434,2.646693
2.3222094,2.5319386
2.1528652,2.6114085
2.1264215,2.5437903
2.2862732,2.5854604
2.2346418,2.681159
2.1873722,2.648651
2.1670108,2.627761
2.283512,2.520413
2.3210602,2.6863427
2.3190763,2.6992223
2.2489612,2.513168
2.2830505,2.5751648
2.28135,2.6303563
2.332609,2.5591598
2.3656905,2.5167665
2.2779346,2.5856845
2.186432,2.685404
2.1810749,2.6775331
2.3738668,2.5302866
2.172321,2.6677399
2.405486,2.5265307
2.3831303,2.5253088
2.4123662,2.639864
2.1382363,2.6406493
2.2536144,2.644053
2.3428066,2.5651813
2.1729922,2.553925
2.2921023,2.5078995
2.3245256,2.5923324
2.4239588,2.5277295
2.196289,2.6982162
2.1302907,2.6875274
2.124319,2.588511
2.2139454,2.6037278
2.1770687,2.6270616
2.1014175,2.572631
2.399631,2.6372042
2.2935693,2.5684123
2.220067,2.5008357
2.1101716,2.6183705
2.3105073,2.5393937
2.4348989,2.530106
2.2524261,2.5931373
2.100049,2.6745257
2.1371803,2.54284
2.120744,2.5453787
2.291764,2.608187
2.2251213,2.515972
2.1614301,2.5271506
2.2281053,2.6860428
2.3122697,2.5894375
2.1932275,2.636699
2.2446144,2.6452782
2.5140767,2.6869059
2.368952,2.589738
2.1080744,2.5633268
2.2215044,2.582051
2.15817,2.5262885
2.2680192,2.5741084
2.1580298,2.6607652
2.1703067,2.6379895
2.3369584,2.527164
2.1709173,2.5540595
2.3695529,2.6466966
2.2495575,2.5481865
2.2194967,2.5674548
2.3567095,2.6752765
2.2130263,2.5900414
2.2945657,2.5049763
2.238571,2.5045092
2.4666672,2.6092987
2.270561,2.5444303
2.3350518,2.5642006
2.2877417,2.5668893
2.2705345,2.6507847
2.3741386,2.5278409
2.2100375,2.5039103
2.3174126,2.5020785
2.1239843,2.5155501
2.41178,2.6361456
2.4427335,2.5063572
2.1895037,2.6695204
2.3013778,2.6772835
2.2655618,2.539246
2.4453278,2.5776973
2.2562637,2.571308
2.5290415,2.5219042
2.461147,2.5906699
2.4782643,2.5238168
2.2384589,2.675887
2.3509378,2.521915
2.4291372,2.5322776
2.1765041,2.5329528
2.3110695,2.6913183
2.1048832,2.6473885
2.2123048,2.6384134
2.5002582,2.6818945
2.1042333,2.6406431
2.195003,2.5013046
2.433133,2.5823095
2.3350477,2.5955336
2.4782686,2.5255182
2.368733,2.6074653
2.175703,2.6609116
2.1228173,2.6478906
2.3077235,2.5112362
2.3701572,2.5707963
2.3938336,2.6197264
2.132242,2.652046
2.2115824,2.674175
2.1068237,2.520211
2.4067893,2.6092248
2.120837,2.554003
2.449186,2.5390701
2.392082,2.6845522
2.2779782,2.6243691
2.4146547,2.620089
2.4945805,2.6323364
2.1097834,2.5119069
2.2330432,2.5653317
2.5015833,2.5167444
2.2772346,2.5821342
2.2117858,2.5218601
2.180253,2.6353188
2.2495143,2.5841885
2.1723287,2.5069153
2.1363244,2.551237
2.2580106,2.6259224
2.2591598,2.6145642
2.5259392,2.5217743
2.1112852,2.6879542
2.1081214,2.6279707
2.2610075,2.5279226
2.2662954,2.5765884
2.1355371,2.6337729
2.3821661,2.610743
2.110621,2.5871174
2.1347377,2.6706722
2.1141775,2.5540485
2.3484955,2.6866076
2.2535963,2.695614
2.492386,2.6557956
2.5115461,2.6105247
2.190509,2.5266876
2.2476902,2.5279336
2.4959664,2.5126748
2.2297661,2.6723316
2.1824293,2.542906
2.1079588,2.5724301
2.1323605,2.6405225
2.183989,2.685797
2.1231,2.6687076
2.2730932,2.610023
2.3347661,2.6173825
2.45456,2.612266
2.456902,2.6980407
2.1804395,2.628577
2.519721,2.606502
2.3193326,2.6741874
2.1026073,2.6565537
2.2027333,2.5412545
2.295866,2.6906762
2.3399475,2.5823321
2.1304903,2.6824293
2.1459932,2.5543845
2.267086,2.6738005
2.141965,2.5401206
2.2330832,2.6186545
2.1489532,2.683306
2.1626287,2.6769698
2.134374,2.5778627
2.2901351,2.546658
2.1388392,2.6561272
2.336806,2.6001928
2.4409714,2.6394389
2.2632265,2.6369402
2.1346972,2.5259528
2.1508536,2.6242104
2.237832,2.5442622
2.135757,2.5044034
2.4850402,2.535946
2.1291265,2.6625094
2.107259,2.5574825
2.2873425,2.5925274
2.2393637,2.687866
2.2875688,2.5644708
2.1419916,2.6315632
2.4920723,2.50191
2.1314027,2.5433037
2.2176998,2.5226886
2.4046261,2.5949116
2.1055732,2.5487714
2.105905,2.6622348
2.4451857,2.6176164
2.14896,2.608863
2.4466624,2.6397886
2.113789,2.617742
2.1924465,2.5315719
2.3769708,2.6028366
2.1754992,2.6844854
2.1686373,2.5104635
2.2519374,2.500308
2.43457,2.6375072
2.1183808,2.671528
2.4982731,2.5294147
2.129432,2.565093
2.1783936,2.525618
2.2218199,2.5838373
2.5081465,2.6457357
2.1545074,2.6883082
2.1530044,2.63286
2.1853158,2.6366355
2.121172,2.6858795
2.1153827,2.5542047
2.1586754,2.6987855
2.1606915,2.6527975
2.1488209,2.6333675
2.132891,2.5828106
2.1750364,2.628381
2.1336648,2.556972
2.172418,2.619328
2.389093,2.6697903
2.2341602,2.5970204
2.1748674,2.6344595
2.1194584,2.697203
2.1175678,2.5976377
2.2926083,2.55347
2.4545352,2.533772
2.1122167,2.6006517
2.246897,2.5072997
2.1912208,2.585945
2.197052,2.5906074
2.2095966,2.6475255
2.1188023,2.6188815
2.4962692,2.5598373
2.1638367,2.6745813
2.111638,2.5263703
2.1016717,2.5154269
2.159927,2.6109085
2.1362019,2.5393915
2.1156623,2.5681636
2.2677648,2.627576
2.2038078,2.6983047
2.1996589,2.6464598
2.3697546,2.6409547
2.1125147,2.542802
2.1610649,2.6853905
2.3197384,2.565308
2.161779,2.567376
2.2874851,2.6822553
2.315007,2.6912012
2.1242144,2.5572405
2.145561,2.5328283
2.1317382,2.6208022
2.1205723,2.5631623
2.1664994,2.5043235
2.112669,2.6030006
2.3734226,2.6444306
2.1260777,2.6648328
2.509219,2.5222394
2.259109,2.6481032
2.177451,2.6998444
2.3555963,2.523413
2.404823,2.6943805
2.1693265,2.649647
2.224095,2.6876183
2.3273392,2.605207
2.361797,2.5784526
2.2522693,2.6548479
2.36547,2.6146398
2.1542027,2.6109571
2.3391845,2.6104653
2.1575704,2.6535263
2.2036283,2.548037
2.31707,2.5616603
2.4342313,2.5388553
2.2683952,2.629769
2.4666095,2.5870645
2.3265164,2.5276709
2.400861,2.5336607
2.4588857,2.661502
2.266075,2.6930377
2.2245286,2.6499712
2.4144053,2.5954192
2.2195368,2.6416116
2.256009,2.503778
2.1534362,2.618207
2.1835163,2.6157944
2.1207519,2.6764
2.5133877,2.684885
2.1467311,2.662015
2.1322713,2.5884862
2.2989929,2.6298902
2.318224,2.53195
2.1234727,2.6765223
2.1725972,2.6348739
2.1022105,2.6540985
2.1536698,2.6076062
2.16702,2.6086402
2.5365314,2.5851932
2.1113772,2.6635902
2.2435827,2.6331718
2.2783241,2.596968
2.3442683,2.6849048
2.1517403,2.5163581
2.1987891,2.6826506
2.2274354,2.6330729
2.1022596,2.5722034
2.3370416,2.5541396
2.1884894,2.6434886
2.1058948,2.6557167
2.3503864,2.5323036
2.2735174,2.5619357
2.2519534,2.6646914
2.1481733,2.6029737
2.2281997,2.667738
2.1332703,2.54678
2.222888,2.6332815
2.3561509,2.6114976
2.178618,2.688379
2.1378667,2.542499
2.3035336,2.5079954
2.2282236,2.5649612
2.1026146,2.6921022
2.1554027,2.6642241
2.3503048,2.5067534
2.1973972,2.5311003
2.3814595,2.564438
2.1143975,2.575486
2.4869807,2.5160246
2.106034,2.5228937
2.1755576,2.674239
2.185142,2.6443822
2.199206,2.6277287
2.1270306,2.6090457
2.1975253,2.5240886
2.2264745,2.6218655
2.1910007,2.6533592
2.2628908,2.6644871
2.2969081,2.6866324
2.3333035,2.5418994
2.1049097,2.6465228
2.193345,2.5590036
2.1485841,2.688533
2.1245973,2.5284479
2.2432327,2.6880665
2.5256298,2.5424738
2.1413662,2.5775166
2.3491223,2.5408943
2.2122648,2.5052722
2.1450105,2.591039
2.1010978,2.6670368
2.3146038,2.6139107
2.3034189,2.5436325
2.2660909,2.5349865
2.2052855,2.5268478
2.3886936,2.5089707
2.3291082,2.6023824
2.1318238,2.5771143
2.1190603,2.6134608
2.132049,2.601969
2.172411,2.5578704
2.4737458,2.5996695
2.3178523,2.6024663
2.2291288,2.5825872
2.3305979,2.6634443
2.1558943,2.676689
2.4053192,2.5255961
2.196867,2.5216544
2.3511145,2.5025342
2.1348183,2.5548449
2.2350264,2.6242447
2.2516034,2.5176039
2.3264358,2.5405798
2.3688722,2.5043852
2.377224,2.6990018
2.1868303,2.619337
2.2229147,2.6650472
2.124543,2.5763154
2.2653995,2.628406
2.2281365,2.6666636
2.1451857,2.6946075
2.4239466,2.5798533
2.1082616,2.5999143
2.2287693,2.5329497
2.2467995,2.6037958
2.1343715,2.5306764
2.2729065,2.544589
2.3732207,2.53115
2.1706357,2.6128893
2.38373,2.6175575
2.116763,2.6374922
2.1091237,2.6549716
2.1765654,2.6637454
2.1633916,2.6795866
2.1115885,2.5670617
2.2875035,2.5427914
2.3797066,2.5762613
2.1908147,2.618803
2.4304187,2.6558988
2.1125565,2.5506752
2.2195933,2.6297774
2.3478703,2.590929
2.2055242,2.620402
2.2859643,2.631347
2.1494582,2.6162665
2.199582,2.5432034
2.3537545,2.5452704
2.1284554,2.671092
2.304068,2.5497699
2.5060058,2.6526265
2.2641177,2.6376152
2.2093692,2.5340111
2.1107757,2.5471637
2.2555013,2.5954943
2.1290574,2.5898964
2.1011443,2.676115
2.319883,2.6168954
2.1835804,2.6887136
2.2720304,2.6791816
2.1210642,2.6138237
2.3067753,2.5707693
2.11883,2.5070045
2.3049173,2.603094
2.3432524,2.5019014
2.1333873,2.539836
2.2784247,2.5458596
2.1411285,2.5772564
2.1804183,2.6556776
2.2866323,2.5007696
2.2398694,2.5085733
2.2732813,2.5506248
2.1658711,2.6192164
2.120459,2.6923573
2.370649,2.559501
2.4629426,2.5404115
2.2856162,2.665653
2.3972225,2.620204
2.1751924,2.5152094
2.1894252,2.6342714
2.1440036,2.664006
2.185352,2.5618303
2.2516155,2.6206381
2.1909988,2.6619065
2.1459203,2.6989284
2.1559923,2.647524
2.1480193,2.5663073
2.1390076,2.6904604
2.3530629,2.5391293
2.1427116,2.6490417
2.1215518,2.5413425
2.4354126,2.6363056
2.224922,2.684872
2.4709036,2.5969515
2.2029626,2.6116266
2.1817896,2.5644338
2.1175592,2.5476887
2.3618722,2.6362128
2.1062653,2.6270273
2.4708166,2.6550646
2.3864446,2.5946126
2.1454778,2.5857635
2.2091362,2.5942183
2.3397083,2.5526848
2.1321847,2.69033
2.4328234,2.6262817
2.2337031,2.5060313
2.2594645,2.5572114
2.499183,2.6518962
2.2661011,2.5454342
2.11334,2.65434
2.2296188,2.5170267
2.3328977,2.6495447
2.4452438,2.5699677
2.1042192,2.5325987
2.194427,2.697494
2.5399814,2.6367016
2.1420596,2.6496325
2.1500282,2.5709372
2.1470401,2.5321105
2.2706873,2.5913656
2.2210479,2.5710528
2.2068803,2.6070523
2.1646812,2.5786965
2.1944003,2.6474655
2.2752,2.6739686
2.165385,2.6757011
2.5172014,2.681791
2.4904587,2.5409627
2.2483983,2.6046338
2.1862388,2.5406995
2.1754782,2.5719972
2.2291942,2.5348077
2.331101,2.5889606
2.2684107,2.5767996
2.3047528,2.6663587
2.105583,2.5254807
2.2001636,2.6340413
2.1069636,2.5541556
2.277597,2.5139322
2.306393,2.5214489
2.4281492,2.5519588
2.4327254,2.6423666
2.1621044,2.6441815
2.1445608,2.5567381
2.1085165,2.6339996
2.384587,2.6751437
2.1127803,2.6721237
2.2574587,2.6770191
2.320216,2.690582
2.2608328,2.5183325
2.176084,2.6298847
2.187591,2.5042324
2.2090676,2.6342928
2.3403502,2.6188874
2.1444335,2.5967352
2.1022115,2.5248685
2.520998,2.5465865
2.1641848,2.618919
2.2267363,2.526971
2.2306674,2.5302124
2.1449928,2.5577762
2.1003067,2.5980916
2.1971338,2.5714462
2.1877856,2.6134906
2.364933,2.636494
2.1891856,2.554032
2.3899083,2.532314
2.1309996,2.5235996
2.4479048,2.6677551
2.2854023,2.517965
2.354538,2.6625156
2.3807814,2.537939
2.305822,2.5860744
2.3160114,2.5425875
2.1476586,2.562094
2.2867825,2.6712537
2.1687322,2.67056
2.1597776,2.5999663
2.2107313,2.5298297
2.267061,2.604069
2.3845341,2.686994
2.4235034,2.5015414
2.2940688,2.55023
2.428508,2.6067643
2.1602812,2.6768897
2.162365,2.527797
2.126839,2.5963585
2.1703413,2.5449922
2.3310654,2.5751119
2.125063,2.5608222
2.3235738,2.608237
2.2553277,2.5062492
2.202998,2.6140466
2.1387014,2.5091193
2.1500678,2.688153
2.2036073,2.5195677
2.1177726,2.5438125
2.243256,2.685771
2.165035,2.5597599
2.2049372,2.6333816
2.1834664,2.5759788
2.513481,2.567902
2.2021995,2.6062176
2.2106445,2.544301
2.429777,2.5519748
2.3811169,2.6369364
2.3449721,2.5985854
2.1154819,2.5965767
2.3418825,2.6311166
2.214048,2.6995363
2.3360524,2.5354114
2.2425933,2.5419614
2.3311355,2.5179298
2.488663,2.615748
2.1201723,2.5587409
2.3927372,2.6258485
2.374306,2.6051183
2.1555505,2.5899222
2.1326957,2.531233
2.191203,2.6170046
2.2881188,2.600599
2.1485949,2.5976763
2.289851,2.58867
2.3939836,2.6272748
2.1270523,2.5651395
2.522011,2.6324809
2.3267388,2.51383
2.2128012,2.6476386
2.2700808,2.5527573
2.4683123,2.5552468
2.1087384,2.6652005
2.289354,2.5502527
2.1149683,2.6014795
2.1187978,2.5241346
2.1736681,2.5674584
2.491449,2.5720448
2.2335174,2.595902
2.2843559,2.6375844
2.4023056,2.5607154
2.1182973,2.6604075
2.1455617,2.5779808
2.267091,2.695591
2.1372695,2.5123656
2.264007,2.503074
2.1770153,2.6898649
2.4156976,2.6434784
2.1117446,2.571044
2.3550801,2.6640623
2.1769295,2.5197783
2.4279768,2.655576
2.410948,2.5140867
2.2732546,2.6088355
2.1013808,2.6119578
2.1925216,2.5334625
2.355533,2.694664
2.2089803,2.6501005
2.1060884,2.6068518
2.1309104,2.5082123
2.1542413,2.6387575
2.2257733,2.5601697
2.1207497,2.5054152
2.2555907,2.6762612
2.2885787,2.5439167
2.1918273,2.523807
2.2680416,2.514898
2.2435677,2.687804
2.2187574,2.555133
2.309308,2.5952015
2.3959408,2.5732296
2.1021502,2.5328026
2.5116417,2.5153546
2.2061274,2.517784
2.2686405,2.5081217
2.1771677,2.6209404
2.2933939,2.6935077
2.2868984,2.6798673
2.381044,2.5146563
2.3616931,2.6071699
2.4269366,2.562284
2.2055998,2.6179254
2.4833922,2.5262585
2.3931549,2.591197
2.125944,2.6692839
2.464724,2.5132947
2.511198,2.5459638
2.1310465,2.597222
2.1566987,2.5616305
2.108624,2.5018046
2.1120353,2.514613
2.3171933,2.5947497
2.216244,2.6835856
2.2201884,2.5004873
2.2838483,2.5594926
2.1420546,2.6536884
2.3187568,2.6492553
2.177037,2.621098
2.4657393,2.686853
2.2256103,2.6092846
2.4377964,2.6114593
2.1704462,2.51396
2.340916,2.6212564
2.1221504,2.5214555
2.2664385,2.622363
2.22098,2.5470283
2.2112296,2.636729
2.2298205,2.5848007
2.4451382,2.620637
2.3111064,2.5399814
2.28227,2.5144658
2.3324091,2.5774727
2.1919549,2.5309448
2.3241475,2.501547
2.3836417,2.5130787
2.1452296,2.5124974
2.1296163,2.508249
2.2005825,2.5453722
2.3329551,2.522565
2.2850814,2.617627
2.298377,2.5915492
2.119097,2.5551565
2.2970712,2.653072
2.2481008,2.5665476
2.1715484,2.690897
2.3083737,2.6688137
2.1588128,2.538841
2.4632864,2.549081
2.3572173,2.5445127
2.252973,2.5652256
2.481966,2.5926578
2.2064412,2.6934583
2.1443942,2.632237
2.5400186,2.5787425
2.3160586,2.636186
2.1823912,2.5635147
2.145955,2.5491211
2.2246823,2.5857615
2.3224602,2.6369934
2.1258926,2.6593275
2.1743226,2.5069475
2.2687564,2.5981112
2.2918928,2.641326
2.4380035,2.5465436
2.130438,2.516799
2.1632254,2.5557983
2.4076378,2.6324475
2.2636948,2.5045106
2.1125743,2.678257
2.2130141,2.5232735
2.446614,2.547273
2.5280917,2.5663815
2.1780605,2.605054
2.3416603,2.6181376
2.1917462,2.6609464
2.177626,2.687867
2.525365,2.6863246
2.3218517,2.5323484
2.1528542,2.5255518
2.215721,2.6108625
2.1611447,2.5726967
2.1482232,2.6857402
2.506671,2.6185992
2.2918248,2.6475003
2.1176531,2.6879168
2.1505046,2.5453324
2.4456623,2.6663883
2.22212,2.5968986
2.2522693,2.6429362
2.230114,2.5317643
2.2514622,2.6591136
2.1260219,2.569446
2.122407,2.5680044
2.2040246,2.5737998
2.2809184,2.6288934
2.4102674,2.5660717
2.1789775,2.5643015
2.3439713,2.549267
2.5255458,2.5671768
2.2675402,2.6840637
2.4157274,2.5668733
2.4130769,2.6125307
2.2260983,2.5349946
2.1726604,2.5249891
2.133417,2.6900635
2.1322773,2.5098832
2.1798532,2.511532
2.4151158,2.6068735
2.2441313,2.6787217
2.3641543,2.5339754
2.1565897,2.5931938
2.3238542,2.5981688
2.120042,2.5335457
2.1831944,2.5603776
2.1076016,2.547823
2.2863822,2.5329516
2.3341744,2.598056
2.319532,2.661905
2.1056304,2.6462846
2.3870366,2.615906
2.3464613,2.6088748
2.4381475,2.5639253
2.1465285,2.551888
2.5340898,2.5931387
2.5089426,2.5319562
2.358644,2.5410583
2.374314,2.636838
2.309667,2.604212
2.1043086,2.582747
2.3034618,2.63176
2.1032536,2.5477872
2.2184105,2.6910563
2.12733,2.5718622
2.1163263,2.5141006
2.169719,2.6209705
2.5150373,2.5441582
2.2022405,2.5137475
2.3327096,2.5310276
2.4588413,2.654477
2.1687617,2.516016
2.256767,2.617456
2.3897426,2.5190783
2.2895887,2.5629244
2.169827,2.5397081
2.15539,2.636216
2.1364107,2.653443
2.3296373,2.5887282
2.1637776,2.5942545
2.2268116,2.6592996
2.3684263,2.647631
2.1074538,2.688594
2.1441898,2.6258626
2.2685764,2.6940196
2.1106954,2.517913
2.1230953,2.552963
2.512593,2.5819676
2.1676779,2.5812006
2.1501434,2.5887933
2.434616,2.5290854
2.1524405,2.5987945
2.1912,2.521934
2.46795,2.6071715
2.3539252,2.5934007
2.2443845,2.6068668
2.3608742,2.5285428
2.269933,2.6170423
2.402769,2.6976504
2.1614547,2.5004327
2.2247663,2.571861
2.4397967,2.6063957
2.464671,2.6581516
2.3249388,2.6001256
2.36415,2.662026
2.3495088,2.6501338
2.1381075,2.5937681
2.2697241,2.6109664
2.5216575,2.5008433
2.2173638,2.580622
2.1020117,2.6282365
2.3919332,2.5074842
2.1763322,2.643215
2.1629324,2.566195
2.1259124,2.6069345
2.437082,2.5592756
2.2796826,2.6830368
2.4189851,2.515929
2.2175605,2.6599274
2.1391206,2.5891504
2.4167793,2.620678
2.1706166,2.530711
2.3920279,2.6606398
2.3980782,2.5597184
2.2843525,2.5489807
2.2259562,2.625644
2.4900303,2.5528305
2.2360256,2.5369508
2.200668,2.5489612
2.2328842,2.6732187
2.527261,2.5277884
2.2451758,2.5746875
2.1701334,2.630963
2.4993913,2.51859
2.134741,2.5777082
2.2814386,2.5346787
2.219105,2.6422222
2.1952899,2.6478
2.2482421,2.5996659
2.3048477,2.6237626
2.1181684,2.6393008
2.2701776,2.5501118
2.1722877,2.500993
2.217469,2.5815244
2.3454745,2.543217
2.4064312,2.5984297
2.2475302,2.6071546
2.2025676,2.5459495
2.1856034,2.5761316
2.103324,2.5615096
2.143858,2.661846
2.1332092,2.5749352
2.242062,2.5271606
2.273192,2.5300348
2.174807,2.639995
2.10883,2.5047584
2.131376,2.5127819
2.175558,2.5645442
2.252099,2.5041065
2.4523,2.5794363
2.1508856,2.5894248
2.2274315,2.5281482
2.3501313,2.6743636
2.20268,2.5722737
2.3419566,2.5844994
2.1944735,2.6262596
2.166952,2.6745517
2.2044883,2.5276217
2.374488,2.5525868
2.123603,2.5424957
2.2776682,2.5315008
2.1168125,2.6923509
2.245681,2.547714
2.4086564,2.5736365
2.2240636,2.6204512
2.1259754,2.5667865
2.419562,2.570975
2.2037745,2.5582883
2.3662343,2.504695
2.2689648,2.651132
2.4919534,2.6200047
2.400177,2.638372
2.3163779,2.5098011
2.1051388,2.6188626
2.4794102,2.5209742
2.4281864,2.6771553
2.1734374,2.6560957
2.277894,2.510851
2.2181606,2.6748888
2.1088421,2.6279058
2.1526084,2.5502818
2.1801944,2.6712217
2.398122,2.568663
2.365175,2.6076927
2.4388242,2.539783
2.115946,2.609375
2.2231293,2.562375
2.3230057,2.5784106
2.2509122,2.6916294
2.2489963,2.5919182
2.2028863,2.519474
2.3242662,2.6220834
2.202029,2.589831
2.104949,2.5366614
2.1550176,2.570201
2.1054077,2.587213
2.1274114,2.5326252
2.1062467,2.677102
2.2446141,2.6058464
2.118734,2.5667899
2.203686,2.6087787
2.1640394,2.602559
2.2044098,2.5917003
2.5188587,2.5919197
2.3114686,2.5820444
2.312448,2.699033
2.437236,2.5506713
2.439428,2.61174
2.1428921,2.537741
2.1772916,2.6056871
2.182861,2.560584
2.181388,2.535189
2.142387,2.5788345
2.173971,2.6580336
2.2546537,2.6301975
2.2269344,2.6333299
2.1708221,2.5525372
2.224299,2.5951283
2.298681,2.6106064
2.1122842,2.6100044
2.3182771,2.5295355
2.2911067,2.6408882
2.3020778,2.5109682
2.2592309,2.5231338
2.1188078,2.6171136
2.4317827,2.547629
2.1637166,2.5506852
2.1155367,2.647677
2.1116235,2.6504338
2.1055343,2.5234587
2.2831142,2.5090432
2.24486,2.6830568
2.2624273,2.5103176
2.1624696,2.5401847
2.3436034,2.6937923
2.1163359,2.5082688
2.3095624,2.6877506
2.2992759,2.6542108
2.2116685,2.6495857
2.5162363,2.6374812
2.127742,2.654084
2.4567773,2.5862715
2.1433449,2.54412
2.1532881,2.5091443
2.2081695,2.5000136
2.19611,2.569428
2.2948995,2.6402032
2.1308768,2.509348
2.2893476,2.5421915
2.4720967,2.659651
2.3335848,2.6627135
2.374797,2.5325997
2.121425,2.6315694
2.1056015,2.5651152
2.3280501,2.6075387
2.1085112,2.5473745
2.4182796,2.5364757
2.2875032,2.6522074
2.1423495,2.6163821
2.314372,2.6509118
2.105075,2.6934505
2.207732,2.6237268
2.1214728,2.5931497
2.2720065,2.570709
2.1534789,2.6118734
2.1406472,2.5523121
2.1602478,2.5813475
2.2546837,2.5033615
2.2443202,2.5752351
2.327431,2.6838527
2.3027842,2.5775359
2.1336129,2.5669222
2.297823,2.5320015
2.149945,2.6912904
2.392635,2.6326818
2.1950037,2.5778522
2.2723022,2.5932689
2.2720792,2.5592551
2.1585288,2.5644476
2.2692292,2.5043104
2.2959373,2.5953875
2.5292556,2.535514
2.1889079,2.6070852
2.3859262,2.5123835
2.3899777,2.5859127
2.3111253,2.5171537
2.1887681,2.6637392
2.4376366,2.5475633
2.2727642,2.6418395
2.2031548,2.5537047
2.4184124,2.6519046
2.3048804,2.6296942
2.1738384,2.5052643
2.444129,2.5829751
2.445519,2.6484628
2.3806725,2.529404
2.1760416,2.5676215
2.2661529,2.6834364
2.1544714,2.5270796
2.3215058,2.62869
2.2997541,2.5471158
2.373125,2.5137393
2.1877258,2.671172
2.159483,2.6485283
2.1085827,2.5781171
2.3677545,2.6139507
2.2203193,2.6255276
2.161128,2.6553369
2.2404442,2.5741932
2.2223911,2.5795727
2.105058,2.6230865
2.2358305,2.6287842
2.1860337,2.6750994
2.1635242,2.6640456
2.2116928,2.6870575
2.1209037,2.6954818
2.2455783,2.6780386
2.2351758,2.5414956
2.3335533,2.5076
2.34145,2.6716595
2.2035189,2.5449693
2.1177342,2.6312575
2.2103145,2.6356828
2.1206408,2.5167222
2.503243,2.6611953
2.203674,2.6610618
2.497933,2.6688397
2.1276066,2.520153
2.1410792,2.682705
2.2046006,2.5223489
2.3250194,2.5139904
2.3458202,2.5620735
2.2900689,2.6947677
2.529533,2.5578363
2.2026753,2.576306
2.2719586,2.6994758
2.1144667,2.552641
2.202572,2.561707
2.224741,2.6932487
2.498575,2.5845966
2.4949973,2.5247402
2.1900508,2.5105803
2.1712987,2.5196073
2.2335732,2.691397
2.4499881,2.5945394
2.353131,2.5056238
2.2308135,2.6727486
2.3239186,2.5278378
2.1438608,2.5246596
2.148404,2.5861907
2.126164,2.5436842
2.1182654,2.524994
2.1164355,2.683772
2.1534133,2.5629818
2.2271893,2.5813622
2.3788903,2.5213351
2.250835,2.5109265
2.1874413,2.5143952
2.116841,2.6986902
2.1968858,2.6113944
2.3463936,2.5165436
2.2185664,2.5097702
2.2119944,2.5014231
2.3436847,2.637963
2.2757912,2.5867813
2.1211326,2.5644677
2.4907067,2.5473309
2.1339655,2.6275344
2.2084477,2.5298944
2.35579,2.5903814
2.1836376,2.5528212
2.1204326,2.5489945
2.5001826,2.6471703
2.4550242,2.5505862
2.1807497,2.6977823
2.1458783,2.58031
2.1414454,2.5413258
2.232381,2.6468804
2.158195,2.5146608
2.3393679,2.5906217
2.2242618,2.5500076
2.2842617,2.5566418
2.3417447,2.6853547
2.1005106,2.6644835
2.2265077,2.544153
2.1497464,2.5906465
2.131574,2.5067418
2.3335915,2.545948
2.2349217,2.531488
2.214058,2.5564125
2.2563584,2.5113678
2.484915,2.6533444
2.252819,2.6142955
2.437086,2.6978822
2.220906,2.5768921
2.2988183,2.579883
2.3219166,2.655446
2.259022,2.613528
2.2009718,2.5820363
2.1409621,2.616197
2.5381815,2.6924038
2.2340512,2.6854067
2.365921,2.5824347
2.5116441,2.5493991
2.20573,2.628334
2.3850722,2.5756648
2.1937444,2.539481
2.4132934,2.5413005
2.1450958,2.5266786
2.1177645,2.5418754
2.2999785,2.570213
2.239305,2.5832713
2.1937041,2.6628122
2.2084582,2.6685715
2.2027826,2.5756512
2.1621864,2.6455817
2.1964848,2.6574688
2.118631,2.5160966
2.209618,2.5572052
2.173858,2.6326795
2.163196,2.6517339
2.2392375,2.66083
2.3503258,2.5230572
2.2362642,2.5731096
2.179012,2.5729706
2.1337438,2.648249
2.3119707,2.603568
2.495096,2.5741696
2.1553774,2.6614444
2.1706586,2.510627
2.1799612,2.5105262
2.186668,2.6569672
2.1012487,2.6704988
2.1344082,2.5600364
2.2233195,2.6330879
2.2563741,2.6948054
2.1376858,2.6983206
2.4015825,2.560732
2.294983,2.5100036
2.3349524,2.527072
2.522234,2.6986682
2.2435403,2.5335524
2.167313,2.674725
2.3238428,2.6183124
2.298631,2.5129313
2.1583297,2.5155368
2.2941463,2.6601644
2.1791987,2.5563366
2.2210367,2.6023266
2.1243906,2.632614
2.1424851,2.662571
2.1248057,2.5392807
2.4488142,2.5072215
2.1032946,2.5414844
2.2502599,2.6798015
2.2206833,2.6474442
2.4726598,2.6375377
2.1274204,2.687773
2.2461543,2.5165713
2.4142277,2.5575235
2.207646,2.6973495
2.5206718,2.5133784
2.1775503,2.5989277
2.365454,2.5703602
2.3593214,2.5374064
2.2163613,2.623562
2.2189937,2.5542083
2.2820058,2.593602
2.1054277,2.5261295
2.1291444,2.6280816
2.1171045,2.5088809
2.4357705,2.520254
2.131513,2.6531465
2.226559,2.5659606
2.106969,2.590671
2.2632792,2.6093237
2.2199292,2.6509013
2.1931405,2.576564
2.111318,2.5570467
2.2717438,2.6553516
2.3209882,2.6872773
2.154149,2.5127306
2.4442675,2.5915306
2.2178657,2.633356
2.3092287,2.6232607
2.2272842,2.5254726
2.1841698,2.6792426
2.188376,2.687686
2.109887,2.5510893
2.1616259,2.6431758
2.1038806,2.5688682
2.4049559,2.6907358
2.105193,2.5487952
2.3727462,2.5222273
2.1730163,2.5685716
2.4421754,2.6285014
2.435704,2.6864462
2.2612085,2.5192728
2.2882874,2.5622985
2.458423,2.5406306
2.4052224,2.5806923
2.2863243,2.5479522
2.3071249,2.6061504
2.2193232,2.6861858
2.1508377,2.5678916
2.1270761,2.6464121
2.304312,2.5522206
2.2391489,2.6443982
2.2923586,2.5546649
2.1411707,2.6382844
2.3113263,2.6733284
2.3476675,2.5942993
2.291635,2.6661708
2.300364,2.621537
2.4047632,2.506498
2.4123826,2.5972674
2.1224313,2.6077948
2.24674,2.6835752
2.1194043,2.6840792
2.2062533,2.506948
2.3133378,2.689133
2.4958367,2.626928
2.1607766,2.6375122
2.2885666,2.5070717
2.374605,2.5916557
2.2973528,2.5156047
2.220615,2.6584835
2.119616,2.672861
2.1488194,2.5113006
2.1509032,2.5722976
2.2556844,2.6813633
2.2165637,2.5101
2.2804823,2.5240476
2.1037595,2.6151433
2.3232238,2.5933115
2.1430538,2.5645843
2.1511726,2.6263983
2.1177027,2.667233
2.1252804,2.6132178
2.1631582,2.6993403
2.354797,2.6147118
2.2509277,2.6453135
2.2302306,2.510392
2.1007307,2.5451112
2.3686419,2.6261017
2.1719022,2.6403465
2.1970072,2.570868
2.330258,2.575446
2.2995331,2.5682876
2.1122153,2.6713462
2.2672358,2.6222322
2.1546044,2.514198
2.3116279,2.6357167
2.2679875,2.5079954
2.452542,2.5042186
2.2601209,2.5550282
2.1382651,2.5412521
2.5225623,2.5514288
2.1460204,2.6355367
2.1003413,2.5937626
2.1982045,2.687819
2.2711198,2.6419632
2.2238193,2.5664046
2.1322203,2.6687481
2.4559023,2.5871582
2.139888,2.6076112
2.1272492,2.6915565
2.1486535,2.60944
2.5015748,2.53378
2.1688156,2.6885495
2.124336,2.6647968
2.377234,2.5328107
2.2552817,2.6465795
2.1990159,2.563056
2.25732,2.627039
2.1169572,2.5294006
2.1453717,2.526609
2.1483898,2.634945
2.1256912,2.568293
2.3345628,2.502236
2.3164499,2.555294
2.2501545,2.6757538
2.361488,2.62784
2.1502812,2.6302662
2.1127622,2.5927165
2.4864504,2.6615248
2.1542275,2.627807
2.1214368,2.6571658
2.2753987,2.587435
2.2683249,2.593029
2.1536188,2.6904626
2.1577275,2.661508
2.1539383,2.5714402
2.2065465,2.5884447
2.1060848,2.5053933
2.4211512,2.59616
2.1181018,2.6811874
2.1028345,2.509862
2.3947434,2.5042799
2.2195878,2.583806
2.1018178,2.6033037
2.1690226,2.6481078
2.1472964,2.5599566
2.2354503,2.650164
2.3228533,2.5835583
2.2634754,2.672177
2.3363383,2.6634321
2.1105459,2.50818
2.213018,2.5136805
2.1822557,2.6118155
2.2426105,2.56105
2.5407522,2.5619435
2.522541,2.6822915
2.1557066,2.633722
2.3178947,2.6104612
2.311921,2.6160798
2.1107476,2.5521288
2.3178792,2.5727575
2.2754498,2.5031266
2.196384,2.6940577
2.1335306,2.543613
2.1969464,2.6157906
2.3264644,2.648188
2.5463877,2.5990057
2.1811872,2.534945
2.3593748,2.6828942
2.1486714,2.6503854
2.1146784,2.5641766
2.1047008,2.5736873
2.1709569,2.6119554
2.1582782,2.6602867
2.46733,2.6807177
2.1464107,2.5452967
2.2681227,2.6330626
2.4295132,2.5843487
2.5358813,2.5166264
2.1359625,2.5397558
2.1209087,2.5110335
2.2330375,2.5689707
2.1706777,2.6406476
2.1683655,2.590758
2.2928638,2.5133162
2.3863664,2.6527946
2.1921513,2.5799868
2.155099,2.528792
2.534316,2.52807
2.4316728,2.5702477
2.1029952,2.5662127
2.1330605,2.5075393
2.42917,2.6380954
2.1957326,2.5499978
2.229955,2.5863874
2.1901386,2.6451206
2.1570766,2.547335
2.2695234,2.5264072
2.4073598,2.6559868
2.3369799,2.529873
2.1628346,2.6044533
2.2353976,2.6897743
2.147045,2.6188636
2.1792276,2.5183125
2.1902897,2.6983135
2.3276558,2.691331
2.1416578,2.5359783
2.3977208,2.5128503
2.1928446,2.6475146
2.2834163,2.5119302
2.1109352,2.6983664
2.161596,2.6432714
2.4242237,2.547127
2.2698123,2.6655147
2.1690228,2.6958215
2.2656798,2.5906446
2.152481,2.538711
2.1823933,2.5332012
2.1516833,2.6806886
2.280204,2.538272
2.1373177,2.6217787
2.1343443,2.6876297
2.1621556,2.5377853
2.1706233,2.685421
2.2386951,2.5985339
2.1543357,2.6005204
2.4385803,2.5914109
2.2775195,2.6065202
2.2181642,2.5018027
2.4180186,2.5576532
2.2043273,2.631485
2.5136693,2.6805837
2.1238785,2.5183141
2.4669614,2.5360613
2.3651922,2.6291018
2.1079893,2.5814526
2.2324998,2.5469358
2.3599765,2.5579216
2.1873517,2.639429
2.3210318,2.548694
2.410035,2.5089905
2.311181,2.510779
2.2674162,2.675908
2.1290193,2.6230102
2.1025352,2.5656438
2.1033998,2.5822117
2.2887862,2.570445
2.3672473,2.639939
2.2221146,2.5412245
2.1154313,2.5302212
2.252155,2.558875
2.2015996,2.609486
2.4775379,2.5252993
2.4119165,2.5716336
2.3746812,2.6138449
2.2986178,2.5025325
2.1173813,2.5119379
2.138226,2.5876818
2.192161,2.652461
2.2971013,2.6846776
2.2349582,2.5159602
2.1535625,2.6572583
2.1528697,2.5461533
2.1300197,2.5785894
2.1680088,2.5090432
2.3764324,2.5366588
2.151344,2.688603
2.1083782,2.5223927
2.1374266,2.6068342
2.1180527,2.5307028
2.2829704,2.6546736
2.1295335,2.589459
2.276822,2.5015619
2.2308204,2.6088226
2.3093157,2.6369479
2.1484425,2.669628
2.1273172,2.5424588
2.3537056,2.5499089
2.292603,2.5294614
2.2400894,2.6000984
2.3929086,2.5993326
2.3342857,2.5315745
2.193151,2.5161393
2.1816673,2.6071937
2.404428,2.6558506
2.1024144,2.688211
2.2049923,2.5769784
2.347397,2.540371
2.2060206,2.5361135
2.1189868,2.5116742
2.256565,2.5019276
2.1647847,2.5456553
2.3886006,2.6032815
2.3450298,2.6289577
2.2376451,2.5927382
2.5132737,2.5563068
2.2292695,2.5011792
2.1268897,2.5023775
2.2555537,2.5831044
2.2478092,2.64761
2.1546752,2.6664736
2.1686375,2.6730838
2.3039193,2.639459
2.2205637,2.663682
2.3035,2.5455935
2.2257788,2.6813571
2.1324966,2.5069978
2.1041312,2.5357904
2.165649,2.5109992
2.1497996,2.6713798
2.1095793,2.6667383
2.3457808,2.6546903
2.519517,2.5648162
2.2838802,2.5706522
2.2734396,2.664418
2.170867,2.5881097
2.329569,2.6529295
2.356936,2.5393503
2.2357278,2.5689805
2.2542427,2.6784167
2.125579,2.5241308
2.3582342,2.6652577
2.1935518,2.508193
2.14707,2.674585
2.13998,2.5174782
2.2112646,2.6891997
2.1107,2.5692036
2.261692,2.5515532
2.2328742,2.6012695
2.181567,2.6588361
2.236439,2.6850846
2.1392584,2.6470504
2.1477077,2.508123
2.3393345,2.5486658
2.3874671,2.5368621
2.1744866,2.5323396
2.1332037,2.6440928
2.3727977,2.569762
2.10182,2.6970994
2.294641,2.6452749
2.516444,2.5078187
2.458511,2.5959265
2.225531,2.550457
2.5209908,2.597526
2.5226536,2.5119572
2.1169782,2.6464884
2.216753,2.5540948
2.4327085,2.6103888
2.2431638,2.6814687
2.3251736,2.5385163
2.2789874,2.648899
2.1694493,2.62945
2.195436,2.558961
2.5085099,2.6671443
2.3328195,2.5799463
2.333395,2.6452773
2.388369,2.604096
2.4172235,2.6457424
2.3337338,2.6631477
2.257663,2.5574555
2.3927813,2.524572
2.1820962,2.6552184
2.3243446,2.6289895
2.4336162,2.548362
2.2224994,2.5276735
2.4493833,2.5237253
2.138028,2.590699
2.1554747,2.6369143
2.1175268,2.6165223
2.2021995,2.6410427
2.1102355,2.6322489
2.467135,2.6459675
2.3697855,2.5534766
2.300586,2.5134757
2.120401,2.597007
2.2110922,2.5780647
2.1555712,2.6183414
2.2219,2.6931598
2.4538913,2.675084
2.3481894,2.5794811
2.2037427,2.6152654
2.2494192,2.676126
2.148231,2.585964
2.1809936,2.5317156
2.2807357,2.642601
2.1090775,2.6309173
2.246275,2.6791296
2.214294,2.504453
2.2025738,2.541042
2.2327561,2.6343174
2.2413898,2.543108
2.4735591,2.6296697
2.340288,2.6967325
2.2049675,2.6195676
2.4348276,2.6328285
2.1299877,2.5076122
2.2249093,2.560235
2.179607,2.5785367
2.348478,2.6134157
2.4224916,2.6071954
2.3292134,2.683392
2.2019167,2.6655235
2.2435937,2.6428201
2.1175551,2.5470774
2.206132,2.556953
2.2718425,2.6130722
2.152074,2.6484592
2.40952,2.6905887
2.2462013,2.6984134
2.4279637,2.6597314
2.1183336,2.642652
2.328759,2.563366
2.249068,2.6413982
2.209789,2.6802437
2.2039397,2.6718233
2.110603,2.5683594
2.1634066,2.661505
2.136757,2.5737066
2.3964252,2.5567324
2.315728,2.6576314
2.543455,2.6257255
2.2036164,2.5283365
2.2433817,2.685684
2.4364336,2.5800552
2.100807,2.6751838
2.3491037,2.616037
2.1009097,2.5654707
2.296241,2.6602523
2.3489373,2.55426
2.1380575,2.5518885
2.3799853,2.5939333
2.1920989,2.5573192
2.3818986,2.519965
2.1271372,2.5910525
2.2858565,2.5870001
2.1312635,2.6296382
2.337526,2.5697217
2.2105258,2.5469506
2.1128123,2.504591
2.198978,2.5894444
2.2178273,2.60708
2.2498167,2.5491638
2.352355,2.6752481
2.23481,2.612536
2.4905393,2.625327
2.1985857,2.6133628
2.5389853,2.5147243
2.1070368,2.6726365
2.2182822,2.6807764
2.3568432,2.6460032
2.2400553,2.5559156
2.2531695,2.685659
2.1531801,2.5112133
2.2102134,2.6365905
2.4033258,2.5003085
2.1283412,2.657481
2.2132173,2.6399355
2.2705247,2.547813
2.1124232,2.5716538
2.1972654,2.511758
2.1461926,2.5721087
2.259934,2.5494392
2.396796,2.5804892
2.1642692,2.5448823
2.2539184,2.692846
2.168533,2.5597987
2.4897034,2.6749122
2.1250222,2.5745533
2.2336824,2.5613012
2.4945753,2.5570576
2.1480029,2.512547
2.3027341,2.5718546
2.1039846,2.542488
2.183436,2.5239768
2.2128203,2.6606662
2.2962494,2.549176
2.1094668,2.6408277
2.4987724,2.6203907
2.3736145,2.5460935
2.1139894,2.5337863
2.406036,2.5572855
2.4451137,2.5248709
2.213446,2.6859677
2.3319817,2.5898738
2.3303156,2.5169575
2.2476137,2.659091
2.4452183,2.5328145
2.4888554,2.5233395
2.125088,2.5529914
2.1508,2.6130414
2.143531,2.5744421
2.4453268,2.6398585
2.1105664,2.5169988
2.1137824,2.570048
2.3730993,2.5143688
2.152375,2.6856713
2.4780133,2.5298564
2.2293987,2.648226
2.541255,2.5430138
2.324666,2.670884
2.1196928,2.6159708
2.1272004,2.6644778
2.212518,2.6314032
2.158749,2.5126567
2.1066556,2.5273798
2.2927604,2.632881
2.2430398,2.5133822
2.1440663,2.5423572
2.3110192,2.5647304
2.1825733,2.5274723
2.153131,2.67366
2.3521173,2.6029193
2.3624747,2.6483958
2.1037102,2.5261366
2.544604,2.6092973
2.2119513,2.6327765
2.243092,2.6398008
2.3385477,2.5653915
2.2071168,2.5477223
2.2964656,2.5678005
2.2512817,2.6287887
2.2023284,2.61162
2.2655768,2.5026436
2.3582537,2.55709
2.2598991,2.5132794
2.1380918,2.5960255
2.262272,2.5236003
2.116609,2.5599108
2.1817763,2.5613885
2.2380993,2.6300008
2.5441542,2.577323
2.123148,2.5702848
2.2359695,2.5746787
2.1865115,2.5882154
2.1429255,2.6471703
2.2132215,2.6660666
2.1885467,2.6999116
2.1261408,2.5727067
2.1752071,2.6589484
2.1883214,2.503342
2.134892,2.5834768
2.2352161,2.5884466
2.114677,2.5127466
2.4401052,2.667361
2.3640018,2.5236893
2.2750902,2.512137
2.4261715,2.600049
2.1555235,2.5707345
2.1634173,2.5724318
2.46827,2.5360157
2.2772691,2.5675006
2.1755066,2.5350244
2.1882622,2.5784457
2.2071836,2.5430853
2.4747214,2.601606
2.1256518,2.5408673
2.1713438,2.599305
2.2013125,2.5148094
2.1974123,2.58546
2.2664883,2.5812876
2.2693748,2.5126338
2.2659159,2.5013182
2.2731566,2.6867502
2.1925268,2.66724
2.2196083,2.6073146
2.1763918,2.544521
2.208637,2.585773
2.1648738,2.544967
2.4139268,2.509701
2.1006703,2.6605
2.2173862,2.5139015
2.101264,2.6438117
2.134748,2.67749
2.3140168,2.6350465
2.4215908,2.5616014
2.4602017,2.5072896
2.104247,2.5513458
2.2060747,2.671673
2.113345,2.5114512
2.1621335,2.6839073
2.2958784,2.68487
2.1972535,2.5278
2.4199595,2.6094034
2.241228,2.6576953
2.5490882,2.50645
2.326174,2.5145013
2.2728112,2.6186168
2.209766,2.6568923
2.3368857,2.50588
2.171173,2.629628
2.1096144,2.6852036
2.216534,2.6048875
2.3307345,2.626849
2.1343713,2.5027406
2.267692,2.512323
2.1140897,2.6031082
2.1247106,2.6430461
2.1088126,2.681657
2.2176025,2.689701
2.1541586,2.5217206
2.1839237,2.5039885
2.3255947,2.654729
2.4000618,2.5259416
2.1214929,2.5346756
2.1764839,2.6824002
2.237072,2.5572884
2.1125875,2.5298808
2.218934,2.6501334
2.1651983,2.685754
2.3550358,2.555342
2.2491736,2.5541697
2.2343202,2.5221648
2.1491754,2.560013
2.201399,2.6215975
2.473369,2.5807695
2.1126046,2.634182
2.1494296,2.6187046
2.3929656,2.611358
2.4606385,2.593344
2.4265463,2.699333
2.246554,2.6167927
2.2406492,2.518495
2.142608,2.5334973
2.1112568,2.6674426
2.1202137,2.5329092
2.3160522,2.6507714
2.1344843,2.643367
2.3899755,2.518753
2.1281703,2.6612937
2.3921156,2.6704974
2.431887,2.602915
2.376845,2.5849404
2.3186948,2.6863334
2.2917705,2.5093155
2.1085844,2.5983841
2.1043844,2.535617
2.285712,2.5192158
2.2436612,2.6514251
2.305154,2.6335595
2.117681,2.5693822
2.1602285,2.5418162
2.288129,2.5085068
2.1282938,2.6636279
2.1030009,2.576213
2.2270052,2.5093753
2.3596659,2.624778
2.1288974,2.6689062
2.356938,2.5282264
2.3202372,2.6159778
2.2366245,2.5719993
2.3251567,2.5178552
2.119586,2.5971017
2.2166238,2.6013758
2.1862645,2.6702485
2.5453713,2.5673053
2.244476,2.5223813
2.33561,2.505497
2.537047,2.6182158
2.3030133,2.5133893
2.2074723,2.5154746
2.33051,2.6755416
2.247854,2.5036435
2.335944,2.5586667
2.1823545,2.5197158
2.4310782,2.5015726
2.3073921,2.536587
2.179523,2.579794
2.1882226,2.671836
2.229615,2.5106575
2.2745597,2.6156588
2.286126,2.5241632
2.275131,2.522686
2.2743359,2.5334685
2.1793327,2.5227253
2.2285163,2.532074
2.5003343,2.6815474
2.135175,2.6555195
2.224648,2.5332174
2.2394593,2.6125267
2.2953293,2.5054116
2.1331418,2.6195526
2.1433237,2.5290842
2.1475317,2.5987697
2.2695153,2.516633
2.2409413,2.5976784
2.1379743,2.6522152
2.1894875,2.5742345
2.112791,2.569921
2.1994438,2.6370013
2.2237918,2.6260476
2.1301293,2.628403
2.4376252,2.5829847
2.4255097,2.6768503
2.36613,2.5935435
2.1314218,2.5301514
2.1565042,2.596137
2.228227,2.5319057
2.154393,2.5763853
2.15181,2.6321797
2.2476685,2.66157
2.1985097,2.6910257
2.1039715,2.5149922
2.2520921,2.638318
2.2067661,2.6197333
2.1496031,2.600203
2.3707547,2.5030477
2.15907,2.559095
2.14814,2.505426
2.2002234,2.5381565
2.1079617,2.52792
2.1479907,2.5267713
2.1493495,2.6051488
2.2186406,2.6978707
2.1133544,2.6644938
2.183317,2.6176364
2.4123085,2.5254369
2.1033628,2.5820594
2.169013,2.5009003
2.3557713,2.534053
2.198761,2.507727
2.3533514,2.5211434
2.1295757,2.5882356
2.364836,2.5097148
2.233493,2.527465
2.2457304,2.5799165
2.1360998,2.5960338
2.1481018,2.5368443
2.2141776,2.675746
2.1327894,2.57903
2.1238523,2.6645706
2.1709378,2.5398629
2.189285,2.5430613
2.4435844,2.6513963
2.1620412,2.522333
2.2512271,2.6897964
2.2460659,2.6410496
2.1840997,2.5535145
2.5495713,2.601878
2.1020677,2.6540287
2.1844363,2.5532157
2.237892,2.5813453
2.3091023,2.5935163
2.3260856,2.5740378
2.1466577,2.56522
2.2008736,2.510847
2.1913898,2.5137339
2.1639328,2.5635664
2.1107993,2.5225666
2.311398,2.5495098
2.2481897,2.5496516
2.406995,2.6141317
2.4469035,2.5427313
2.117649,2.5662463
2.1339839,2.5323489
2.4706411,2.5354624
2.48234,2.6123266
2.1127083,2.5795376
2.3550782,2.6297483
2.1438532,2.5273705
2.1000526,2.5017447
2.3967543,2.6967027
2.145537,2.6235216
2.1014583,2.5997097
2.1210947,2.526995
2.2681098,2.639292
2.19328,2.6790378
2.1560276,2.512383
2.2883074,2.5704088
2.1175056,2.682743
2.3243966,2.5399883
2.211976,2.6507542
2.1067314,2.5086718
2.3260517,2.620094
2.3505404,2.5103576
2.2092483,2.5202863
2.2403762,2.5202122
2.2594924,2.527605
2.3156626,2.5695038
2.2162075,2.6349697
2.2886078,2.6307414
2.3887596,2.6075315
2.435226,2.6494577
2.4498096,2.5409772
2.1915936,2.5769684
2.219809,2.655942
2.2531598,2.6467764
2.261738,2.5355566
2.1122272,2.6277056
2.3216927,2.6108656
2.2793481,2.6341534
2.2278137,2.6223526
2.2065365,2.6747317
2.2066994,2.5127811
2.121314,2.5228133
2.2319624,2.5912712
2.3381972,2.6702378
2.128568,2.6807842
2.377672,2.6326404
2.133526,2.601634
2.2068205,2.522292
2.2955084,2.6975756
2.3981917,2.6393669
2.2298489,2.5339115
2.3089874,2.5721328
2.1076715,2.6030173
2.3488395,2.626246
2.1342833,2.6082578
2.1163838,2.6290438
2.1025574,2.599607
2.5394557,2.5304973
2.1995778,2.5883248
2.448834,2.6693604
2.1621304,2.6474903
2.1543295,2.5615506
2.1733577,2.6412413
2.2620082,2.5005312
2.287905,2.6734943
2.1619508,2.571234
2.25751,2.6998594
2.3594215,2.5384302
2.271811,2.5374343
2.1444993,2.5754802
2.1312609,2.629216
2.2563124,2.685698
2.1544418,2.5341134
2.357643,2.6977308
2.1812882,2.534425
2.375956,2.6908202
2.518797,2.5589411
2.175989,2.5135565
2.1893713,2.6000128
2.2016358,2.6340342
2.3014514,2.6250777
2.1514153,2.6922996
2.190267,2.5425932
2.2317908,2.5585384
2.189737,2.530439
2.3829422,2.638057
2.3478289,2.5445187
2.2526836,2.625142
2.131697,2.6882453
2.3665168,2.5811443
2.1700625,2.6599023
2.5004034,2.5415313
2.3520205,2.6971416
2.155568,2.6081655
2.4571955,2.6931498
2.522962,2.5517685
2.1458683,2.637081
2.2737026,2.5138397
2.260687,2.5170662
2.4293864,2.6057568
2.311265,2.6149466
2.3291907,2.5268855
2.3022966,2.6183197
2.3671916,2.512886
2.1109657,2.6475737
2.2921045,2.5565462
2.2810094,2.5038524
2.2966156,2.6518755
2.263154,2.6473455
2.371437,2.509899
2.1300192,2.5010335
2.169919,2.5232234
2.4702685,2.5845482
2.3634772,2.663469
2.1615317,2.5188098
2.3172855,2.5794525
2.3820183,2.5690188
2.4966583,2.6236606
2.2426486,2.582536
2.238371,2.5426571
2.1898465,2.58282
2.5445626,2.677132
2.1936255,2.664261
2.1714525,2.664261
2.2480657,2.5489058
2.2775793,2.5037866
2.219485,2.5956182
2.3909264,2.6256526
2.2001321,2.6900895
2.529487,2.5679169
2.1524577,2.603858
2.225438,2.5449646
2.3426294,2.5692027
2.2625015,2.6505606
2.125957,2.6968925
2.248992,2.676402
2.4469476,2.5229099
2.1015217,2.543641
2.4964554,2.5384846
2.388182,2.561978
2.3113856,2.608811
2.3085675,2.6385183
2.1245573,2.5680268
2.2114828,2.5653107
2.1262865,2.5803084
2.4156306,2.6275606
2.4697146,2.5362873
2.288825,2.550026
2.1850638,2.6860783
2.2016168,2.6428902
2.2858784,2.6496227
2.1311333,2.605887
2.1093209,2.6047494
2.1146672,2.5641897
2.532549,2.6209812
2.2229877,2.5647826
2.2139106,2.5932164
2.107307,2.6478083
2.1472404,2.6486452
2.1327956,2.6445155
2.1170044,2.684813
2.458608,2.5112162
2.1146355,2.663135
2.255831,2.5075793
2.4944582,2.5065582
2.1214247,2.611921
2.2292202,2.6434464
2.1244414,2.5629306
2.2753525,2.5776005
2.284511,2.5174587
2.4790168,2.6281893
2.2881224,2.6896627
2.1148446,2.503716
2.1532447,2.6541693
2.4936793,2.6456966
2.1531925,2.6303723
2.1178606,2.6861868
2.429664,2.506172
2.3918638,2.679062
2.229448,2.5893536
2.2141654,2.691363
2.3939776,2.6564682
2.2049642,2.65184
2.182544,2.5814888
2.391143,2.5810516
2.1075978,2.5714047
2.1026208,2.6002452
2.1437085,2.6076584
2.227586,2.5318084
2.1040306,2.5393672
2.1293402,2.6170938
2.4938395,2.5153368
2.3350673,2.5753515
2.185515,2.6736984
2.2869577,2.6609204
2.4986575,2.5370355
2.1201398,2.6186838
2.1782556,2.674449
2.3550928,2.5970562
2.1588314,2.6819887
2.2239983,2.5804503
2.374087,2.6165378
2.2440639,2.5034058
2.2649329,2.6938217
2.1617436,2.531148
2.2380786,2.505622
2.3798392,2.5181305
2.1544034,2.534474
2.3061883,2.5030453
2.4143581,2.598811
2.2188032,2.573106
2.1898031,2.5130436
2.1006918,2.5545716
2.2151504,2.6370018
2.2464454,2.595265
2.1530309,2.690774
2.165972,2.6949465
2.2560163,2.5656848
2.102811,2.651821
2.1927552,2.5307152
2.1537802,2.6358938
2.130552,2.6039383
2.5189242,2.6169586
2.2847624,2.6619322
2.271393,2.5983481
2.2414577,2.6633413
2.1685584,2.5064874
2.1300888,2.6174936
2.149172,2.5821817
2.2367191,2.6469324
2.3944123,2.5035524
2.146928,2.5218322
2.2562928,2.608048
2.3330436,2.6493542
2.1325064,2.5190902
2.3271942,2.5287838
2.2803454,2.6008348
2.1037169,2.609119
2.3259614,2.6172683
2.3122318,2.5959547
2.3569598,2.6309152
2.1463938,2.5234213
2.3976705,2.5207686
2.4243345,2.6562765
2.250231,2.6367338
2.3087718,2.5245912
2.1083965,2.591567
2.1627743,2.568119
2.2831736,2.5946202
2.1693897,2.576869
2.3931344,2.6181333
2.210015,2.5666463
2.5109427,2.6829162
2.2823844,2.6326487
2.149718,2.5504286
2.1948898,2.5768917
2.284388,2.5426111
2.2567508,2.590466
2.1617389,2.5427945
2.5086963,2.670514
2.541791,2.6123657
2.1553922,2.638634
2.112084,2.5352182
2.2104056,2.6644168
2.3410175,2.5127869
2.3281176,2.5045798
2.3094537,2.5373275
2.1564791,2.5380404
2.1178353,2.5522113
2.1444764,2.5276775
2.413619,2.6296349
2.487627,2.6020489
2.109515,2.5197942
2.2971668,2.5582821
2.280426,2.6368353
2.3666544,2.6466458
2.5082793,2.524246
2.3970923,2.617419
2.4794457,2.6116228
2.3894684,2.5746715
2.2368197,2.6988456
2.148387,2.6214595
2.3238132,2.599924
2.163206,2.5856807
2.4113536,2.6488197
2.221247,2.5788646
2.281875,2.5967863
2.240212,2.6535964
2.4813044,2.696274
2.1372452,2.6693835
2.1394055,2.6027186
2.1611903,2.6659746
2.422594,2.6536295
2.513634,2.5348032
2.2837903,2.572993
2.2147946,2.69912
2.3213487,2.6430402
2.4131386,2.5329587
2.1221862,2.5930414
2.1768944,2.69854
2.377448,2.6565187
2.402267,2.5233145
2.511251,2.508677
2.2717066,2.6968663
2.2745376,2.673687
2.1215906,2.5849605
2.2818604,2.690245
2.286031,2.651761
2.2623258,2.5832665
2.1807368,2.6017315
2.2436924,2.6180258
2.1127794,2.5964725
2.5037947,2.5434964
2.2518466,2.6385045
2.160566,2.6137953
2.4818506,2.5652127
2.165604,2.5179155
2.1894054,2.590655
2.2240617,2.6220443
2.2121305,2.6991224
2.3568792,2.680561
2.479986,2.6321206
2.131229,2.6839645
2.166252,2.6028662
2.169577,2.5636826
2.4072363,2.5222206
2.1675966,2.667498
2.147903,2.6862152
2.3157227,2.6427
2.266373,2.5817301
2.184396,2.6980426
2.100707,2.6635473
2.315533,2.504313
2.4889371,2.5003905
2.485335,2.5357215
2.254477,2.5226958
2.132291,2.634567
2.135133,2.663367
2.3178103,2.5320482
2.2156143,2.654098
2.4582071,2.5948555
2.132673,2.5527306
2.207939,2.5753667
2.1912425,2.6634848
2.2055333,2.6611412
2.1315424,2.5445483
2.2392602,2.5737116
2.2351398,2.6659164
2.4892504,2.6905642
2.329148,2.5056279
2.271143,2.5483105
2.2068264,2.5704365
2.233846,2.5617204
2.1209817,2.6333811
2.2462912,2.535921
2.1821697,2.6642118
2.2199018,2.5708838
2.3767128,2.6049483
2.1010594,2.5045269
2.157345,2.6673207
2.102652,2.5884533
2.208652,2.6531222
2.2536943,2.5226467
2.3091233,2.550241
2.2677922,2.6465626
2.387763,2.5032375
2.3969526,2.6035159
2.2342544,2.5431082
2.3390749,2.6251519
2.152104,2.5987637
2.1108243,2.5449636
2.2122884,2.564304
2.2711332,2.5185964
2.1286824,2.6192124
2.1249576,2.5055864
2.1280181,2.569106
2.1288528,2.6726382
2.1841528,2.512688
2.1221833,2.6211913
2.178133,2.5623317
2.4268212,2.6719146
2.2606335,2.5004587
2.1360438,2.5039334
2.1839092,2.6607764
2.1077814,2.5365345
2.2898264,2.5100427
2.1014953,2.5591097
2.2613263,2.503193
2.2910705,2.530203
2.2800248,2.6592805
2.1366906,2.5977402
2.2228208,2.5568602
2.439544,2.547565
2.4939408,2.5375648
2.30098,2.5977738
2.1605713,2.6853697
2.2178638,2.6786423
2.2756765,2.6170297
2.3303185,2.6355834
2.1826434,2.6162083
2.296361,2.6916373
2.416949,2.5812545
2.1260765,2.5750685
2.2517018,2.6431015
2.2800026,2.6965535
2.4262602,2.5024798
2.3574033,2.5428483
2.205507,2.6763296
2.1756034,2.5196052
2.4044976,2.5426228
2.2773435,2.6597266
2.260793,2.6732602
2.186996,2.600595
2.2771468,2.6496732
2.1201763,2.5066116
2.1210198,2.5386212
2.319576,2.5923965
2.36494,2.5532622
2.1606953,2.6469197
2.3149378,2.527553
2.3046713,2.6284552
2.1022122,2.6220517
2.1134481,2.6782029
2.2328072,2.544776
2.376202,2.5172613
2.3453054,2.5049088
2.1784897,2.694957
2.3431401,2.5234458
2.1269693,2.5924044
2.143326,2.6851788
2.2106938,2.5794392
2.1564755,2.6805007
2.3336425,2.5311847
2.1703167,2.536356
2.3627775,2.5476387
2.2179666,2.5472715
2.488511,2.62472
2.2992399,2.5281825
2.374493,2.5194778
2.2153795,2.5819113
2.3454406,2.55054
2.1887357,2.558815
2.1175082,2.5575712
2.2146344,2.56033
2.3937805,2.6536324
2.3814392,2.623615
2.1403599,2.6508167
2.1525025,2.5719738
2.2596433,2.6876106
2.1510675,2.620571
2.514112,2.5037832
2.1162114,2.6109283
2.2130024,2.5831127
2.4976041,2.676854
2.1642592,2.6496224
2.3088832,2.5519536
2.2114725,2.5015392
2.2405155,2.6884005
2.4995394,2.5437124
2.1210375,2.6772127
2.1568706,2.5896251
2.244789,2.6955645
2.1730025,2.6173751
2.2072964,2.6651
2.5285532,2.5069826
2.117795,2.531484
2.49143,2.5510201
2.1254158,2.5469732
2.4249117,2.6803305
2.3250182,2.5685482
2.3649716,2.5595577
2.1960757,2.670596
2.3163455,2.5494711
2.3371801,2.565919
2.1562955,2.6244328
2.4160552,2.5836916
2.114798,2.516093
2.2986238,2.5771608
2.1896296,2.5140536
2.1575115,2.5973132
2.3751655,2.6067636
2.236987,2.518489
2.1411417,2.50933
2.1723182,2.6293786
2.1849444,2.6078117
2.1958966,2.6543832
2.2316482,2.6787755
2.2701743,2.5710294
2.247872,2.6217926
2.2038205,2.6945014
2.4896975,2.502766
2.1392167,2.6971328
2.3909187,2.519633
2.290631,2.5748425
2.1114655,2.694717
2.1819534,2.5077522
2.2251697,2.6171005
2.1527412,2.6364515
2.2329845,2.5650744
2.3248055,2.687957
2.1765425,2.5654557
2.496498,2.5377045
2.2512555,2.5433729
2.151063,2.583006
2.2300406,2.6430738
2.1562967,2.6755462
2.13387,2.6331909
2.4468815,2.6488988
2.1341355,2.6331031
2.2176132,2.6963704
2.2250211,2.567418
2.4986942,2.6828427
2.17601,2.6231847
2.192321,2.5536337
2.1197581,2.6556125
2.3513868,2.592637
2.4553587,2.519001
2.355164,2.6129427
2.1960363,2.532044
2.2299216,2.6943727
2.134189,2.573696
2.1921878,2.686257
2.1818209,2.5329428
2.1693983,2.595165
2.4589472,2.588405
2.3850317,2.5120256
2.1505122,2.6994703
2.11345,2.5611432
2.1372478,2.5688365
2.1427917,2.513422
2.2129939,2.6476629
2.2767038,2.5451565
2.2595577,2.6604197
2.3314164,2.633158
2.1792142,2.659931
2.2468042,2.5622003
2.235848,2.558186
2.1527917,2.5744934
2.18746,2.6087778
2.126799,2.5284593
2.3929577,2.5890229
2.1054742,2.5329523
2.223156,2.5690007
2.4209821,2.5693066
2.1147711,2.5414515
2.2595413,2.692295
2.3687704,2.5549402
2.3715696,2.6193848
2.2178643,2.6908069
2.2729552,2.5925884
2.2079258,2.5251162
2.164483,2.5148747
2.1107159,2.6879535
2.3393726,2.5750756
2.1533713,2.559801
2.3106902,2.5553539
2.490293,2.545266
2.1833274,2.6557488
2.1519542,2.6279247
2.4567158,2.6933153
2.4487767,2.6052732
2.3880012,2.6523464
2.150561,2.568221
2.2155423,2.601133
2.2034216,2.5809622
2.1409004,2.561205
2.1590226,2.6128824
2.2420032,2.6727564
2.2767491,2.641795
2.3577228,2.69473
2.205217,2.6564038
2.1760688,2.667997
2.148243,2.610701
2.4486585,2.542536
2.5340555,2.613908
2.2810662,2.502824
2.409699,2.5364804
2.386319,2.582462
2.1705062,2.5203834
2.3169158,2.6497397
2.1122937,2.671204
2.5471566,2.625054
2.194078,2.5536866
2.167603,2.6143122
2.105022,2.6211739
2.2895842,2.628029
2.2190995,2.5670736
2.1811607,2.5346196
2.5459504,2.6342237
2.1973195,2.536116
2.106402,2.526614
2.4133105,2.635036
2.1734965,2.5754263
2.248028,2.5077808
2.1453373,2.6572075
2.1139283,2.5178933
2.1638274,2.6801758
2.4419847,2.5988352
2.1205928,2.5045183
2.4446857,2.5440145
2.1167696,2.5008757
2.1946862,2.6719048
2.1623912,2.6748495
2.1697662,2.5927236
2.1579683,2.5816722
2.1910522,2.5301647
2.5010245,2.6628804
2.2548409,2.5987732
2.3013415,2.5466776
2.196289,2.6019433
2.1406376,2.5074682
2.1206002,2.6952858
2.4736948,2.6937113
2.1054478,2.6357875
2.2429957,2.589966
2.3315232,2.5609162
2.3037956,2.503202
2.2499413,2.6638675
2.1282907,2.5489423
2.2653472,2.6479092
2.172839,2.6605308
2.1199539,2.5498867
2.1272624,2.5960739
2.3770247,2.6739442
2.266273,2.6188302
2.2336485,2.5647228
2.1722977,2.510937
2.2293134,2.6969552
2.128492,2.6805704
2.1994703,2.587115
2.2369032,2.5052598
2.1697583,2.5773504
2.1651974,2.511358
2.107958,2.6785538
2.1607828,2.5515008
2.4904273,2.5942395
2.2696154,2.596828
2.11465,2.5553439
2.3922405,2.5839944
2.5398886,2.5512981
2.161833,2.6685078
2.162951,2.6578681
2.118487,2.671577
2.1738663,2.5842206
2.1823,2.5394847
2.1671736,2.5520263
2.1567392,2.5216482
2.3161085,2.651371
2.2118902,2.6696646
2.419482,2.5529826
2.465423,2.5672424
2.371124,2.667817
2.1572793,2.5835934
2.2345605,2.582151
2.1159897,2.5989003
2.230453,2.6139276
2.2355106,2.5967488
2.150399,2.5496247
2.4017506,2.6961694
2.5405278,2.6783416
2.1177127,2.5446627
2.301491,2.5918272
2.1084454,2.6363285
2.1081862,2.6649952
2.2739804,2.5497785
2.3314667,2.6016474
2.290772,2.5118454
2.2168417,2.650726
2.17177,2.6952567
2.2773976,2.5934367
2.3093736,2.5854027
2.2797651,2.6037478
2.2449548,2.6559768
2.1368403,2.694807
2.1604316,2.6574981
2.2767181,2.6756494
2.1680605,2.5911596
2.1034203,2.6737058
2.2428315,2.5027506
2.3588977,2.6382468
2.2087607,2.5584357
2.3544981,2.66093
2.142085,2.6532063
2.381503,2.5485842
2.1575794,2.5545018
2.1637433,2.680154
2.2687612,2.5577505
2.211069,2.6517076
2.1015184,2.655827
2.2160192,2.5426884
2.294759,2.6028938
2.1059308,2.5455844
2.1519248,2.6885912
2.120305,2.6505597
2.4102085,2.57733
2.2425613,2.6045835
2.242948,2.6546988
2.3945115,2.5439508
2.128895,2.607753
2.1673875,2.5077016
2.404026,2.647589
2.1325383,2.6212142
2.1658187,2.5129447
2.2215497,2.6945152
2.1143358,2.6791365
2.3347337,2.6742582
2.3359334,2.5937476
2.2394488,2.53023
2.1945782,2.5111978
2.1961002,2.675555
2.107462,2.5489047
2.161116,2.6893713
2.419098,2.6055384
2.1955452,2.5927708
2.2727582,2.5063014
2.503712,2.5314956
2.3481002,2.5554783
2.2348611,2.5972812
2.281545,2.5974545
2.1118731,2.6628728
2.1256378,2.650863
2.1048565,2.564997
2.4028637,2.5007448
2.3057182,2.52385
2.1286106,2.5940614
2.1259491,2.6849852
2.2985296,2.6403248
2.2485754,2.5147226
2.1931174,2.6693697
2.1343994,2.656616
2.1909847,2.6496084
2.2265446,2.686185
2.1420183,2.601419
2.3246615,2.665481
2.3987734,2.6800668
2.531379,2.617154
2.2641962,2.5173557
2.1066427,2.5238745
2.2091045,2.533533
2.206796,2.681874
2.230156,2.5536892
2.4414883,2.5339804
2.3079712,2.6216176
2.2347195,2.556022
2.1277387,2.6831105
2.231003,2.6793795
2.5070245,2.6473997
2.1357758,2.5596287
2.1211376,2.5631158
2.3727636,2.6074452
2.1515965,2.5293467
2.1337163,2.6650593
2.205336,2.6458051
2.1108363,2.5930028
2.102729,2.577132
2.1209621,2.6502593
2.3002708,2.6215725
2.1969275,2.5771825
2.1339312,2.5886471
2.3794994,2.6241763
2.285828,2.5660343
2.3886359,2.606448
2.2276812,2.5491104
2.230558,2.6990793
2.1517966,2.6562583
2.394039,2.5523076
2.1536238,2.5208485
2.3784077,2.5784445
2.1350696,2.663464
2.1920428,2.520973
2.1998415,2.6180952
2.1585138,2.6044762
2.3061328,2.6334276
2.2402246,2.6035066
2.1050513,2.5373862
2.144013,2.6535506
2.143561,2.6823354
2.1928186,2.6981654
2.1826296,2.5597568
2.254597,2.5351865
2.1629624,2.63947
2.2257133,2.691783
2.4516046,2.6985097
2.2402422,2.5322597
2.1639411,2.6489515
2.549164,2.587436
2.239261,2.505584
2.273616,2.5569549
2.13974,2.5856612
2.130446,2.504896
2.1074777,2.6984644
2.134784,2.5345144
2.5462182,2.5422816
2.4052973,2.632345
2.4837468,2.5818222
2.380661,2.6379318
2.1743753,2.6671183
2.237882,2.6366513
2.1439197,2.5066113
2.143993,2.512504
2.1656594,2.5093606
2.2783914,2.6126552
2.2388415,2.6505318
2.1765437,2.6037564
2.1105924,2.6627116
2.4153306,2.609004
2.172388,2.6305916
2.3066683,2.6326764
2.1006217,2.5344384
2.1661088,2.534852
2.1476839,2.611363
2.135331,2.5602891
2.1471612,2.539136
2.1037676,2.5013716
2.2625248,2.5271869
2.1503086,2.5281813
2.3053315,2.619035
2.1811023,2.5807948
2.225182,2.560727
2.1755738,2.506229
2.3421156,2.525506
2.5403726,2.6128464
2.1274302,2.5360816
2.2002654,2.597204
2.235623,2.6347127
2.1594746,2.678079
2.4755669,2.5378935
2.3444319,2.6854928
2.3224533,2.6255817
2.2226515,2.5206127
2.172827,2.5617526
2.1728477,2.5891066
2.2762296,2.6592932
2.2316124,2.5031853
2.1769807,2.5029542
2.1211379,2.6744213
2.1707897,2.5711486
2.302412,2.5724504
2.104327,2.561127
2.294064,2.6516538
2.460611,2.5259502
2.1991017,2.6693144
2.3965075,2.5956342
2.1016011,2.6901324
2.475578,2.5182383
2.2479668,2.6833262
2.1139438,2.5917351
2.1668522,2.5035462
2.1778076,2.5471964
2.1713462,2.6164227
2.3944554,2.6639326
2.5265584,2.5184753
2.168625,2.6427143
2.3621242,2.6702461
2.2577333,2.5658395
2.1630554,2.5340767
2.2428083,2.555935
2.163034,2.5729806
2.1072156,2.5321774
2.2132132,2.6631413
2.2114472,2.5179472
2.1573107,2.5638595
2.306128,2.5539694
2.1175652,2.6326253
2.1008058,2.682527
2.120716,2.651967
2.1888375,2.684397
2.1735744,2.6596022
2.414837,2.5592213
2.3677242,2.6842678
2.5180075,2.5195675
2.1158984,2.5239015
2.1068869,2.6085057
2.3253782,2.6192129
2.1846492,2.5660145
2.1748538,2.5130374
2.2499826,2.620494
2.2893274,2.693924
2.1266837,2.5194879
2.1111054,2.537269
2.149881,2.6748543
2.1174026,2.511466
2.2344306,2.66541
2.4998295,2.5912433
2.1808653,2.5712032
2.1643703,2.6092565
2.1319883,2.6038368
2.2232573,2.6004944
2.2539833,2.5987127
2.2637918,2.5088384
2.1154742,2.6149213
2.1793108,2.6641207
2.2247763,2.6264048
2.3959036,2.5945306
2.1157198,2.656145
2.2214897,2.621239
2.1313298,2.6840575
2.4887428,2.6418397
2.2618155,2.5192323
2.194185,2.6162927
2.3517761,2.5027993
2.159489,2.6518571
2.340911,2.515381
2.3958728,2.5422425
2.135462,2.6819596
2.1420379,2.5637834
2.2223163,2.6190207
2.1199381,2.5618403
2.2354176,2.5912619
2.1192234,2.5660536
2.137182,2.5275571
2.344624,2.6003053
2.3516543,2.6775591
2.4970214,2.57734
2.148644,2.6262164
2.2480881,2.6707656
2.1672137,2.6926308
2.2918406,2.664728
2.477627,2.5925303
2.1708646,2.628325
2.2379708,2.6831408
2.4195797,2.650696
2.4409604,2.5275598
2.4219553,2.6406248
2.2192872,2.6884086
2.212866,2.5495443
2.5033572,2.5051007
2.4219742,2.6742449
2.3101177,2.5670743
2.1946163,2.5643272
2.1634407,2.6402335
2.2552583,2.600202
2.2868104,2.661746
2.1880333,2.6626143
2.1271713,2.6204717
2.1311412,2.5490549
2.1225934,2.5170784
2.1990623,2.5055137
2.2028236,2.5419743
2.2339056,2.6562183
2.5341384,2.6791806
2.3180518,2.5275583
2.1178296,2.625733
2.112685,2.5886693
2.1114976,2.6146326
2.1455135,2.6648517
2.2240999,2.5374947
2.185073,2.689243
2.2887642,2.6755037
2.1364036,2.5378563
2.34207,2.5446434
2.1799705,2.5148754
2.2176864,2.6824994
2.2732093,2.5689378
2.3556142,2.6404998
2.2409475,2.5359964
2.310797,2.5629382
2.1844556,2.6046932
2.196872,2.5622237
2.1260917,2.6115763
2.2090664,2.6315656
2.372097,2.5074925
2.1092153,2.668796
2.4648101,2.552104
2.4217763,2.6913671
2.14179,2.6716375
2.294304,2.5597773
2.1452065,2.6611974
2.3731318,2.508446
2.271563,2.6218553
2.3402693,2.655034
2.1372576,2.6120455
2.4366446,2.5967278
2.3706954,2.6947303
2.5228546,2.5354676
2.3635285,2.5227523
2.2852721,2.5073535
2.152037,2.515947
2.2392569,2.5647318
2.2046494,2.5699482
2.124311,2.666232
2.397147,2.5655444
2.1083493,2.5767188
2.1112816,2.5264983
2.107532,2.67928
2.3924139,2.539306
2.1111605,2.6313126
2.44191,2.5895936
2.119851,2.6360958
2.2443516,2.5663738
2.400783,2.5027373
2.3610446,2.5692613
2.3305552,2.6881921
2.3481944,2.6697414
2.1008496,2.5389125
2.3256247,2.5619457
2.148852,2.6900973
2.246925,2.675427
2.4996552,2.667809
2.2172852,2.6223483
2.3579252,2.548523
2.1812122,2.6139863
2.205125,2.5119874
2.1910355,2.566407
2.4153008,2.6738281
2.2999744,2.602348
2.2786083,2.5910327
2.4314256,2.5023935
2.237551,2.5066674
2.1195884,2.5003917
2.1330218,2.5105197
2.3521464,2.5549634
2.2022543,2.6822581
2.341927,2.6084273
2.1602337,2.6828747
2.359786,2.5929654
2.3605669,2.5105166
2.2397168,2.5989282
2.1722674,2.5307026
2.258537,2.600248
2.1463919,2.6267457
2.2990003,2.5049262
2.1998978,2.6370945
2.1675248,2.5474963
2.3060503,2.694326
2.365511,2.6436415
2.294366,2.5176504
2.2715487,2.5330384
2.3742523,2.6003082
2.4402978,2.620288
2.2659981,2.543348
2.169874,2.64493
2.1930342,2.5658967
2.171864,2.6361876
2.1192431,2.5045516
2.119328,2.5735765
2.1152313,2.6008968
2.485571,2.5544472
2.3130412,2.514061
2.2580838,2.5675395
2.3248694,2.522859
2.1174755,2.5881672
2.2582877,2.6687782
2.1045082,2.6129851
2.1210032,2.654222
2.331472,2.5540564
2.222245,2.6122072
2.3149314,2.5501382
2.14386,2.6552207
2.148166,2.6832583
2.172942,2.63756
2.1367047,2.6037478
2.4682953,2.6803398
2.1984277,2.5453384
2.1524763,2.628632
2.1208174,2.5054698
2.1033084,2.5196664
2.3334005,2.694194
2.31113,2.6457958
2.194675,2.6858206
2.144219,2.573277
2.5367308,2.5532882
2.5493433,2.5559134
2.5036902,2.685792
2.3709629,2.6042173
2.2419634,2.6343994
2.203341,2.590877
2.1289146,2.5742745
2.1622741,2.6708372
2.1765552,2.6169422
2.1571486,2.6055017
2.1329534,2.5530393
2.43809,2.518167
2.379842,2.5040374
2.301998,2.5085025
2.4521284,2.5689766
2.1156378,2.597649
2.118134,2.6476216
2.3946948,2.5346692
2.2735364,2.6657019
2.1943853,2.5133514
2.3495722,2.642352
2.3580759,2.5218132
2.2083938,2.6288583
2.1415873,2.683702
2.3455448,2.523156
2.4591138,2.5962558
2.137336,2.624812
2.3254316,2.5696626
2.3048308,2.5571718
2.211455,2.6591077
2.1681406,2.6940548
2.5116885,2.6803937
2.1101649,2.5918386
2.4417295,2.6666162
2.1277556,2.5499496
2.4938624,2.5290582
2.2787542,2.6517792
2.3425333,2.5048015
2.1340082,2.6397753
2.330575,2.5262616
2.2977405,2.5236332
2.1425562,2.5907943
2.2501476,2.5081494
2.1878912,2.6880825
2.3273556,2.6685972
2.3241713,2.6863942
2.2984455,2.6772301
2.1550543,2.5209808
2.3675985,2.5078049
2.3407166,2.6060252
2.2851722,2.5775712
2.1187527,2.679991
2.3646817,2.5782604
2.133297,2.6414745
2.2944212,2.660321
2.275515,2.6169484
2.417725,2.6501842
2.125047,2.5062153
2.154697,2.6274846
2.184265,2.664492
2.2628329,2.6750906
2.5237045,2.5384817
2.2471912,2.695974
2.232819,2.6279743
2.249095,2.542338
2.1760397,2.598066
2.206818,2.669238
2.2592607,2.6037965
2.4733086,2.6679695
2.2656238,2.5910456
2.2522833,2.5737665
2.10349,2.65236
2.4293098,2.511971
2.1794193,2.6962109
2.2808425,2.69471
2.2856224,2.523526
2.1027563,2.515454
2.3788118,2.509864
2.542232,2.6206179
2.1288252,2.6922197
2.4175496,2.6725125
2.1608841,2.6338346
2.2502017,2.515188
2.237656,2.6762064
2.199441,2.6048336
2.424142,2.5955315
2.200434,2.6371043
2.1075208,2.6747756
2.371022,2.5396755
2.206631,2.6225827
2.1433043,2.6463861
2.1374142,2.5820727
2.1594186,2.5095189
2.1080742,2.5620112
2.4223037,2.5194018
2.161126,2.6331117
2.3465652,2.546079
2.513502,2.6540186
2.245245,2.5268261
2.130075,2.5764127
2.3875852,2.5102162
2.2523918,2.521572
2.23684,2.6952372
2.1789744,2.5333874
2.4143662,2.5031564
2.4725132,2.523271
2.3064601,2.5071528
2.1275256,2.6172853
2.213129,2.6703734
2.2934644,2.5564713
2.187698,2.5848334
2.1346505,2.6957715
2.298069,2.6608794
2.1904325,2.638045
2.2994087,2.6865606
2.1218004,2.6974933
2.5466976,2.5781326
2.379278,2.6004355
2.2053385,2.5331583
2.2682338,2.696707
2.1466112,2.601381
2.1308424,2.6281636
2.3076575,2.6714811
2.1778066,2.681497
2.1273084,2.6402085
2.3847883,2.5179007
2.2888966,2.580074
2.3009677,2.5692122
2.2701087,2.6629012
2.1673918,2.5124269
2.529234,2.50543
2.2313168,2.5856726
2.2393086,2.5022488
2.257336,2.6243162
2.1794558,2.6529481
2.147828,2.5381112
2.3286536,2.5565479
2.3233418,2.6108768
2.231997,2.6793551
2.5050964,2.5478258
2.2482808,2.6614418
2.5446467,2.6632035
2.3585114,2.5763898
2.1663895,2.505417
2.1335893,2.5844758
2.1917295,2.5424953
2.4556053,2.5498116
2.102799,2.6110582
2.4095485,2.513626
2.1336527,2.5697856
2.2384372,2.5708594
2.1030295,2.6679897
2.2897794,2.6608813
2.2229598,2.6879566
2.1780257,2.6061516
2.426109,2.6429746
2.3706117,2.500808
2.2260242,2.5293593
2.1298075,2.6778305
2.3961637,2.6478827
2.1619473,2.518659
2.3642602,2.6155913
2.4434075,2.6747415
2.4633648,2.688691
2.1670353,2.672578
2.156214,2.505518
2.1137958,2.6167262
2.4315455,2.6094294
2.393316,2.6347642
2.107852,2.5217173
2.292434,2.652409
2.148805,2.5245717
2.1962724,2.531284
2.200557,2.6648695
2.1086986,2.614776
2.206444,2.534571
2.3418505,2.6804457
2.1546068,2.6137526
2.1251729,2.5276763
2.3842673,2.6919293
2.2743723,2.6953788
2.112395,2.6396394
2.2177145,2.5108957
2.2069652,2.607928
2.1939495,2.521182
2.422527,2.5433798
2.399684,2.504803
2.1412044,2.6422822
2.3910744,2.5183835
2.1891174,2.6845052
2.4192579,2.6477208
2.1151989,2.6881812
2.1737812,2.6666543
2.3553066,2.6126783
2.1061168,2.6536615
2.1936178,2.6100693
2.2168458,2.5062366
2.3819187,2.6236484
2.2045453,2.5750577
2.5266552,2.5333717
2.1427855,2.6300786
2.3293455,2.5996525
2.1958551,2.5778327
2.1284673,2.531787
2.2188127,2.654202
2.537647,2.559398
2.1131356,2.677828
2.218899,2.5128868
2.1531744,2.5766165
2.3947563,2.5555348
2.178664,2.6384003
2.1941001,2.5826876
2.101154,2.6870599
2.1478536,2.5321524
2.1732485,2.6524882
2.2171154,2.669047
2.3040698,2.6975896
2.4853578,2.6137466
2.171985,2.6334226
2.21624,2.5787401
2.1019158,2.6249518
2.1957912,2.6688612
2.2096016,2.5218098
2.2553763,2.6728413
2.237643,2.5128927
2.3458624,2.596818
2.116683,2.6726613
2.4167333,2.6022813
2.3250017,2.684918
2.343778,2.5099483
2.3260086,2.5573986
2.4807615,2.553425
2.139539,2.6808283
2.2464805,2.562243
2.2312863,2.6366203
2.502702,2.5125108
2.317409,2.691154
2.4232147,2.516844
2.4914486,2.5742724
2.5452597,2.6987185
2.2050703,2.5138414
2.1253254,2.6059911
2.1890764,2.5624132
2.170583,2.659467
2.2867436,2.5880642
2.1210735,2.5782595
2.135099,2.5680575
2.2356594,2.5621593
2.158587,2.5811899
2.2877536,2.5599997
2.272308,2.6572092
2.1228776,2.6210263
2.2858799,2.5094202
2.1321285,2.6656744
2.2175364,2.5354657
2.4989152,2.5279188
2.1105378,2.5256176
2.5458071,2.5540652
2.1870325,2.5152392
2.3458664,2.6280162
2.1221225,2.638177
2.157295,2.5819046
2.2143044,2.6895149
2.2175236,2.5991442
2.2759824,2.5201733
2.1795142,2.6818411
2.1093545,2.5672011
2.2195837,2.657543
2.2914956,2.5755653
2.1092095,2.6416965
2.332021,2.6180456
2.363785,2.6931763
2.2928965,2.6151495
2.4516337,2.6348224
2.3797352,2.550914
2.1855173,2.5690434
2.4652045,2.5028706
2.2335856,2.6522248
2.2637706,2.6693232
2.2478385,2.6038635
2.118562,2.6524959
2.2418687,2.6523237
2.2244835,2.6424391
2.2933996,2.5277596
2.5110097,2.5692155
2.1223767,2.674392
2.3300147,2.618507
2.2913077,2.5814104
2.2978833,2.633898
2.530674,2.673246
2.374397,2.5035255
2.1530504,2.639892
2.1615865,2.5016282
2.1387625,2.5456378
2.2510862,2.5372736
2.100001,2.588425
2.3408701,2.6121562
2.179099,2.5427427
2.3744068,2.6155317
2.329755,2.6125665
2.1810591,2.562907
2.5056994,2.5938838
2.2913992,2.5943677
2.130469,2.5954425
2.3474703,2.6558018
2.182149,2.5166419
2.3656142,2.5746505
2.4339552,2.689362
2.1087024,2.595442
2.1308491,2.6324441
2.106642,2.596574
2.2098534,2.5812786
2.1989217,2.6572747
2.1033165,2.570426
2.1823013,2.5148385
2.171783,2.6380692
2.1113234,2.5216732
2.4304848,2.5801663
2.2592885,2.5070205
2.263025,2.5413299
2.197118,2.5794883
2.549227,2.6048868
2.1449268,2.5322552
2.4556365,2.5617137
2.3504112,2.5640447
2.4113915,2.6903055
2.101276,2.658649
2.524903,2.6351953
2.2185228,2.586773
2.29528,2.6330197
2.4289067,2.5440185
2.26377,2.5141878
2.3858104,2.6189454
2.2145412,2.595624
2.3621182,2.5120523
2.3496196,2.5751889
2.1122906,2.632048
2.1005201,2.5687194
2.5123718,2.589731
2.4428146,2.5789604
2.1609175,2.6643717
2.2141745,2.6794462
2.1843507,2.5309215
2.4069905,2.5088468
2.1504016,2.6216223
2.176889,2.598098
2.2187252,2.6213582
2.1569757,2.5758142
2.5236542,2.6036448
2.3537006,2.5595534
2.5234728,2.693376
2.1211271,2.649142
2.4182642,2.5338964
2.1156032,2.5720923
2.380511,2.6871831
2.529429,2.5382283
2.127552,2.6784594
2.1257226,2.533937
2.1268785,2.6439188
2.1984816,2.544745
2.5311909,2.5315623
2.1119618,2.5513349
2.1055064,2.5805547
2.203105,2.5025868
2.1931834,2.697047
2.26343,2.6402466
2.145989,2.6771665
2.1079485,2.5328143
2.3520417,2.5364094
2.1843026,2.5170228
2.1749496,2.5138555
2.2207756,2.5102286
2.1770444,2.5656157
2.1021774,2.5925498
2.4830348,2.5970216
2.2778118,2.599643
2.166447,2.5302265
2.2242215,2.6643143
2.1481776,2.5888238
2.2683306,2.6927443
2.1666207,2.5136032
2.1964788,2.636485
2.1726491,2.6032612
2.1100123,2.519978
2.2524822,2.5498652
2.1832802,2.6324413
2.1223824,2.6675563
2.2247353,2.6554227
2.1256914,2.6295006
2.23812,2.6204166
2.1744103,2.5624583
2.141992,2.6122446
2.2725074,2.5061007
2.3426144,2.6809294
2.423564,2.5027587
2.2213924,2.6032815
2.2068915,2.5475042
2.2637687,2.5843687
2.1166787,2.5613492
2.2468703,2.6971278
2.3222246,2.5056071
2.1184034,2.6895463
2.1836545,2.6138892
2.3505626,2.5869827
2.531055,2.5513942
2.1038911,2.6461625
2.124942,2.6312513
2.3500876,2.6841743
2.5163124,2.5527112
2.2920396,2.590299
2.2531736,2.667647
2.1902227,2.5268176
2.1624753,2.5208216
2.4389417,2.5358226
2.3498058,2.5008607
2.1415138,2.5382655
2.1594703,2.5964158
2.1572952,2.5660858
2.392277,2.5696397
2.1590133,2.5799918
2.1197581,2.571298
2.1813688,2.5475192
2.1753876,2.6163738
2.1783435,2.5309424
2.367271,2.6083152
2.1542592,2.576649
2.112704,2.5464375
2.3329272,2.5938165
2.145491,2.6895308
2.1688933,2.591298
2.2115738,2.5582163
2.3123941,2.5357485
2.4618366,2.5135279
2.1056993,2.6955216
2.109565,2.696776
2.1461842,2.6076865
2.2090993,2.581642
2.3952842,2.5962229
2.1884322,2.5725784
2.141144,2.5301206
2.4906476,2.5607266
2.2823744,2.6470268
2.2107658,2.6461139
2.144336,2.5111082
2.5014286,2.5710237
2.1517658,2.586941
2.143541,2.6762946
2.2336354,2.694286
2.2550788,2.5722508
2.2432437,2.5936525
2.4818375,2.6280723
2.3224587,2.533431
2.1644473,2.5364127
2.2429094,2.6401246
2.1305637,2.6744475
2.1168087,2.5384014
2.5098028,2.5939338
2.1640556,2.5235164
2.1720216,2.6456509
2.1648836,2.621235
2.4313843,2.5776546
2.398541,2.5495403
2.192509,2.54883
2.2276986,2.5314043
2.3655112,2.6807716
2.4053156,2.6807716
2.1986833,2.5513272
2.30181,2.5969932
2.3580244,2.6935656
2.127304,2.5277116
2.1668477,2.6926906
2.1250725,2.5182245
2.4392576,2.6085992
2.3032603,2.5278404
2.284082,2.5436904
2.174878,2.6670184
2.2614625,2.5263717
2.4833517,2.6332262
2.2396243,2.5783298
2.1569302,2.56505
2.1690652,2.5653682
2.4283686,2.5977557
2.508981,2.658354
2.2351081,2.571793
2.2647579,2.5107963
2.1197028,2.5575328
2.274109,2.587538
2.3435059,2.6767914
2.1416175,2.5895867
2.1235647,2.5754414
2.2507489,2.534641
2.100662,2.5077627
2.1383898,2.5898511
2.2289822,2.5183203
2.1768422,2.6039221
2.1422684,2.5592408
2.3161066,2.5143168
2.2982724,2.5872154
2.1171606,2.5088482
2.1880229,2.5922656
2.137447,2.6074574
2.1465242,2.6242652
2.2747955,2.5051985
2.1053135,2.652434
2.5070612,2.513676
2.2788844,2.6733675
2.1237905,2.6069562
2.5211716,2.5660653
2.3205388,2.5054471
2.13026,2.5668082
2.119626,2.6039312
2.2059119,2.5834749
2.1559105,2.6041653
2.121997,2.510946
2.2890553,2.6550508
2.1390824,2.6485403
2.1136308,2.5201108
2.105777,2.5268795
2.2287447,2.6719165
2.2675915,2.5679367
2.1559224,2.6228359
2.105805,2.6835904
2.217306,2.5560544
2.1300452,2.540447
2.1665442,2.569089
2.4037287,2.5938227
2.508573,2.509458
2.5404584,2.5625434
2.106507,2.5073638
2.1771493,2.5329816
2.1131067,2.519129
2.243977,2.682233
2.1119046,2.511581
2.1268158,2.5972877
2.50824,2.5793028
2.2000835,2.5475385
2.192697,2.5234828
2.1035197,2.5752387
2.1681569,2.5138774
2.3345716,2.6043086
2.3291252,2.6184971
2.253999,2.6759336
2.1790507,2.5403836
2.2191825,2.6385164
2.1388116,2.6958847
2.1431675,2.5552
2.232021,2.6971257
2.1595802,2.555324
2.1528068,2.6689272
2.1559057,2.5808296
2.3147898,2.5470035
2.1493468,2.6881642
2.1494777,2.5510356
2.3612394,2.5087419
2.2026742,2.6715252
2.2875335,2.675735
2.1019945,2.5415435
2.3331077,2.641554
2.2325606,2.645746
2.2619212,2.6651275
2.4329317,2.5675125
2.182084,2.5371065
2.1327288,2.584771
2.1807396,2.5114727
2.5111856,2.601977
2.1973598,2.5575879
2.1233919,2.5501056
2.1283033,2.592307
2.2377691,2.5736141
2.2500749,2.6107228
2.4436896,2.6433344
2.1145904,2.6078467
2.1848392,2.5358162
2.2020962,2.6408186
2.283794,2.6448069
2.2126787,2.657004
2.2447896,2.607937
2.280194,2.5353591
2.268091,2.6331384
2.354174,2.5110373
2.316261,2.673813
2.2091591,2.5777857
2.3146465,2.6330879
2.1220975,2.5116358
2.2144957,2.6232274
2.5499613,2.6508465
2.1846955,2.6819835
2.1284053,2.523821
2.1587076,2.5894876
2.109038,2.6530552
2.211982,2.6908236
2.4915261,2.6200676
2.1601603,2.6112869
2.2735996,2.5847268
2.1036763,2.620613
2.2238023,2.629008
2.1580417,2.642322
2.2094982,2.568235
2.2091994,2.5321753
2.2830465,2.5291378
2.1811433,2.6619425
2.1620526,2.6619525
2.2121902,2.6207306
2.2576525,2.607796
2.1036682,2.6251063
2.1271694,2.6553242
2.2544897,2.683662
2.3846881,2.524301
2.1906767,2.6357222
2.1637146,2.5732477
2.2429063,2.6332355
2.1094666,2.6958354
2.2664163,2.5144472
2.3745751,2.551496
2.2010348,2.5964622
2.1323297,2.5017014
2.3980353,2.6422005
2.2631965,2.672566
2.4169202,2.6217365
2.2305021,2.5802672
2.3655906,2.6333098
2.202006,2.5573034
2.276608,2.5723207
2.269019,2.5533965
2.1106458,2.6655118
2.1159055,2.5066738
2.4319289,2.5627353
2.2847695,2.5241344
2.2294848,2.5056705
2.2043536,2.574837
2.3248496,2.6377366
2.4464512,2.6297224
2.1121738,2.5055578
2.3302822,2.5791936
2.1579359,2.5153477
2.1219275,2.593338
2.5283034,2.5132782
2.1199663,2.6376464
2.1136558,2.5505505
2.5160084,2.5958226
2.1551607,2.6459188
2.1415966,2.613205
2.2424016,2.6810527
2.4640815,2.6474392
2.343469,2.5079942
2.1626668,2.6520553
2.2650857,2.632583
2.1558223,2.5502005
2.1751745,2.6423671
2.4588854,2.527061
2.1709757,2.6549282
2.1530452,2.5605588
2.1036813,2.6723979
2.1317365,2.642365
2.2061927,2.6268725
2.1254478,2.558995
2.348795,2.632654
2.1357915,2.5578964
2.140953,2.6941965
2.1335576,2.57771
2.389181,2.5642226
2.1647568,2.6924314
2.285475,2.5616271
2.146706,2.528931
2.1527998,2.6374228
2.2085853,2.5183218
2.288809,2.5691397
2.3294873,2.650956
2.446815,2.6514018
2.2342906,2.6381514
2.218156,2.5602872
2.4055672,2.6128173
2.1142125,2.6363223
2.1734498,2.558951
2.337271,2.5066907
2.2830613,2.6023653
2.304743,2.6140952
2.2650042,2.6161213
2.363868,2.6906464
2.5109725,2.567985
2.1692007,2.516244
2.1953676,2.6913052
2.1456182,2.5838943
2.149961,2.679243
2.2229524,2.6468139
2.4093952,2.67327
2.25137,2.5198185
2.5442474,2.60431
2.2805233,2.583407
2.175881,2.6517012
2.3348358,2.5872219
2.1840403,2.6602721
2.142373,2.5252225
2.1145105,2.6454005
2.2333758,2.5177212
2.1713402,2.6117887
2.1692905,2.5010595
2.46933,2.5537012
2.3251443,2.6284626
2.213617,2.51518
2.259517,2.6871004
2.2362983,2.591871
2.4861052,2.6909442
2.1194408,2.6329026
2.2811747,2.6205761
2.5113072,2.5051086
2.2778091,2.6737304
2.2191987,2.6927323
2.2965024,2.5125175
2.4839907,2.5047798
2.1902297,2.5694156
2.4410818,2.5691898
2.1833298,2.6582813
2.427052,2.6869934
2.4153244,2.6425984
2.3574357,2.595249
2.213764,2.5396514
2.134399,2.5384517
2.2047832,2.642731
2.1812768,2.5771291
2.1835241,2.5429053
2.1464612,2.6147163
2.137514,2.5494447
2.1112123,2.5656729
2.2510831,2.6430826
2.1526344,2.5385625
2.3520162,2.5249445
2.1231217,2.5450447
2.3501303,2.501901
2.1621451,2.6126513
2.2305763,2.5521545
2.161166,2.6355143
2.2386525,2.5448363
2.283926,2.5983384
2.1162963,2.677278
2.14124,2.5457172
2.1615977,2.6397614
2.127416,2.5284715
2.3323405,2.5548186
2.188676,2.6604881
2.5431795,2.5055828
2.142604,2.6108518
2.1364946,2.6631455
2.1810875,2.6465886
2.1140852,2.5255141
2.4044292,2.6868088
2.384538,2.530894
2.1151984,2.6076481
2.2963443,2.6191082
2.1375399,2.5205605
2.1574948,2.6861923
2.2608802,2.5378165
2.1344228,2.5969422
2.2227871,2.619363
2.161754,2.6799629
2.1123133,2.632626
2.1923,2.559302
2.4356303,2.54356
2.3726401,2.5601416
2.4185886,2.5556693
2.2165089,2.6875515
2.1790242,2.5056674
2.2133658,2.68886
2.2297137,2.6992517
2.1485512,2.5045521
2.3036807,2.6951165
2.2618294,2.6185935
2.1702566,2.565293
2.2930522,2.5196807
2.1330745,2.6278038
2.108643,2.6207173
2.1865165,2.6526487
2.1456168,2.5016828
2.131995,2.611609
2.3997328,2.6933234
2.2658663,2.581655
2.1280265,2.5353055
2.347162,2.565854
2.210883,2.6051626
2.3518064,2.6515422
2.2472882,2.5879216
2.188808,2.5212069
2.237603,2.5316296
2.132004,2.6682534
2.216242,2.6766193
2.2749126,2.6232915
2.113119,2.595724
2.3869035,2.6231043
2.4725122,2.5738685
2.2442613,2.5137
2.2952936,2.586459
2.1972344,2.6697223
2.2248857,2.6091614
2.1471245,2.595119
2.1886866,2.552247
2.4400978,2.5533016
2.4071045,2.5773785
2.1088412,2.526222
2.320586,2.582822
2.1665783,2.5726783
2.1122613,2.575439
2.4565165,2.571324
2.2069535,2.5205112
2.5116704,2.5549216
2.17241,2.573908
2.1237633,2.5942593
2.381405,2.5367985
2.1154451,2.5519543
2.2028637,2.5228982
2.2204099,2.5441518
2.104501,2.6652122
2.1538708,2.6050074
2.16916,2.6781569
2.3505747,2.602011
2.151867,2.6391776
2.1862674,2.5494304
2.1903949,2.5173662
2.261781,2.6415734
2.187052,2.5055592
2.2269027,2.6679623
2.2791436,2.596874
2.3166585,2.6709778
2.187625,2.6785553
2.4518216,2.5798597
2.4366386,2.5798597
2.25303,2.533809
2.1956832,2.525402
2.1066978,2.5488813
2.1791022,2.5348632
2.3684006,2.6530917
2.141751,2.6045802
2.1424618,2.6586149
2.3870728,2.5840287
2.1675692,2.606585
2.3694394,2.6684656
2.2125072,2.5811484
2.1070774,2.6392138
2.2259798,2.6695416
2.415971,2.6585138
2.1708677,2.520285
2.1796014,2.6019723
2.1680162,2.5885482
2.2609107,2.5782378
2.1016157,2.5409224
2.1458998,2.6240928
2.22461,2.5972636
2.1745603,2.5372865
2.2701082,2.5700843
2.2487755,2.5476987
2.1756117,2.6299171
2.1671839,2.6746109
2.1022484,2.5762749
2.4366376,2.5709748
2.1748955,2.6607947
2.1756978,2.6910028
2.2862613,2.6210709
2.3622887,2.6615572
2.536433,2.5292125
2.3666792,2.6561496
2.24695,2.508336
2.1270602,2.6974132
2.3191614,2.5998821
2.1554525,2.5145562
2.2519467,2.5786967
2.1182158,2.6993861
2.166671,2.645258
2.1294444,2.5113907
2.109778,2.5366392
2.1214974,2.593952
2.1988108,2.6228583
2.2177038,2.524443
2.1307948,2.595613
2.5171905,2.5673351
2.5325077,2.5424707
2.3172991,2.5681033
2.329812,2.6393363
2.1594377,2.5533607
2.2640529,2.5616732
2.4830828,2.53702
2.2622273,2.53763
2.2435675,2.5441413
2.1321402,2.5071673
2.237446,2.5506177
2.20607,2.5022418
2.2440195,2.5174277
2.2978306,2.5011885
2.1541054,2.6832173
2.1614254,2.5853324
2.2692876,2.66867
2.3951457,2.5338483
2.2601798,2.5657725
2.2619486,2.6461155
2.2415962,2.50366
2.2325516,2.59699
2.1114192,2.6977003
2.1082065,2.688402
2.3011658,2.5518687
2.1344628,2.6441252
2.1974938,2.6734092
2.2666962,2.6991053
2.1693704,2.641236
2.1361172,2.694796
2.1005652,2.5700788
2.139805,2.6077168
2.3714433,2.6720295
2.287862,2.5040033
2.1516912,2.5566869
2.1201887,2.655805
2.3295505,2.6831253
2.193349,2.645586
2.208,2.5914717
2.1188078,2.5882258
2.477296,2.5534887
2.4714904,2.5095453
2.3878055,2.6304414
2.1494193,2.5071864
2.1030848,2.505093
2.2471504,2.529631
2.1021006,2.6479023
2.1810985,2.6416583
2.3932211,2.5157223
2.255179,2.5597935
2.1510568,2.5949888
2.265552,2.6217773
2.1848056,2.5481334
2.1818037,2.5156279
2.1432657,2.5718918
2.1494389,2.557006
2.10825,2.6385128
2.2268095,2.6899567
2.264632,2.6865087
2.1903803,2.655722
2.4933033,2.5356355
2.4716964,2.5775566
2.154522,2.5947797
2.1185098,2.580947
2.275674,2.6190596
2.1677601,2.5668545
2.1751895,2.6629996
2.1643844,2.643132
2.2612476,2.6132765
2.5137792,2.5355675
2.2973394,2.6227248
2.2065344,2.6789186
2.1892152,2.5460105
2.1776114,2.6836832
2.3543167,2.5538263
2.1293712,2.6293647
2.1671472,2.5537367
2.466933,2.5160809
2.3983054,2.5033097
2.203058,2.590062
2.1071696,2.6794224
2.1706605,2.645018
2.377006,2.6781895
2.2092726,2.5101855
2.186756,2.6807208
2.1062465,2.5032966
2.1990974,2.6496313
2.1315558,2.6099129
2.1861353,2.6114018
2.3440819,2.5730789
2.314801,2.5999093
2.2263262,2.6133428
2.21464,2.6222422
2.302636,2.6917186
2.259048,2.552064
2.4850059,2.519915
2.1737673,2.6483853
2.2979534,2.6670656
2.2817466,2.597768
2.403481,2.5693305
2.1673784,2.509342
2.2988844,2.6371403
2.106881,2.574599
2.3496592,2.5988696
2.2316265,2.56572
2.4589906,2.6215818
2.2654097,2.6137013
2.1750653,2.6286378
2.2016184,2.507502
2.2813294,2.634213
2.2632556,2.535031
2.1122124,2.5677521
2.5106637,2.545184
2.441883,2.5712416
2.3046412,2.5434895
2.2871008,2.6031525
2.3907297,2.6609788
2.4545949,2.5401917
2.1214674,2.6718678
2.2467597,2.6565213
2.3211389,2.6576767
2.1587877,2.5241017
2.2098522,2.5752082
2.1157548,2.6548698
2.207242,2.5867238
2.1995652,2.5777476
2.208199,2.5462859
2.2812479,2.5145888
2.417607,2.536163
2.1543322,2.6017857
2.189365,2.516833
2.502764,2.5442889
2.3280187,2.648683
2.1946118,2.5448868
2.1046505,2.540741
2.3967407,2.6700628
2.4306133,2.5628421
2.111401,2.5416927
2.1597733,2.6445847
2.1158168,2.545792
2.3843424,2.5787835
2.535296,2.5706286
2.1104105,2.6460702
2.115133,2.581877
2.107579,2.505133
2.2474957,2.6738021
2.3284268,2.6427662
2.3652139,2.5689578
2.1549933,2.6248999
2.1045728,2.5605624
2.1685946,2.5215805
2.2347457,2.5708582
2.3706574,2.6933124
2.3437295,2.6542175
2.4977174,2.674346
2.319871,2.6908696
2.1998653,2.5914927
2.1199617,2.5451932
2.141251,2.6200707
2.1640842,2.6432421
2.1544387,2.5165997
2.1197588,2.5060923
2.195931,2.696255
2.1675055,2.6981819
2.2554345,2.6744885
2.2686443,2.5299242
2.136964,2.6586835
2.2830727,2.5144804
2.10557,2.6470454
2.1664848,2.699425
2.1758711,2.6599138
2.4922972,2.537163
2.2962594,2.628992
2.1707036,2.676118
2.3947225,2.561612
2.1507165,2.5036833
2.1554592,2.6022923
2.3795068,2.5860546
2.3467233,2.6289427
2.1232653,2.6977332
2.2318292,2.5661354
2.3034542,2.5352924
2.2049365,2.6528168
2.2447004,2.684396
2.496486,2.6238458
2.2632241,2.6027646
2.1111455,2.6204693
2.4143176,2.6806664
2.1661425,2.5759432
2.1674237,2.573932
2.2646604,2.6921682
2.1697013,2.6498299
2.211801,2.5561376
2.384732,2.667029
2.3138072,2.5539913
2.1884055,2.573781
2.376191,2.659805
2.120182,2.5419044
2.4876325,2.6826923
2.2217271,2.6473863
2.3262265,2.6359165
2.1666818,2.6499786
2.5097754,2.5710921
2.3128421,2.5623894
2.266333,2.5441194
2.2174528,2.5313737
2.1302426,2.6836615
2.249519,2.61411
2.2743769,2.553375
2.149671,2.6201067
2.1010957,2.6139054
2.1588335,2.5712483
2.4145558,2.5388691
2.19025,2.6410952
2.4265513,2.5765119
2.1445968,2.6478577
2.324779,2.6999807
2.2078714,2.6002967
2.2773938,2.5052745
2.418834,2.6937532
2.2272325,2.5264504
2.1009557,2.5008662
2.1373265,2.6733851
2.3402138,2.6311824
2.3288343,2.6169817
2.1134987,2.6241663
2.288706,2.5433104
2.4479203,2.547259
2.188007,2.56355
2.1613657,2.6799734
2.150457,2.6580567
2.3608253,2.6884253
2.2826302,2.660823
2.2317944,2.547385
2.180134,2.6599553
2.1970942,2.53961
2.1352587,2.5522044
2.2596827,2.5316713
2.2556064,2.6068425
2.1030288,2.5861049
2.1544688,2.662878
2.3334022,2.652527
2.1576736,2.5086825
2.3512013,2.5313413
2.1712885,2.618629
2.3842616,2.5216196
2.226332,2.639445
2.2383137,2.5593848
2.2762947,2.637456
2.165773,2.583809
2.2903233,2.584139
2.2145734,2.583339
2.1228085,2.555754
2.4102454,2.6608434
2.5033386,2.5534465
2.1751194,2.6620524
2.382556,2.6949775
2.2007463,2.619095
2.1600397,2.5622182
2.2544158,2.62379
2.1262531,2.61129
2.4088395,2.64034
2.1525712,2.6411862
2.3516572,2.631263
2.4761553,2.5245578
2.2255213,2.5034575
2.1571975,2.5572343
2.1852598,2.5996718
2.2707536,2.660982
2.4897795,2.6439583
2.151745,2.6713877
2.1851017,2.576336
2.1885483,2.589054
2.531432,2.5632207
2.5187552,2.61872
2.2272944,2.5831656
2.130098,2.6124442
2.3288686,2.6361244
2.242736,2.5594656
2.3262913,2.5952091
2.3994176,2.5697026
2.1945374,2.514474
2.2627087,2.5701141
2.2979944,2.5401676
2.303148,2.6316438
2.1680484,2.5401945
2.230542,2.6298637
2.3710415,2.6842332
2.260264,2.5484369
2.1434238,2.5574417
2.1281765,2.6088858
2.2656105,2.501131
2.2615201,2.5067167
2.2906156,2.5952435
2.4302042,2.5652487
2.525904,2.610636
2.1438224,2.5374324
2.2272935,2.671354
2.2735746,2.5021086
2.1598725,2.670768
2.54618,2.5147588
2.1175535,2.5870306
2.1016502,2.6731198
2.1364639,2.6259482
2.1036134,2.5883064
2.3783226,2.5175166
2.31771,2.545718
2.3215265,2.5343437
2.2373729,2.6964068
2.1147854,2.6057959
2.5469213,2.670669
2.221008,2.555902
2.1328409,2.6882582
2.2388234,2.605828
2.129065,2.6411142
2.4454863,2.5197256
2.4038832,2.6181753
2.475415,2.6038868
2.3328166,2.6301658
2.171196,2.6563218
2.2799535,2.5031826
2.1676428,2.6603236
2.3672867,2.5577888
2.25393,2.5377958
2.2558932,2.5343573
2.2420623,2.6114922
2.1977499,2.5217783
2.1092439,2.5035841
2.2727976,2.5306284
2.1434886,2.5201077
2.1374068,2.5645335
2.3495915,2.622678
2.1970184,2.673361
2.1818504,2.5974329
2.333513,2.6083653
2.230505,2.6679845
2.2476752,2.6578515
2.466847,2.5869074
2.2020035,2.537093
2.2968578,2.613446
2.1312554,2.558228
2.4130437,2.5615025
2.2632537,2.512979
2.3140867,2.5932422
2.5231378,2.6816645
2.23509,2.6755533
2.1842194,2.6614087
2.220955,2.5993438
2.3263597,2.6967895
2.1887932,2.5181184
2.1169171,2.5403454
2.463965,2.5331674
2.1172392,2.5169425
2.1099486,2.6589644
2.2182388,2.5767984
2.1776042,2.5835948
2.2005527,2.5929956
2.2895114,2.6243622
2.1005301,2.5399652
2.117243,2.5528011
2.3108807,2.5661767
2.4512968,2.551678
2.3676863,2.5742824
2.2169998,2.691847
2.2137182,2.5307918
2.3066585,2.6606522
2.328038,2.691924
2.1721873,2.6769624
2.290971,2.544379
2.3600469,2.5842183
2.3028133,2.5380354
2.4861302,2.5720341
2.265523,2.5187862
2.18326,2.6913433
2.4192603,2.5132368
2.1958144,2.579946
2.4581466,2.5652719
2.1337218,2.5502605
2.1868458,2.6318023
2.1107314,2.6156485
2.3913124,2.5498123
2.2005627,2.5097191
2.511566,2.623087
2.1127,2.6808674
2.1211703,2.6210022
2.4116251,2.6173818
2.417139,2.5990622
2.1206326,2.5090146
2.2038696,2.5735457
2.2318988,2.5849564
2.248088,2.5105195
2.1509013,2.6302507
2.305217,2.5235038
2.3157406,2.62441
2.4845078,2.5238016
2.3800144,2.5823228
2.190972,2.5083516
2.3520522,2.6576943
2.2945573,2.6506217
2.2845745,2.5388722
2.173426,2.5813537
2.10004,2.5925782
2.20008,2.521016
2.1225128,2.555143
2.1610029,2.6415467
2.1869268,2.6343749
2.213498,2.5818279
2.225575,2.5453699
2.3055263,2.6319351
2.3444123,2.5204246
2.1892152,2.6262205
2.3087306,2.5914764
2.1474335,2.6233244
2.1838715,2.575993
2.1322823,2.6743686
2.1378286,2.634016
2.2268753,2.5261087
2.1199458,2.5035398
2.4595752,2.5921838
2.3024056,2.6941144
2.3442688,2.5250323
2.1953175,2.6812832
2.3227654,2.6539688
2.2892249,2.5467615
2.3286788,2.544092
2.1768944,2.6439714
2.2558,2.6751316
2.485521,2.5341158
2.5380967,2.6684508
2.3162034,2.6679811
2.5199723,2.587303
2.2726395,2.5994499
2.1673434,2.658964
2.258138,2.5620525
2.4788377,2.5108814
2.2872825,2.6823807
2.2706442,2.5961847
2.147781,2.5778444
2.3228483,2.635261
2.1062765,2.5980148
2.1377084,2.6816885
2.227085,2.5262754
2.112597,2.5194302
2.1430519,2.6164784
2.2518651,2.650345
2.1480567,2.6490295
2.2412508,2.672527
2.3764567,2.615326
2.2563367,2.5093334
2.1571043,2.6551144
2.1092618,2.5439703
2.2018514,2.6755812
2.131827,2.6561787
2.2929456,2.6268647
2.2831533,2.6972716
2.1494465,2.6509013
2.4161277,2.520293
2.247642,2.6663284
2.1765208,2.6714106
2.1289628,2.6387587
2.191039,2.643277
2.330289,2.6804798
2.3555555,2.6737514
2.124108,2.6646097
2.5052724,2.5042624
2.225607,2.5196595
2.2429314,2.6362178
2.5387025,2.5563192
2.2684815,2.5244184
2.4662523,2.5783036
2.292463,2.6139283
2.1019223,2.5417652
2.3994477,2.6658075
2.1192095,2.620137
2.4451923,2.5345032
2.1548667,2.5575106
2.1241567,2.5476356
2.1012473,2.55018
2.2819822,2.563522
2.2720635,2.5457678
2.4064407,2.6813374
2.1757367,2.6238925
2.290926,2.6382515
2.2875924,2.5606601
2.3626273,2.5379205
2.1355386,2.502668
2.1645353,2.573016
2.4415362,2.6869512
2.4028249,2.5640569
2.3353505,2.5421727
2.1100457,2.5081718
2.1477907,2.5918534
2.1992178,2.5682886
2.2137387,2.6243625
2.2338984,2.55685
2.18049,2.6710615
2.1605167,2.5822864
2.334475,2.5287502
2.4439342,2.5146773
2.257758,2.6370091
2.3137743,2.6474178
2.3880234,2.5741136
2.345662,2.5419457
2.3197865,2.5259902
2.2029798,2.6837916
2.1264076,2.5921385
2.1168702,2.6384463
2.2996483,2.680999
2.5030048,2.630201
2.3929684,2.630535
2.123552,2.618867
2.3398647,2.541112
2.2043338,2.6764202
2.129827,2.6429217
2.3315613,2.661964
2.15433,2.610277
2.376653,2.5287144
2.1242394,2.66419
2.238886,2.5199492
2.177241,2.6925054
2.1168747,2.5662162
2.15996,2.5556188
2.1373258,2.5430243
2.3031902,2.506877
2.4447353,2.6641736
2.1960216,2.6741421
2.3317232,2.5295951
2.2790778,2.522567
2.102703,2.6716096
2.2290616,2.6996713
2.1805122,2.5136373
2.2885504,2.6919382
2.1369774,2.514008
2.1024845,2.5696192
2.2372386,2.553681
2.213696,2.5007365
2.1337972,2.6284683
2.2466738,2.608773
2.1943042,2.646473
2.141382,2.5179532
2.2628434,2.6736567
2.3325882,2.6764078
2.1391938,2.6551402
2.1283402,2.5090559
2.164266,2.5534427
2.2422528,2.5946515
2.3135169,2.5436742
2.1334162,2.692032
2.2562768,2.6591845
2.2477827,2.621489
2.2466707,2.6389782
2.5474842,2.6566868
2.195168,2.5382175
2.316926,2.6299973
2.1101494,2.599151
2.1064677,2.585244
2.166887,2.683113
2.192223,2.5786917
2.2063887,2.6518595
2.1874707,2.6406858
2.230898,2.6329525
2.4565527,2.5209174
2.2004483,2.6437213
2.2644386,2.643922
2.3903785,2.684071
2.1761417,2.5980155
2.1889362,2.6065254
2.2105038,2.6017349
2.1613617,2.5502374
2.2000656,2.6901793
2.1541727,2.567898
2.1513195,2.5133457
2.2683597,2.6274886
2.313532,2.5626073
2.3034217,2.5320592
2.2314107,2.5114973
2.3062062,2.6764467
2.1700552,2.5120316
2.1481047,2.5915148
2.1648774,2.638053
2.2123818,2.598309
2.3296955,2.6341724
2.1811001,2.6293495
2.412416,2.5734496
2.1644275,2.5617948
2.1712384,2.5031512
2.3613598,2.622919
2.1196716,2.5164216
2.4063334,2.5109408
2.3519804,2.5622838
2.1084359,2.5962467
2.2711878,2.6612806
2.104229,2.6633632
2.478875,2.5509548
2.109841,2.550417
2.2794852,2.5488958
2.1556451,2.5724304
2.128322,2.5249834
2.1315057,2.6615386
2.2553134,2.5482829
2.1009364,2.655812
2.1273158,2.5529118
2.197427,2.5897465
2.1020625,2.520672
2.1345623,2.5412974
2.2913492,2.5130913
2.1490974,2.535156
2.1388845,2.6278892
2.2117047,2.5199018
2.1149108,2.6828334
2.108045,2.5819275
2.1540234,2.6583517
2.1190033,2.5140128
2.1297436,2.5704954
2.4042578,2.6611724
2.4914393,2.5273058
2.1738532,2.6798508
2.164124,2.619944
2.105404,2.6276405
2.1800966,2.651196
2.4266012,2.5677218
2.1129985,2.5127604
2.3163815,2.6203914
2.2603176,2.5522525
2.1606305,2.6515293
2.1185439,2.5779188
2.3977504,2.6226919
2.4229026,2.504183
2.2271276,2.6901667
2.2609599,2.657374
2.1999526,2.5450993
2.2076454,2.5613112
2.1088846,2.5270157
2.3771782,2.6679058
2.218026,2.5809863
2.2957149,2.6118765
2.1299617,2.6552477
2.1901922,2.5232832
2.1016786,2.5105093
2.4239852,2.627232
2.2864966,2.518007
2.2094743,2.668899
2.5238683,2.6383352
2.1684134,2.6691127
2.2526479,2.5810273
2.210149,2.6363149
2.2246144,2.627064
2.1240256,2.5416691
2.1683202,2.5267754
2.3791747,2.584572
2.132874,2.6376777
2.386404,2.656427
2.4126277,2.5356438
2.4841542,2.5082576
2.1081398,2.5399306
2.1082816,2.6363394
2.4620245,2.625548
2.3631985,2.6434348
2.2243755,2.5701349
2.1012456,2.5707903
2.1700141,2.5341015
2.2069206,2.6147273
2.1024735,2.6713989
2.1177595,2.5655098
2.5043082,2.5936816
2.2342544,2.6600137
2.435021,2.6217933
2.2045572,2.5740266
2.14668,2.5757663
2.1310916,2.5089965
2.2600577,2.6320283
2.2540536,2.5860758
2.1395423,2.672886
2.1119323,2.5544887
2.4629393,2.6010687
2.1971934,2.5894341
2.3291361,2.6840217
2.15345,2.630485
2.4725044,2.5124333
2.2275188,2.599546
2.4332654,2.5774748
2.138852,2.6409807
2.2122426,2.6760798
2.1483622,2.684578
2.1686332,2.6582227
2.2789867,2.5683622
2.1197975,2.6094565
2.2797735,2.532068
2.3083858,2.6509287
2.1473022,2.584893
2.3947675,2.5692215
2.3275793,2.5056238
2.2105725,2.6540148
2.384063,2.508166
2.2783656,2.555656
2.272161,2.6307168
2.3702862,2.5936854
2.2008872,2.5920305
2.122921,2.6006775
2.108649,2.623441
2.1334746,2.5315466
2.4216373,2.5731244
2.1256766,2.6248248
2.3112056,2.5935438
2.153905,2.6423945
2.2096431,2.6357086
2.202319,2.5074477
2.2272384,2.577925
2.3126218,2.6173255
2.1808236,2.6696982
2.1967049,2.5072505
2.1255572,2.61219
2.2162359,2.5210452
2.495141,2.5173008
2.164772,2.6704028
2.322141,2.6979
2.3977976,2.6680903
2.2310781,2.521659
2.171941,2.5502496
2.1928754,2.5221949
2.2426171,2.5339472
2.2498674,2.5596774
2.134769,2.665086
2.446783,2.5461762
2.4064443,2.5402496
2.5082736,2.5003083
2.191216,2.623656
2.3399413,2.6552489
2.222479,2.6241868
2.1158628,2.5829735
2.177747,2.5158873
2.1236556,2.6059601
2.1804163,2.5781243
2.1315863,2.6332722
2.340499,2.588222
2.1327693,2.583088
2.2453191,2.5616865
2.2156696,2.507818
2.2608736,2.5612218
2.2957823,2.612339
2.3175223,2.5213559
2.124635,2.5030668
2.1077437,2.607464
2.1583092,2.6718283
2.5221782,2.6693811
2.3705363,2.6649375
2.4163675,2.5104342
2.1486068,2.5825431
2.3570094,2.6583555
2.4066873,2.6637592
2.2531965,2.6808581
2.2005377,2.5551283
2.1894042,2.5651395
2.170883,2.5150254
2.3724198,2.5284436
2.154245,2.5199003
2.3179138,2.6065197
2.2661855,2.5613675
2.258134,2.6962688
2.1526513,2.5184634
2.2638726,2.5051231
2.1179252,2.5332992
2.3148758,2.6496613
2.2232533,2.6168876
2.113241,2.5858316
2.1292884,2.5158346
2.1618197,2.545424
2.1510494,2.6165202
2.2203588,2.6979156
2.1477826,2.591641
2.1117842,2.6072195
2.3493817,2.5152395
2.268475,2.663646
2.202603,2.6420648
2.195024,2.6060514
2.202241,2.5972006
2.2586396,2.512427
2.2936196,2.5146506
2.5009112,2.5109656
2.1678777,2.643703
2.499116,2.6835003
2.2140152,2.5991309
2.3847954,2.586244
2.443008,2.589637
2.1215203,2.519647
2.10488,2.5138903
2.2787416,2.6075785
2.2756138,2.642305
2.1761017,2.629718
2.134462,2.6361408
2.4007492,2.66482
2.4833612,2.5118113
2.532201,2.578145
2.220892,2.5343773
2.116734,2.5708477
2.504098,2.6643386
2.3678436,2.5944207
2.1303072,2.554629
2.3811524,2.658091
2.28494,2.6373458
2.385647,2.628759
2.2582307,2.613686
2.3613315,2.5390584
2.177861,2.5536172
2.2822068,2.614965
2.359743,2.5582924
2.1595747,2.642873
2.1768165,2.5725498
2.115343,2.6265717
2.2047396,2.5154052
2.12253,2.5316162
2.221829,2.691051
2.2703447,2.5684419
2.3664036,2.516505
2.107005,2.5424457
2.3148909,2.5909326
2.5146122,2.5118532
2.101822,2.562464
2.2973852,2.6159968
2.1318762,2.5727205
2.1498876,2.6305053
2.108884,2.630894
2.2593842,2.6769695
2.1402612,2.6984553
2.2218924,2.5793362
2.305804,2.583785
2.3219492,2.5113173
2.106421,2.6727157
2.413904,2.6750984
2.3261151,2.5169475
2.1452043,2.651213
2.1770294,2.589641
2.3848703,2.5001698
2.1099617,2.559125
2.189458,2.509754
2.387149,2.5402734
2.1336114,2.6110456
2.1459036,2.6631856
2.1464906,2.529417
2.2161193,2.5978122
2.2374907,2.5945349
2.21053,2.5233846
2.130509,2.5335193
2.1931453,2.5698001
2.5114322,2.5152457
2.1529298,2.6150787
2.1506076,2.5955424
2.409945,2.5699084
2.192696,2.6832576
2.5054388,2.5517104
2.218797,2.6447818
2.1217177,2.6537826
2.4861217,2.6784286
2.1995885,2.554597
2.4107852,2.557058
2.265005,2.688803
2.2255812,2.5545619
2.2366135,2.668493
2.141862,2.6153245
2.3280077,2.5532048
2.1429098,2.6333647
2.1324959,2.6627324
2.3628721,2.596786
2.1236331,2.6467972
2.1539178,2.5244653
2.133277,2.580207
2.2806263,2.51816
2.135392,2.6441934
2.3039348,2.6937182
2.1488564,2.6028116
2.4403675,2.6634445
2.5158384,2.584051
2.2849936,2.6073654
2.1898615,2.5002146
2.342762,2.6150136
2.343206,2.622123
2.3393323,2.6644783
2.1521778,2.6204767
2.3030872,2.5720406
2.3510692,2.5167406
2.1126444,2.6417196
2.174093,2.6905947
2.2415981,2.6457167
2.1893902,2.60873
2.1953275,2.600045
2.2007082,2.5851414
2.1487443,2.6253474
2.2130911,2.6995625
2.1669283,2.646111
2.1200786,2.632416
2.1488132,2.5061727
2.139968,2.6762552
2.2913527,2.5538888
2.4305205,2.518537
2.428423,2.6583686
2.2751975,2.5055661
2.5051827,2.5316997
2.303116,2.6264179
2.363231,2.6305616
2.3162858,2.5859537
2.110935,2.552372
2.2297032,2.6317596
2.4331586,2.5488334
2.1212611,2.680301
2.1980405,2.5051985
2.5492694,2.5522182
2.112026,2.6824884
2.3939111,2.5244482
2.2747428,2.5325863
2.3022904,2.5141573
2.1662114,2.5536203
2.1995566,2.6016228
2.1997237,2.5120664
2.469692,2.5942314
2.383418,2.5130146
2.125478,2.6774
2.432525,2.5019004
2.329575,2.5606923
2.1940186,2.6117096
2.1262245,2.6151798
2.4015594,2.5632641
2.1788,2.6850288
2.1496177,2.5259335
2.173264,2.628104
2.1298409,2.6257274
2.369404,2.6388423
2.1770086,2.5846314
2.3329208,2.6006596
2.1144419,2.6297874
2.1686056,2.6163442
2.3529809,2.6276884
2.2905936,2.556928
2.1044621,2.5438812
2.3734515,2.5129354
2.1500819,2.5626507
2.1156485,2.527945
2.3858101,2.6527038
2.1522586,2.6669416
2.4557507,2.5356607
2.2398522,2.6521742
2.3715456,2.6587245
2.1264775,2.5283833
2.2013154,2.6649592
2.4676127,2.532545
2.1731665,2.5726583
2.2914941,2.5590045
2.1931176,2.5999434
2.1183374,2.6623306
2.3319044,2.5269225
2.232129,2.6728997
2.2329414,2.5924444
2.1252525,2.521531
2.1737876,2.569395
2.2234464,2.5008447
2.3527665,2.6504648
2.1150439,2.5041301
2.139802,2.6068974
2.1798434,2.6777406
2.1430488,2.5560746
2.4725256,2.5546863
2.2268734,2.5984676
2.53219,2.542873
2.173854,2.5544903
2.1115947,2.642129
2.1234481,2.6459677
2.108567,2.6376529
2.2214289,2.5182445
2.1454623,2.6705601
2.3802867,2.617317
2.2160797,2.5507643
2.3955004,2.5374389
2.217429,2.594965
2.180867,2.5570257
2.1384275,2.6702042
2.22111,2.6964023
2.2671008,2.5731509
2.4253733,2.60715
2.204663,2.5877688
2.258594,2.502593
2.224103,2.6576195
2.4337568,2.5144463
2.4044976,2.5131717
2.3314934,2.5224957
2.42367,2.5412576
2.1866543,2.628959
2.3572853,2.6355882
2.3992739,2.6037123
2.302316,2.665535
2.2747765,2.699799
2.289851,2.5361009
2.2786975,2.521983
2.1000915,2.6348825
2.236238,2.5312045
2.2385607,2.5829172
2.2685375,2.6338227
2.1532912,2.5474544
2.3479514,2.5274885
2.1366405,2.5914512
2.4003828,2.5604734
2.341361,2.6695385
2.1412737,2.6110857
2.1113605,2.5936959
2.3379748,2.6469822
2.1939206,2.6016133
2.1394944,2.6045957
2.333305,2.5715852
2.1228006,2.5852616
2.2189627,2.630967
2.1439059,2.5586696
2.3201566,2.6701217
2.3021674,2.5101817
2.47288,2.6884
2.113381,2.653444
2.2060285,2.5853014
2.479801,2.5458827
2.1715963,2.585375
2.108762,2.690138
2.2314544,2.620894
2.1116552,2.5397425
2.4621303,2.6026664
2.1871028,2.6952586
2.3478968,2.5365531
2.1387055,2.666746
2.4928718,2.643633
2.2184703,2.545929
2.16545,2.570616
2.2001083,2.5237856
2.2796338,2.5069945
2.1822004,2.6161525
2.3829365,2.6060789
2.1046047,2.5525427
2.1239233,2.5568435
2.202246,2.6034327
2.1968222,2.6600986
2.2303164,2.6616766
2.1532779,2.5195467
2.249697,2.5897443
2.1349573,2.616248
2.2528179,2.5227642
2.2017176,2.5753503
2.298652,2.529778
2.2137191,2.6852124
2.1313975,2.564412
2.347848,2.6043751
2.4434671,2.523003
2.1091464,2.5738666
2.253645,2.5117178
2.1167238,2.5114722
2.3379622,2.539984
2.11735,2.6339784
2.2817936,2.5395725
2.1888914,2.582547
2.2381396,2.6754994
2.2998056,2.599328
2.1104047,2.6122432
2.1712885,2.5185714
2.140312,2.6019135
2.3205595,2.5359514
2.2869115,2.680316
2.226354,2.6355033
2.1910977,2.5181746
2.1480315,2.5169075
2.1333141,2.561615
2.154058,2.544418
2.4057682,2.6548686
2.3789074,2.6800616
2.2172363,2.6716685
2.103495,2.5214715
2.1954708,2.54242
2.109414,2.6016438
2.122578,2.5823762
2.4509797,2.610755
2.1584654,2.6805012
2.3891206,2.6569846
2.2109551,2.5108757
2.427067,2.6502974
2.1917143,2.5812466
2.182939,2.5519452
2.1389568,2.602595
2.1912816,2.6491566
2.2360432,2.527966
2.3705635,2.6149218
2.4176745,2.6971114
2.3460004,2.6341772
2.4163916,2.636576
2.1432798,2.6883588
2.1053998,2.5008154
2.4991102,2.6056924
2.2745337,2.6661303
2.1059964,2.6367188
2.1265619,2.5315177
2.1686625,2.5171864
2.2378676,2.5362315
2.4381464,2.621814
2.1227293,2.5815468
2.1497786,2.58908
2.191809,2.6094503
2.3836417,2.6776175
2.2281232,2.5420725
2.1457038,2.5374467
2.4902456,2.6297991
2.3724787,2.5240247
2.3831565,2.598973
2.2975414,2.6858175
2.1298444,2.596798
2.5222244,2.6787505
2.2627978,2.55929
2.2092795,2.5080235
2.1452234,2.5949712
2.5216954,2.684098
2.1475804,2.6091652
2.178577,2.6822221
2.211659,2.5377834
2.1509109,2.6878812
2.1319234,2.5325363
2.1386745,2.528387
2.2850623,2.681838
2.2139068,2.618484
2.372123,2.6987607
2.225007,2.6033576
2.1847196,2.540646
2.1261058,2.52933
2.232088,2.6178675
2.1438143,2.6426525
2.1832037,2.541154
2.1276736,2.6031458
2.11886,2.6887271
2.1828673,2.5516155
2.4576669,2.5395925
2.1610553,2.6475215
2.2661386,2.6302857
2.2311106,2.6549897
2.2905219,2.5171092
2.197017,2.5052197
2.3881822,2.5351202
2.1990523,2.608148
2.3207524,2.5656345
2.227297,2.590503
2.2545464,2.6476328
2.468552,2.6071622
2.4556737,2.6313968
2.4667168,2.589417
2.227146,2.6242435
2.1490185,2.5662127
2.548351,2.6703007
2.1159625,2.6848772
2.1862466,2.5875084
2.3613136,2.632093
2.4257672,2.5957394
2.137989,2.5865119
2.1175942,2.600316
2.253729,2.5294788
2.3548875,2.526215
2.1210988,2.6681032
2.378286,2.6155207
2.1110291,2.5067368
2.4062808,2.524903
2.2176764,2.6659255
2.3742166,2.5111377
2.1491885,2.6349516
2.3990781,2.549614
2.1272032,2.6842396
2.2561562,2.558048
2.1514068,2.5929525
2.3830743,2.5821502
2.2256813,2.6930687
2.2225235,2.6002254
2.1601577,2.6570644
2.1338072,2.580642
2.4405966,2.5842712
2.227367,2.608957
2.3525798,2.5017853
2.5059261,2.5412958
2.3305786,2.5215857
2.2480829,2.5761762
2.1632497,2.5032673
2.3022413,2.5917146
2.1088223,2.5168371
2.186191,2.5410466
2.1913779,2.6327193
2.1344724,2.5163836
2.2196088,2.5140588
2.158237,2.6173513
2.266823,2.6309042
2.176385,2.567765
2.1697917,2.6551273
2.116479,2.6587121
2.1296685,2.5149093
2.1766398,2.5498207
2.273784,2.6730037
2.1344345,2.6445003
2.4201958,2.5215945
2.1138518,2.6612818
2.238057,2.6868594
2.3349757,2.612217
2.1321552,2.646365
2.1313438,2.6589453
2.2029521,2.5989814
2.3138545,2.5390043
2.2828903,2.5221987
2.2930532,2.573597
2.1061933,2.6359289
2.1240163,2.68961
2.2731805,2.6475456
2.230231,2.6230068
2.4755661,2.6872728
2.2221074,2.5568628
2.1357927,2.5355988
2.1631205,2.5720913
2.184298,2.511792
2.2050695,2.6072931
2.3578165,2.5214942
2.306962,2.5398428
2.179307,2.621486
2.223929,2.6093783
2.2255485,2.569933
2.1302588,2.5280316
2.2510462,2.552491
2.131158,2.5264435
2.1401849,2.6682065
2.1469536,2.583546
2.4423633,2.6841514
2.1920955,2.6252959
2.2476454,2.6176603
2.2041752,2.521484
2.279923,2.6554193
2.1277401,2.6421735
2.1987448,2.5838785
2.2697515,2.5695763
2.1959069,2.5239215
2.1634638,2.599849
2.3203824,2.5337296
2.2144842,2.6056213
2.1141093,2.6207056
2.3228498,2.5764256
2.210368,2.5545454
2.1477926,2.5351028
2.108691,2.6774542
2.2961085,2.528772
2.2547507,2.577132
2.2271512,2.5955374
2.1369126,2.5781775
2.288252,2.542389
2.1502616,2.615679
2.2244198,2.6832137
2.1473224,2.5043237
2.1193783,2.5759947
2.4256806,2.5075464
2.1421263,2.661169
2.1795633,2.6414983
2.161436,2.6949584
2.2076533,2.5391695
2.3034756,2.5669863
2.4264834,2.6235294
2.1204338,2.6719851
2.5190773,2.6631765
2.1951334,2.5777857
2.143955,2.5247734
2.159377,2.6818714
2.4945772,2.505433
2.399113,2.6107538
2.1592135,2.6446178
2.1187327,2.5063019
2.2503295,2.601622
2.2439234,2.6256237
2.1118093,2.5648649
2.1029663,2.5205371
2.3205338,2.556809
2.3982475,2.5684338
2.3457398,2.6815784
2.1915293,2.5514154
2.3662148,2.5582957
2.2821453,2.5079176
2.2117753,2.5884178
2.5099611,2.5211446
2.1926177,2.6371791
2.3010683,2.6975243
2.3586578,2.549758
2.1951833,2.6888285
2.2277493,2.5869167
2.4076123,2.6312432
2.1126406,2.5648825
2.1720786,2.6748314
2.4841647,2.672563
2.174316,2.5505128
2.3090873,2.5881345
2.4456322,2.563085
2.234855,2.6327124
2.2230332,2.6496837
2.4893043,2.6904542
2.3869972,2.633775
2.369764,2.5768135
2.190368,2.5590723
2.2806969,2.6055603
2.105799,2.5520039
2.1320074,2.5775657
2.295309,2.550948
2.2767568,2.5177467
2.233459,2.6145184
2.3712492,2.5804167
2.4430263,2.6696308
2.4450696,2.5424173
2.2113695,2.6591613
2.1829998,2.526477
2.2346015,2.6642623
2.3126845,2.6017408
2.4868429,2.668633
2.2636485,2.52954
2.366279,2.5702803
2.1504962,2.560545
2.3396964,2.5867827
2.3919272,2.6313784
2.2017584,2.6583745
2.1649165,2.567352
2.2757006,2.562201
2.1080532,2.512401
2.1194868,2.6201675
2.230515,2.5589364
2.2658415,2.5463789
2.3942544,2.5349896
2.3493872,2.6003394
2.512102,2.5905585
2.33746,2.6464226
2.3936908,2.5082405
2.19229,2.6417367
2.2477427,2.5440347
2.3414073,2.6992002
2.2892926,2.5994823
2.2556605,2.5921516
2.4362612,2.630402
2.486938,2.6609771
2.1055717,2.6232665
2.1713653,2.6227612
2.115803,2.6720135
2.2108853,2.6616843
2.1176286,2.6050436
2.1640522,2.5359533
2.4778078,2.5501547
2.187021,2.5550816
2.1652572,2.5106704
2.2863345,2.519917
2.2220845,2.6785252
2.2786577,2.6050649
2.1444006,2.6252327
2.164243,2.5490918
2.242506,2.5916586
2.2657907,2.6275575
2.360153,2.5583944
2.225518,2.5654614
2.4214418,2.6847923
2.4471152,2.641172
2.2831333,2.6237104
2.1017535,2.533787
2.2053237,2.5784943
2.4058588,2.6988475
2.145017,2.647825
2.147158,2.5435872
2.231509,2.5963511
2.2426443,2.5125885
2.1303396,2.5706038
2.2363183,2.6429756
2.179866,2.5040717
2.4509158,2.6001377
2.122853,2.53898
2.494753,2.6768718
2.2717412,2.5732377
2.3414137,2.5590248
2.3944814,2.5255866
2.386049,2.5629003
2.459504,2.6390743
2.1646144,2.5527697
2.1762269,2.5033362
2.425885,2.5719666
2.1922803,2.5811338
2.3253593,2.5199537
2.1006496,2.5651243
2.4904752,2.6743865
2.1157773,2.666408
2.1383786,2.5652168
2.1191387,2.5399022
2.236166,2.537163
2.1795352,2.539975
2.1234589,2.6090603
2.2280247,2.5419903
2.4316854,2.5332918
2.1645923,2.6180513
2.1739671,2.699308
2.315479,2.5105002
2.3922727,2.6956065
2.4247458,2.6635027
2.11042,2.5095892
2.365773,2.5255358
2.43272,2.6480482
2.1853375,2.645666
2.1232746,2.5275564
2.2957916,2.6436903
2.3953462,2.6421034
2.1476827,2.6393552
2.2946854,2.6017156
2.120501,2.586514
2.2954068,2.6000986
2.1371377,2.5760849
2.4097707,2.6738055
2.2980087,2.5846975
2.1475198,2.6077366
2.1317236,2.6365714
2.158157,2.6763217
2.1311247,2.6209002
2.3598688,2.5041926
2.2064507,2.6393979
2.3170588,2.661713
2.2009673,2.621269
2.1005247,2.6077752
2.188765,2.6763616
2.4300272,2.6359992
2.3909051,2.685137
2.2239351,2.675445
2.321583,2.6663244
2.2056153,2.5501225
2.161503,2.5575979
2.1716332,2.6797488
2.1512992,2.6640747
2.351784,2.5107305
2.2546341,2.617956
2.1659997,2.540517
2.2022505,2.5182087
2.439189,2.635796
2.1045253,2.5971544
2.4205592,2.667118
2.3206327,2.5920286
2.1729164,2.5423467
2.2410316,2.6542163
2.2326295,2.5244436
2.1631806,2.621562
2.3380835,2.5640485
2.5262017,2.577103
2.2266183,2.5469015
2.1272879,2.5997612
2.535729,2.6005762
2.2624002,2.6159914
2.1646297,2.5685227
2.174464,2.5719001
2.1182656,2.5153933
2.3457947,2.533049
2.5297458,2.6390443
2.3334565,2.5181813
2.286585,2.5444355
2.1336699,2.6919546
2.4215517,2.520977
2.1873384,2.5673068
2.1610432,2.5545719
2.1535735,2.626903
2.1706238,2.601276
2.2909508,2.5483186
2.4234104,2.573404
2.2409616,2.5897272
2.1522162,2.5435855
2.1425147,2.6121113
2.111517,2.5793839
2.151655,2.5829844
2.2122314,2.560792
2.169523,2.5530472
2.111365,2.6300955
2.1420715,2.6584773
2.3142614,2.6605392
2.1046875,2.5899637
2.1202192,2.502196
2.4337223,2.6370645
2.1938057,2.5193841
2.237004,2.5317714
2.3903108,2.6895685
2.2006633,2.6909688
2.1972866,2.5370886
2.162621,2.5692472
2.131433,2.677774
2.2268631,2.6574726
2.12683,2.6156554
2.1084628,2.5179956
2.134094,2.5040681
2.1114857,2.670884
2.1766686,2.6150987
2.159822,2.6457882
2.1076007,2.5131466
2.3093665,2.6246667
2.2798657,2.5643058
2.1234856,2.6451235
2.2915864,2.5495877
2.1240127,2.6839347
2.2055502,2.5311441
2.1049583,2.650578
2.196934,2.6133409
2.1919923,2.5429344
2.1543815,2.5902991
2.23059,2.690098
2.1480494,2.5100915
2.3183436,2.5917628
2.1668348,2.6173441
2.3406878,2.566218
2.2880852,2.6994448
2.3042502,2.571136
2.1618588,2.5194635
2.3398085,2.5979934
2.1930294,2.6330154
2.3213885,2.697032
2.5282848,2.5444946
2.2011495,2.5525026
2.2106957,2.5729914
2.3307514,2.6618538
2.3524675,2.6322885
2.3526058,2.5267758
2.3367043,2.6793408
2.1000652,2.5500069
2.107952,2.6138945
2.2225695,2.5049667
2.3441076,2.5425794
2.302982,2.59808
2.250262,2.5946465
2.5339751,2.6771314
2.3713388,2.6115942
2.1282477,2.6358237
2.312864,2.6865342
2.51301,2.615439
2.1414528,2.6624172
2.3345726,2.547179
2.3875117,2.547546
2.5446582,2.5065618
2.2770958,2.5447817
2.4613981,2.6873565
2.1779203,2.6903932
2.2094624,2.6034942
2.122709,2.5974574
2.3358781,2.6118884
2.3131487,2.5869412
2.1072834,2.5314407
2.4233239,2.6704671
2.1982899,2.5265262
2.1355035,2.6721728
2.103428,2.6921146
2.1849337,2.6377003
2.27947,2.5594795
2.2875953,2.5384266
2.354668,2.6729007
2.201834,2.5164044
2.2600837,2.5368905
2.1847556,2.642797
2.2003624,2.6697135
2.396064,2.6609578
2.4449356,2.6946998
2.2707922,2.687778
2.165183,2.5922766
2.405365,2.6254475
2.1832016,2.5153449
2.311532,2.6089466
2.2794821,2.5879428
2.5277216,2.644947
2.1186478,2.5868907
2.42558,2.6783237
2.3467116,2.5392997
2.1396458,2.5666783
2.299442,2.590691
2.238295,2.642462
2.1267755,2.6070483
2.150254,2.6536477
2.221048,2.5377162
2.3704052,2.6211836
2.2714148,2.5843825
2.1169631,2.6200416
2.1181881,2.5757725
2.156736,2.5818672
2.3426287,2.6731741
2.1021175,2.563033
2.3227892,2.5640173
2.1653981,2.6026287
2.5290654,2.6178615
2.1087625,2.5489624
2.1056948,2.6697974
2.156824,2.5257208
2.2741737,2.5134537
2.395345,2.6050909
2.4439209,2.5716722
2.1068723,2.626333
2.2006633,2.5155766
2.1802006,2.5249517
2.315695,2.6700022
2.129569,2.5619016
2.313578,2.6494462
2.147512,2.618294
2.3505378,2.6094737
2.11632,2.5167916
2.2492833,2.6155605
2.1592684,2.6278486
2.1076686,2.6533165
2.1846647,2.513774
2.244831,2.6020513
2.3928106,2.5926664
2.2239432,2.5309124
2.4003644,2.6200643
2.4827685,2.601696
2.254878,2.5065422
2.120215,2.6544602
2.338154,2.6977265
2.1061525,2.606023
2.2859392,2.622189
2.1723154,2.5884702
2.2010527,2.6389866
2.1477964,2.6872947
2.272467,2.5689776
2.3103957,2.6782353
2.207377,2.6104326
2.1284711,2.5606637
2.5074193,2.6372545
2.2208068,2.5983002
2.2078705,2.6978335
2.132663,2.5148005
2.1427531,2.699004
2.5082066,2.66535
2.3488402,2.5945506
2.311775,2.5570145
2.2363265,2.6712654
2.364491,2.6433713
2.1389363,2.5452328
2.3272355,2.6868503
2.12073,2.678933
2.245487,2.5347672
2.133318,2.6910434
2.1232927,2.5529375
2.3910089,2.632861
2.1451027,2.5779915
2.1145833,2.6364734
2.1040711,2.5269222
2.3884172,2.6013918
2.5172656,2.571083
2.2452712,2.5006638
2.4992833,2.6893635
2.321054,2.6231546
2.241357,2.5679693
2.273317,2.6969607
2.2111588,2.6261384
2.3464227,2.5451295
2.447099,2.504483
2.4891357,2.596128
2.263742,2.5301757
2.2531075,2.657583
2.2889683,2.604954
2.117229,2.6607974
2.5130224,2.6924963
2.343293,2.5366104
2.2047963,2.5605059
2.3246148,2.6225402
2.1539922,2.6562748
2.1532042,2.519155
2.106732,2.6521034
2.235423,2.5233853
2.3617406,2.5499344
2.3544407,2.5025766
2.126262,2.556517
2.2311976,2.6028419
2.2211893,2.6409292
2.457555,2.5720446
2.155942,2.6349204
2.2015915,2.6045637
2.1354215,2.577144
2.1547897,2.5749805
2.1122403,2.5510385
2.1261375,2.5825288
2.4814024,2.6321142
2.3892379,2.5835643
2.2247572,2.572637
2.1136487,2.6309867
2.1959808,2.6074822
2.2474546,2.669869
2.289915,2.6285467
2.1302001,2.502601
2.2678373,2.5125916
2.3014863,2.5080354
2.3472397,2.6598294
2.1590562,2.5044646
2.1431942,2.5402439
2.3350098,2.5988123
2.17675,2.6441536
2.1383808,2.6378326
2.2403708,2.627138
2.156354,2.6187239
2.3914464,2.613505
2.11759,2.6350484
2.2784379,2.5989075
2.1130564,2.5488386
2.1030507,2.5054452
2.1043007,2.6958382
2.397618,2.5264542
2.1365244,2.663736
2.3271942,2.62371
2.1192,2.528856
2.3303578,2.613019
2.1153402,2.6431348
2.1099317,2.6461072
2.3469539,2.6508684
2.5354738,2.577914
2.4058487,2.6518614
2.178354,2.6226182
2.124904,2.6215606
2.3455377,2.6063085
2.3892539,2.559063
2.2393923,2.5036192
2.4639897,2.6789672
2.33444,2.5274236
2.1167412,2.5387583
2.2906187,2.5777135
2.3437288,2.580702
2.3922033,2.5741591
2.5232258,2.6625295
2.536193,2.584743
2.1032028,2.6275303
2.1114688,2.668812
2.216795,2.5956864
2.1378849,2.5184252
2.1524339,2.5268905
2.3863077,2.6172862
2.2595623,2.691652
2.4661186,2.6671658
2.345694,2.5644069
2.30361,2.5440168
2.4699066,2.6142526
2.1460094,2.6608298
2.208915,2.5590506
2.416356,2.6212666
2.2758641,2.6411002
2.1428113,2.5694609
2.319705,2.661106
2.2359033,2.6066911
2.3500636,2.5807707
2.2786155,2.6922367
2.3238208,2.5572743
2.1985083,2.5571628
2.382557,2.602558
2.145116,2.5555336
2.1792102,2.536114
2.4694839,2.6639616
2.1411548,2.5946686
2.1434824,2.5000749
2.3844793,2.5675993
2.3068333,2.6670942
2.3064551,2.573307
2.2349696,2.6690154
2.2128544,2.5779896
2.3123248,2.613901
2.1911738,2.5060716
2.1368086,2.6100276
2.204522,2.67114
2.3977883,2.6837308
2.1810498,2.5981257
2.139703,2.6921191
2.1175075,2.5238328
2.227492,2.6016085
2.237516,2.599406
2.1075697,2.6200213
2.2544236,2.6217165
2.2848294,2.6506023
2.2392733,2.66639
2.2736967,2.501674
2.1530607,2.5386338
2.1400607,2.6432574
2.1697338,2.5310824
2.361298,2.6403139
2.2665598,2.518118
2.4332817,2.5205452
2.297758,2.6915076
2.2154422,2.5662217
2.2426186,2.5693748
2.1403072,2.5881336
2.456823,2.5545528
2.2479892,2.5336633
2.3412743,2.6375866
2.1325095,2.5036392
2.1484513,2.533538
2.2670047,2.678123
2.3294513,2.6263018
2.1166332,2.6033497
2.2065825,2.5676594
2.2053938,2.5613678
2.1417942,2.5781312
2.454225,2.6462395
2.2549534,2.621966
2.3766665,2.6753287
2.304733,2.5117862
2.1006975,2.5065694
2.3178978,2.6685452
2.1419768,2.5147886
2.1435995,2.5723538
2.113959,2.632675
2.3736246,2.6836038
2.500595,2.553419
2.1895485,2.669864
2.2555377,2.5236404
2.3814027,2.5185523
2.2853992,2.5477278
2.1109755,2.5225852
2.4213004,2.5325825
2.2167773,2.6236336
2.2172403,2.6017559
2.227926,2.5434098
2.1553593,2.6185102
2.1986609,2.639393
2.1729338,2.661072
2.2637658,2.687553
2.1259217,2.645054
2.3688078,2.5022514
2.3310914,2.6887498
2.4101248,2.5681906
2.1603992,2.647561
2.268781,2.5940359
2.1207836,2.6691296
2.2177596,2.6850195
2.204229,2.580889
2.153687,2.6164386
2.14123,2.5163414
2.1298134,2.5659583
2.1263359,2.6609902
2.5477896,2.511974
2.2188027,2.5212064
2.4692721,2.6675274
2.1288438,2.5127597
2.4758227,2.6717403
2.3578727,2.586394
2.1716986,2.5528972
2.208483,2.545696
2.3686433,2.6800714
2.3762138,2.5077624
2.1904345,2.6280997
2.1521804,2.6831028
2.4299412,2.5759525
2.1653345,2.5748754
2.1776037,2.5004153
2.1896882,2.5084586
2.1930857,2.5768287
2.3244386,2.5390403
2.319909,2.6256888
2.1622782,2.5453067
2.2146232,2.5423121
2.1840005,2.6086516
2.5196755,2.5816734
2.3478692,2.65574
2.346248,2.6375225
2.1239614,2.552308
2.257476,2.5438492
2.2714798,2.6806867
2.2764316,2.5079732
2.2527237,2.6083324
2.1407976,2.67999
2.4117947,2.5046124
2.2880745,2.596277
2.155135,2.540769
2.1055954,2.5576742
2.3775039,2.5946746
2.3580425,2.5123441
2.1305127,2.5765228
2.3295813,2.6293106
2.3111668,2.523227
2.1393979,2.5286307
2.1264791,2.681892
2.1296992,2.6495407
2.2698047,2.600103
2.1197248,2.5709198
2.2259688,2.6241744
2.1704257,2.5556371
2.260678,2.6162899
2.219679,2.6706004
2.2191048,2.6788104
2.15878,2.627196
2.1185925,2.5445483
2.1614523,2.5445483
2.5239573,2.6921637
2.1819825,2.5812237
2.169377,2.5072613
2.1310065,2.5440052
2.3533304,2.5379279
2.2852542,2.5088263
2.46069,2.6899405
2.4584396,2.5998602
2.1878922,2.6804903
2.1521864,2.6466799
2.3755965,2.6758785
2.107113,2.6727493
2.145217,2.6012347
2.2031696,2.6660724
2.2983568,2.5880206
2.105059,2.570277
2.2214158,2.5211682
2.1470206,2.509443
2.1087115,2.5091734
2.1938505,2.69626
2.1132615,2.561213
2.2520764,2.6455352
2.283589,2.5196707
2.5245204,2.610623
2.1051073,2.6296072
2.3287036,2.521828
2.2430105,2.5684042
2.4648128,2.63852
2.1985352,2.6195734
2.1292598,2.5493295
2.314565,2.6712527
2.198829,2.5141869
2.2758706,2.591145
2.1768284,2.6909316
2.1360505,2.604387
2.150023,2.501619
2.1124902,2.5104046
2.4895895,2.6092372
2.1365747,2.6386938
2.111577,2.5643258
2.1628559,2.508741
2.254622,2.5677142
2.1469855,2.566792
2.2744553,2.5050457
2.218507,2.5781136
2.1214936,2.5861843
2.3248787,2.6394684
2.1018732,2.506477
2.2602768,2.653911
2.268077,2.5412161
2.5064929,2.6216462
2.1018827,2.5724647
2.147623,2.6877694
2.2710693,2.6670113
2.4447691,2.6936846
2.3890915,2.650178
2.1587424,2.555901
2.1873982,2.5808556
2.1593451,2.503454
2.2636063,2.599503
2.2021375,2.5820365
2.1686165,2.690901
2.3986435,2.5654392
2.2143195,2.6398435
2.3604283,2.5556657
2.1284723,2.6918223
2.3231556,2.6704173
2.1384578,2.634168
2.29055,2.52883
2.2377372,2.6606283
2.2836602,2.6223028
2.429513,2.6002092
2.357625,2.6652782
2.1232274,2.5186431
2.1327503,2.6050465
2.1967819,2.5791972
2.1452713,2.6576433
2.4901361,2.5872269
2.1429348,2.6105645
2.2731435,2.610346
2.2827594,2.6589618
2.334674,2.6036835
2.3699682,2.551139
2.2850177,2.6445293
2.2076743,2.539929
2.1441352,2.518251
2.2056713,2.560322
2.2302685,2.5085757
2.2874439,2.6751125
2.4186308,2.5447888
2.172639,2.5901062
2.2404506,2.685274
2.3730361,2.5586655
2.3020518,2.5876997
2.275655,2.5881886
2.1233552,2.5344334
2.3199217,2.546002
2.126773,2.547653
2.121071,2.6355746
2.4494941,2.5829918
2.314856,2.5010881
2.4290197,2.6717956
2.1447494,2.6209867
2.147997,2.550828
2.377112,2.59147
2.1198487,2.5017667
2.2108686,2.5805132
2.2398643,2.6499956
2.260627,2.5409
2.1672456,2.563016
2.2427673,2.6802654
2.390169,2.5905213
2.4947147,2.5862694
2.1896324,2.622754
2.1444113,2.6155288
2.324099,2.62835
2.2065008,2.5593586
2.1092315,2.6192508
2.1295466,2.625639
2.1050138,2.5903554
2.289246,2.527655
2.2728932,2.5755725
2.2269711,2.6078098
2.361484,2.693308
2.2019963,2.6857698
2.1314998,2.5529752
2.543528,2.5732589
2.3228846,2.6451993
2.4125824,2.6271572
2.1557696,2.5387237
2.4574513,2.5957341
2.314733,2.5392096
2.2326221,2.570554
2.181384,2.612084
2.2045317,2.5144362
2.4414842,2.588056
2.2644367,2.5899153
2.2792397,2.5818295
2.135978,2.6629725
2.238924,2.5249116
2.2265093,2.6794055
2.1427944,2.6390157
2.1301892,2.5614283
2.1644828,2.6035972
2.1157146,2.5509083
2.1983902,2.697344
2.1803067,2.6085413
2.2031364,2.6828382
2.2256167,2.5433779
2.1416938,2.5967882
2.1146197,2.6479127
2.2013366,2.6931176
2.3803828,2.5843344
2.1244073,2.6968956
2.3464034,2.6600282
2.2267094,2.6521556
2.4742885,2.6337142
2.1067638,2.5091302
2.1820512,2.6245809
2.2025824,2.5427938
2.1204526,2.5511568
2.1497045,2.6039402
2.4774506,2.6751256
2.1457112,2.5794115
2.2499166,2.6388042
2.2151926,2.5368216
2.1986308,2.606862
2.3230715,2.54599
2.5446742,2.607588
2.246551,2.569105
2.20405,2.5952263
2.171924,2.5677786
2.4211705,2.5918698
2.3667412,2.5435808
2.4287384,2.5118375
2.297759,2.5243566
2.4721487,2.5551596
2.177622,2.6508884
2.2942815,2.651343
2.4547622,2.600797
2.283236,2.6063871
2.3566697,2.6991515
2.2005036,2.6953156
2.204233,2.6903734
2.1143224,2.689397
2.2901802,2.585433
2.2014873,2.69083
2.4867082,2.5202332
2.2642713,2.510049
2.230827,2.5323608
2.110231,2.572158
2.2125216,2.6594896
2.322614,2.692848
2.1153955,2.5687733
2.143197,2.5321898
2.5178375,2.6058378
2.2634466,2.6320734
2.1335692,2.5004997
2.2763052,2.6965694
2.1881933,2.6380537
2.2597094,2.538768
2.1253827,2.638187
2.1507149,2.505769
2.1835237,2.6230032
2.4064736,2.6557367
2.1188378,2.6176255
2.3815284,2.6626692
2.1310406,2.6598418
2.4343681,2.5414388
2.2979248,2.6227021
2.2621064,2.5409064
2.3134606,2.5597794
2.1475766,2.5071278
2.3382998,2.5721192
2.4328306,2.5325315
2.2868636,2.5032597
2.178446,2.5079055
2.2623115,2.5146737
2.174542,2.6275122
2.1341205,2.5351143
2.5431576,2.626514
2.1990962,2.5929022
2.1924562,2.6106622
2.154938,2.5046682
2.1379194,2.5078037
2.2914555,2.5381417
2.143019,2.5528808
2.1393385,2.6711893
2.2815056,2.6586378
2.3672318,2.5743515
2.3343635,2.5324466
2.301591,2.584921
2.12504,2.6889837
2.1590774,2.6908977
2.121119,2.6324153
2.345533,2.5630794
2.1209428,2.5056875
2.2259426,2.523686
2.3302946,2.5111766
2.3283021,2.619078
2.4250743,2.6892114
2.2109501,2.5357149
2.5409174,2.5612125
2.5281289,2.5100865
2.1561096,2.5719357
2.3807936,2.635122
2.2625136,2.5112216
2.186516,2.5414798
2.108088,2.6346025
2.2309248,2.6090062
2.1196382,2.505607
2.4684308,2.5908964
2.16375,2.5187776
2.3207767,2.6660495
2.171412,2.5821679
2.1296048,2.5650382
2.263501,2.6213584
2.4515166,2.5674844
2.100347,2.5505004
2.3755548,2.5079265
2.1037009,2.6340399
2.157394,2.5495157
2.204032,2.6995015
2.2130969,2.6517274
2.1273372,2.6979723
2.1230266,2.5837536
2.199477,2.5332391
2.1605973,2.6298485
2.5392327,2.6424842
2.1337905,2.6132529
2.509048,2.5638697
2.2169156,2.699266
2.1735039,2.5748353
2.1076229,2.6723337
2.2264621,2.5487442
2.4638312,2.6261168
2.1254656,2.6676292
2.1998858,2.6597106
2.1773934,2.6269875
2.237698,2.570959
2.1399448,2.6499
2.1428604,2.676882
2.1764486,2.540416
2.2339675,2.6984377
2.3167584,2.5624971
2.137938,2.5657742
2.4135084,2.576409
2.2951438,2.6527123
2.2394474,2.5571475
2.2020428,2.6520183
2.2595074,2.6812987
2.1062198,2.6260076
2.2275898,2.618308
2.125726,2.5388484
2.2412064,2.516135
2.211813,2.5524535
2.5007567,2.6828313
2.1413968,2.6841185
2.35218,2.6648989
2.134165,2.5517116
2.105611,2.641396
2.193328,2.536139
2.1460114,2.546944
2.2269874,2.6796548
2.1474082,2.6200454
2.1216373,2.5417566
2.3517635,2.5242324
2.1072993,2.588162
2.1564183,2.6230373
2.5055869,2.6387374
2.3641303,2.603564
2.1781332,2.6974437
2.2945416,2.6578093
2.4371781,2.5961733
2.1739612,2.553044
2.118984,2.651656
2.300177,2.5665474
2.200033,2.536818
2.1685362,2.5538754
2.540365,2.653
2.1814883,2.6540716
2.297807,2.5073159
2.5024447,2.5735068
2.2357635,2.538987
2.3174696,2.6902328
2.263892,2.5284975
2.1764927,2.6409216
2.363817,2.5332246
2.2344904,2.6933868
2.26918,2.6848223
2.127022,2.6255152
2.2136998,2.690075
2.15123,2.6521926
2.224855,2.6373398
2.1807232,2.613898
2.2493978,2.6899438
2.296011,2.550694
2.4476173,2.6693137
2.167404,2.5936835
2.1843393,2.653176
2.2727866,2.653176
2.1470966,2.5757601
2.117591,2.5121462
2.227451,2.6064944
2.3951118,2.568239
2.1156654,2.6645188
2.1487155,2.5831063
2.2615664,2.5399067
2.5427837,2.5638123
2.1195033,2.6753201
2.4662023,2.6517045
2.3616493,2.6409087
2.5264661,2.5084436
2.1436644,2.5293064
2.112468,2.5026908
2.1134071,2.6967976
2.127522,2.5187645
2.203036,2.633489
2.2674067,2.5093272
2.2437954,2.5238588
2.1269162,2.6144683
2.4465945,2.6864176
2.4522405,2.529134
2.115883,2.6296048
2.328232,2.5155513
2.4122496,2.5059946
2.2878795,2.6743608
2.2786047,2.5081043
2.341702,2.557956
2.268099,2.5386794
2.481434,2.5030584
2.1646018,2.5398211
2.2139237,2.622951
2.1054068,2.606775
2.2594407,2.5808825
2.3852284,2.690158
2.410309,2.5835185
2.4202292,2.6915932
2.2341964,2.6071284
2.2871804,2.6397312
2.1536872,2.6567535
2.2107089,2.5430539
2.2685516,2.6460443
2.1170835,2.6472306
2.1146662,2.6522892
2.444376,2.5739195
2.1078932,2.692165
2.3576732,2.6115427
2.2957804,2.5532343
2.1504343,2.5225756
2.5301857,2.5398543
2.385466,2.591767
2.1886292,2.6836958
2.1242104,2.6742222
2.1356335,2.5444515
2.3528352,2.5278912
2.2317452,2.5776784
2.2137015,2.649054
2.1014016,2.5873337
2.208807,2.5121908
2.1126995,2.6562133
2.1352594,2.5101376
2.114014,2.6494944
2.1947932,2.5019145
2.2873707,2.6731737
2.345966,2.6176503
2.2459645,2.5975103
2.12356,2.545363
2.2384028,2.5162508
2.114148,2.6229608
2.2684195,2.554647
2.216771,2.552963
2.4506943,2.6801913
2.1885834,2.664304
2.1721513,2.5317004
2.4100177,2.5394957
2.1834307,2.6813827
2.2084494,2.642787
2.2635112,2.6282597
2.3760326,2.5029142
2.132736,2.5591278
2.1258767,2.5043108
2.210449,2.6835985
2.2010539,2.6515224
2.1908536,2.531561
2.536386,2.617968
2.420809,2.563914
2.1664526,2.6813014
2.3391588,2.6986103
2.210619,2.5889392
2.3337379,2.6812186
2.109625,2.6939197
2.124543,2.5044324
2.2500248,2.5240037
2.2631755,2.5057437
2.1296928,2.5472412
2.137511,2.5664241
2.191532,2.54777
2.1334257,2.6184113
2.2230115,2.5202765
2.1287215,2.5596008
2.2830248,2.59931
2.1537938,2.5429459
2.3800125,2.5840583
2.3135626,2.5300424
2.1266477,2.5750148
2.1055148,2.5824964
2.2513003,2.590622
2.2299657,2.629416
2.281877,2.6938512
2.1517031,2.651178
2.326623,2.6182742
2.113747,2.6352162
2.3344548,2.6858177
2.3192348,2.5094357
2.2118175,2.622301
2.3316278,2.57236
2.256531,2.6090734
2.3584275,2.5876691
2.2127085,2.6926615
2.1081042,2.6414158
2.1659114,2.5386152
2.1631453,2.6442928
2.208766,2.5301623
2.1665907,2.6039314
2.2224343,2.5044217
2.1786897,2.5801542
2.1876843,2.601134
2.1099455,2.682228
2.1066964,2.6612487
2.2393823,2.5987632
2.1665585,2.5924358
2.4864073,2.5028093
2.1788979,2.559531
2.1407707,2.6351008
2.1336365,2.6667132
2.17541,2.6930053
2.3843322,2.526363
2.1121209,2.6871884
2.454116,2.676605
2.2837276,2.5416718
2.2042046,2.648485
2.1018562,2.5214894
2.146244,2.6942284
2.230678,2.6268594
2.3125324,2.538977
2.5427253,2.6616538
2.1441927,2.6894069
2.523101,2.5632603
2.355713,2.6705098
2.1509626,2.5548162
2.457181,2.6340976
2.3983335,2.6026397
2.1527975,2.6364224
2.203419,2.685176
2.1529438,2.6329465
2.499223,2.6404414
2.203279,2.5712123
2.1001709,2.584156
2.3485966,2.666044
2.2625546,2.6259136
2.1005156,2.6967974
2.404979,2.6769438
2.1566274,2.6883187
2.228325,2.6200562
2.1162798,2.680777
2.1930687,2.6414294
2.1313927,2.6702733
2.118082,2.5902982
2.1024601,2.6363394
2.2188103,2.646368
2.3255877,2.5096972
2.1475937,2.5816798
2.3461912,2.699808
2.329485,2.6484203
2.2524903,2.677265
2.284148,2.640621
2.2094388,2.6466167
2.315267,2.5280917
2.1697416,2.6570988
2.5415168,2.5477445
2.519935,2.598747
2.3885393,2.683709
2.426337,2.5501304
2.3441093,2.611589
2.1203728,2.5886137
2.221639,2.5116274
2.123045,2.552624
2.1129272,2.5121117
2.1941416,2.5973103
2.2302742,2.6651707
2.2424693,2.6026187
2.391341,2.6435835
2.1396894,2.6729722
2.160316,2.562642
2.1598725,2.6236417
2.4431581,2.5700412
2.309227,2.655847
2.1356049,2.5611298
2.1718328,2.5796328
2.378895,2.65146
2.2822351,2.5604315
2.1508963,2.5161755
2.4749014,2.559249
2.1056137,2.6073465
2.124051,2.5367992
2.433239,2.6594472
2.3564198,2.5239818
2.2643745,2.5204434
2.2413573,2.664444
2.4487638,2.643
2.134711,2.621066
2.2962399,2.614118
2.3652217,2.5132484
2.3059518,2.5090506
2.307073,2.5336034
2.3477597,2.5428948
2.1161287,2.6285956
2.1302254,2.591899
2.1251204,2.6653013
2.2991812,2.59446
2.1889002,2.5982401
2.2948732,2.629648
2.1376595,2.5694683
2.3550239,2.5057356
2.188512,2.670393
2.122741,2.6319659
2.1268344,2.6070218
2.3174508,2.6014915
2.3065715,2.581799
2.5212297,2.5941675
2.1254578,2.536492
2.2602746,2.513068
2.129218,2.6358287
2.1104612,2.6174622
2.32494,2.573526
2.1745718,2.6738398
2.1222856,2.5923674
2.1105847,2.553617
2.1945128,2.654024
2.5125499,2.6586056
2.1293776,2.5930197
2.3016815,2.52811
2.3272069,2.5612233
2.1700132,2.6342683
2.4557073,2.6732936
2.282955,2.5818274
2.158333,2.5762734
2.3007467,2.5446322
2.1126225,2.688282
2.3853843,2.6993127
2.1305401,2.5711687
2.3632462,2.5335777
2.1023428,2.5744731
2.192479,2.516601
2.1045828,2.6220243
2.1381137,2.6804447
2.2728348,2.5655298
2.3289397,2.5185893
2.3558552,2.542832
2.3369994,2.588277
2.328459,2.548396
2.133904,2.6086001
2.175716,2.5845025
2.5472217,2.627097
2.2020495,2.6571896
2.4763129,2.6912255
2.3073168,2.6223278
2.2981331,2.531413
2.2321355,2.6703603
2.3782594,2.524795
2.2727027,2.5485997
2.1718616,2.6671145
2.214575,2.5665655
2.106889,2.5010982
2.1652207,2.5579112
2.2923646,2.5731592
2.2627904,2.5755308
2.4574263,2.614193
2.5299766,2.5043597
2.3751578,2.5133932
2.1673412,2.5843287
2.4107254,2.6159832
2.166976,2.6518834
2.2362452,2.6023145
2.1124816,2.678345
2.506771,2.6380823
2.2279425,2.569884
2.1898448,2.6782832
2.1437638,2.561856
2.1133332,2.5687456
2.4087896,2.6325817
2.4562328,2.5013227
2.2238123,2.6460257
2.4323134,2.6800244
2.1052856,2.6715856
2.3270595,2.5399098
2.4292367,2.5574026
2.18387,2.5305588
2.2056513,2.5147145
2.114023,2.509411
2.2056754,2.5520291
2.1206965,2.5993116
2.1221926,2.506668
2.4402745,2.5792322
2.1245525,2.5293076
2.492376,2.5697136
2.3562784,2.5600715
2.194104,2.691187
2.1106577,2.5351267
2.286088,2.6342132
2.223077,2.6664689
2.3403578,2.614685
2.2014177,2.5661042
2.1160936,2.5457618
2.1363528,2.622457
2.4636512,2.5738635
2.1797533,2.5091414
2.1758776,2.5938072
2.110485,2.6545155
2.209411,2.5097654
2.109226,2.5134835
2.1104422,2.6798759
2.2845967,2.5783925
2.1825852,2.6854901
2.143091,2.5088918
2.1099532,2.6428993
2.144698,2.6327462
2.3350008,2.6144676
2.337332,2.657769
2.1492112,2.5208385
2.1607382,2.6915925
2.4715164,2.51057
2.2597206,2.6197174
2.209398,2.579011
2.328766,2.6920886
2.1643314,2.588706
2.255506,2.5594237
2.1563542,2.669088
2.223058,2.5611677
2.1329618,2.5405233
2.1615376,2.5913143
2.3002746,2.6337645
2.1679204,2.5295973
2.1681252,2.66888
2.397793,2.6170816
2.2116315,2.6224089
2.530809,2.5477931
2.4492831,2.637971
2.246158,2.66868
2.4055798,2.6032107
2.2488258,2.535785
2.410107,2.5451024
2.3880653,2.5848866
2.5421126,2.6543512
2.1835732,2.508574
2.140673,2.6933398
2.3752494,2.6885998
2.337798,2.5437672
2.3674185,2.6640358
2.1175413,2.5854836
2.172367,2.5341516
2.1866782,2.533412
2.4240704,2.6887832
2.244677,2.6263976
2.2345564,2.5871096
2.2445397,2.6038918
2.1972466,2.5341837
2.2524242,2.5698197
2.1375813,2.555861
2.2376401,2.6107183
2.2053218,2.5336528
2.345226,2.680593
2.1102154,2.6655922
2.2883055,2.5767903
2.1425245,2.5560372
2.1033833,2.587766
2.2065244,2.5758817
2.1644561,2.5524771
2.112188,2.6066518
2.2132375,2.6300497
2.146832,2.5447156
2.1826777,2.6027603
2.2848055,2.6654308
2.1898685,2.6123347
2.4933908,2.5534313
2.1179848,2.5052133
2.3396242,2.5663404
2.1586835,2.6488626
2.1310909,2.53105
2.1776052,2.57876
2.1787057,2.5871449
2.1132174,2.6332755
2.4326613,2.52559
2.4108832,2.64172
2.167277,2.6190188
2.1168568,2.6414943
2.1275024,2.5211494
2.1306863,2.5328941
2.253308,2.6531115
2.3146913,2.6871345
2.1586106,2.5576434
2.181298,2.601831
2.1570554,2.6836197
2.3126671,2.641119
2.2529287,2.6103601
2.2475777,2.5093355
2.1667624,2.5457754
2.1004817,2.6035402
2.1152155,2.632844
2.1618373,2.622932
2.3579223,2.516164
2.1281514,2.605731
2.2071064,2.5943644
2.1408148,2.627635
2.246965,2.5595243
2.4670398,2.647848
2.5117023,2.6781597
2.2845345,2.5724306
2.4088206,2.660068
2.1751242,2.6477642
2.3843002,2.6072075
2.3296154,2.6200519
2.2185676,2.6524127
2.247852,2.6147876
2.146141,2.5303464
2.3606532,2.6586761
2.1498253,2.6138885
2.5178442,2.5243511
2.4190845,2.5482285
2.2019978,2.6493928
2.2240202,2.53314
2.1624475,2.5342104
2.1261492,2.5160477
2.1394718,2.5987334
2.114195,2.5482404
2.2578883,2.5194876
2.3911753,2.5615945
2.5290308,2.5628848
2.3612366,2.6708827
2.5175798,2.516752
2.1928737,2.6639378
2.174279,2.6562612
2.1412382,2.5296526
2.162144,2.6671858
2.187109,2.6283922
2.4432657,2.6480052
2.1335332,2.5834868
2.3969393,2.5279315
2.1655328,2.594656
2.116501,2.5787482
2.5244577,2.5951397
2.251902,2.6325738
2.1296084,2.6101062
2.1385257,2.503802
2.2662423,2.5121684
2.4124737,2.6187923
2.1909301,2.5556204
2.194346,2.5306334
2.4775329,2.5411873
2.2150235,2.6362786
2.137666,2.5097907
2.1275043,2.6184533
2.2447248,2.5689476
2.4950771,2.6621392
2.334354,2.5180676
2.4542127,2.509525
2.5025854,2.5322042
2.239393,2.6167588
2.1662822,2.5191329
2.3202732,2.68362
2.4538736,2.6668706
2.1614323,2.535611
2.1215794,2.5191648
2.1896474,2.5292504
2.1770713,2.5116682
2.1752656,2.5080636
2.2168102,2.635766
2.121864,2.6927745
2.2822323,2.5454633
2.1130385,2.5470912
2.288108,2.529769
2.1097105,2.5898085
2.388353,2.5477612
2.5226755,2.5907612
2.1634655,2.6965582
2.2971559,2.6100228
2.2159839,2.610767
2.1575732,2.5498831
2.4967039,2.6785026
2.3367918,2.5201612
2.199878,2.6686306
2.1627536,2.5116236
2.1762288,2.6608834
2.2000237,2.5904064
2.204341,2.5060542
2.2531798,2.5137405
2.3884666,2.5796094
2.1712327,2.6943676
2.2216868,2.5566828
2.4617789,2.6236095
2.3748653,2.6860964
2.1707842,2.5786986
2.2267613,2.5704772
2.318926,2.6761935
2.2080007,2.6890795
2.3038833,2.6193879
2.1597502,2.5330045
2.3852856,2.6229472
2.3435285,2.648373
